task_id	hash	native_id	name	status	exit	submit	duration	realtime	%cpu	peak_rss	peak_vmem	rchar	wchar
1	6f/17f9fb	3289481	CHECK_INPUT (dir:sample_100)	COMPLETED	0	2026-04-15 13:55:55.332	2.9s	2.7s	196.2%	84.8 MB	8.3 GB	22 MB	11.1 MB
3	ef/616839	3289841	GLIMMER3	COMPLETED	0	2026-04-15 13:55:58.214	8.3s	8.1s	99.1%	16.8 MB	19.8 MB	7 MB	4.2 MB
4	27/173fd9	3290902	CONCAT_GLIMMER	COMPLETED	0	2026-04-15 13:56:06.496	1.6s	1.4s	492.2%	87.4 MB	8.3 GB	14.2 MB	185.7 KB
5	6d/fceacb	3291301	FILTER_GLIMMER	COMPLETED	0	2026-04-15 13:56:08.105	824ms	634ms	753.8%	9.7 MB	14.9 MB	14.1 MB	185.7 KB
2	15/fc6703	3289847	PRODIGAL	COMPLETED	0	2026-04-15 13:55:58.219	31.9s	31.7s	99.5%	60.7 MB	857.5 MB	5.7 MB	176.3 KB
6	9c/be244d	3291822	CONCAT_PRODIGAL	COMPLETED	0	2026-04-15 13:56:30.107	1.6s	1.4s	419.6%	84.7 MB	8.3 GB	14.1 MB	186.8 KB
7	d5/37d6fd	3292119	PROCESSING	COMPLETED	0	2026-04-15 13:56:31.682	2.8s	2.6s	271.3%	79.9 MB	8.3 GB	19.8 MB	500.7 KB
8	e3/985b6e	3292472	EXTRACT_TRANSLATE_ORFS	COMPLETED	0	2026-04-15 13:56:34.542	2.9s	2.7s	253.1%	88 MB	8.3 GB	22.5 MB	14.4 MB
10	6e/16beb7	3292865	CONCAT_PROTEINS	COMPLETED	0	2026-04-15 13:56:37.540	544ms	133ms	40.1%	9.8 MB	14.9 MB	2.8 MB	1.9 MB
9	34/528b6f	3292871	REORGANIZE_TABLE	COMPLETED	0	2026-04-15 13:56:37.552	1.3s	906ms	782.6%	9.8 MB	14.9 MB	21.2 MB	7.2 MB
11	dd/7cf399	3293465	CLUSTERING	COMPLETED	0	2026-04-15 13:56:38.097	11.5s	11.4s	977.4%	2.3 GB	57.4 GB	6.8 MB	18.3 MB
12	cf/99df63	3299292	PCS2PROTEINS	COMPLETED	0	2026-04-15 13:56:49.643	805ms	611ms	966.8%	9.7 MB	14.9 MB	14.2 MB	395.6 KB
13	72/3f1526	3299535	PREPARE_A3M	COMPLETED	0	2026-04-15 13:56:50.461	3.6s	3.4s	350.0%	1.7 GB	269.8 GB	18.6 MB	4 MB
19	c8/aefd50	3300741	BUILD_FFINDEX (chunk_c8aefd50)	COMPLETED	0	2026-04-15 13:56:54.845	331ms	20ms	58.4%	3.4 MB	4.4 MB	120.6 KB	28.1 KB
17	f2/7f4cd7	3300754	BUILD_FFINDEX (chunk_f27f4cd7)	COMPLETED	0	2026-04-15 13:56:54.869	337ms	20ms	88.2%	3.3 MB	4.4 MB	125.7 KB	33.2 KB
23	a4/b92abf	3300783	BUILD_FFINDEX (chunk_a4b92abf)	COMPLETED	0	2026-04-15 13:56:54.889	358ms	22ms	77.4%	3.4 MB	4.4 MB	115 KB	22.5 KB
15	8e/a381cc	3300833	BUILD_FFINDEX (chunk_8ea381cc)	COMPLETED	0	2026-04-15 13:56:54.914	347ms	21ms	54.1%	3.4 MB	4.4 MB	139.9 KB	47.4 KB
26	ff/bbaa30	3300920	BUILD_FFINDEX (chunk_ffbbaa30)	COMPLETED	0	2026-04-15 13:56:54.949	359ms	21ms	79.4%	3.4 MB	4.4 MB	112.7 KB	20.2 KB
14	eb/2dcece	3301013	BUILD_FFINDEX (chunk_eb2dcece)	COMPLETED	0	2026-04-15 13:56:54.976	370ms	20ms	54.6%	3.4 MB	4.4 MB	171.5 KB	79 KB
16	74/89ac53	3301116	BUILD_FFINDEX (chunk_7489ac53)	COMPLETED	0	2026-04-15 13:56:55.000	363ms	21ms	83.1%	0	0	130.8 KB	38.3 KB
18	3d/128d2f	3301228	BUILD_FFINDEX (chunk_3d128d2f)	COMPLETED	0	2026-04-15 13:56:55.021	391ms	27ms	41.4%	3.3 MB	4.4 MB	123.3 KB	30.8 KB
25	30/32ed9e	3301338	BUILD_FFINDEX (chunk_3032ed9e)	COMPLETED	0	2026-04-15 13:56:55.044	396ms	25ms	47.9%	3.4 MB	4.4 MB	113.5 KB	21 KB
32	48/06c078	3301439	BUILD_FFINDEX (chunk_4806c078)	COMPLETED	0	2026-04-15 13:56:55.063	415ms	24ms	71.0%	0	0	109.3 KB	16.8 KB
29	9f/b50e1e	3301540	BUILD_FFINDEX (chunk_9fb50e1e)	COMPLETED	0	2026-04-15 13:56:55.081	409ms	27ms	85.4%	3.3 MB	4.4 MB	110.7 KB	18.2 KB
22	18/ef94d2	3301690	BUILD_FFINDEX (chunk_18ef94d2)	COMPLETED	0	2026-04-15 13:56:55.105	441ms	26ms	64.1%	3.3 MB	4.4 MB	116.1 KB	23.6 KB
37	3d/337c9f	3301840	BUILD_FFINDEX (chunk_3d337c9f)	COMPLETED	0	2026-04-15 13:56:55.123	446ms	29ms	37.1%	3.3 MB	4.4 MB	107.3 KB	14.7 KB
33	6e/423410	3301951	BUILD_FFINDEX (chunk_6e423410)	COMPLETED	0	2026-04-15 13:56:55.137	441ms	26ms	43.2%	3.3 MB	4.4 MB	108.8 KB	16.3 KB
20	db/fc06d9	3302078	BUILD_FFINDEX (chunk_dbfc06d9)	COMPLETED	0	2026-04-15 13:56:55.150	441ms	30ms	59.8%	3.4 MB	4.4 MB	118.8 KB	26.3 KB
35	d7/e7eeac	3302490	BUILD_FFINDEX (chunk_d7e7eeac)	COMPLETED	0	2026-04-15 13:56:55.194	417ms	25ms	62.3%	0	0	108 KB	15.5 KB
30	17/a0886b	3302230	BUILD_FFINDEX (chunk_17a0886b)	COMPLETED	0	2026-04-15 13:56:55.166	496ms	30ms	56.9%	3.3 MB	4.4 MB	110.1 KB	17.6 KB
38	c8/c685bd	3302623	BUILD_FFINDEX (chunk_c8c685bd)	COMPLETED	0	2026-04-15 13:56:55.206	464ms	30ms	36.8%	0	0	106.9 KB	14.4 KB
62	aa/3c8166	3302913	BUILD_FFINDEX (chunk_aa3c8166)	COMPLETED	0	2026-04-15 13:56:55.235	452ms	34ms	41.5%	0	0	102.4 KB	9.9 KB
40	44/bf5228	3302347	BUILD_FFINDEX (chunk_44bf5228)	COMPLETED	0	2026-04-15 13:56:55.178	523ms	30ms	38.9%	3.4 MB	4.4 MB	106.4 KB	13.9 KB
39	39/7703ab	3302773	BUILD_FFINDEX (chunk_397703ab)	COMPLETED	0	2026-04-15 13:56:55.220	506ms	40ms	41.1%	0	0	106.7 KB	14.1 KB
21	7c/9db248	3303070	BUILD_FFINDEX (chunk_7c9db248)	COMPLETED	0	2026-04-15 13:56:55.251	525ms	45ms	42.9%	3.3 MB	4.4 MB	117.2 KB	24.7 KB
36	2b/63255b	3303251	BUILD_FFINDEX (chunk_2b63255b)	COMPLETED	0	2026-04-15 13:56:55.267	548ms	31ms	51.8%	3.3 MB	4.4 MB	107.6 KB	15.1 KB
24	d1/d7f980	3303433	BUILD_FFINDEX (chunk_d1d7f980)	COMPLETED	0	2026-04-15 13:56:55.286	579ms	50ms	34.7%	3.4 MB	4.4 MB	114.2 KB	21.7 KB
34	d8/d61b28	3303805	BUILD_FFINDEX (chunk_d8d61b28)	COMPLETED	0	2026-04-15 13:56:55.318	583ms	34ms	42.1%	0	0	108.4 KB	15.9 KB
31	c4/6ca71e	3303726	BUILD_FFINDEX (chunk_c46ca71e)	COMPLETED	0	2026-04-15 13:56:55.312	598ms	44ms	25.7%	3.3 MB	4.4 MB	109.7 KB	17.1 KB
28	b9/88e898	3303876	BUILD_FFINDEX (chunk_b988e898)	COMPLETED	0	2026-04-15 13:56:55.323	590ms	39ms	52.5%	3.3 MB	4.4 MB	111.3 KB	18.8 KB
51	70/7685ee	3304125	BUILD_FFINDEX (chunk_707685ee)	COMPLETED	0	2026-04-15 13:56:55.342	606ms	39ms	45.6%	0	0	104.2 KB	11.6 KB
41	14/7c11ae	3303923	BUILD_FFINDEX (chunk_147c11ae)	COMPLETED	0	2026-04-15 13:56:55.327	637ms	53ms	23.0%	0	0	106.2 KB	13.7 KB
42	93/6eb390	3304319	BUILD_FFINDEX (chunk_936eb390)	COMPLETED	0	2026-04-15 13:56:55.358	606ms	30ms	38.0%	0	0	106 KB	13.5 KB
52	77/4cfce5	3304805	BUILD_FFINDEX (chunk_774cfce5)	COMPLETED	0	2026-04-15 13:56:55.389	585ms	40ms	60.0%	0	0	104 KB	11.5 KB
27	47/4460f6	3303659	BUILD_FFINDEX (chunk_474460f6)	COMPLETED	0	2026-04-15 13:56:55.306	674ms	34ms	48.9%	0	0	112 KB	19.5 KB
46	60/5b445c	3304065	BUILD_FFINDEX (chunk_605b445c)	COMPLETED	0	2026-04-15 13:56:55.338	651ms	33ms	33.0%	0	0	105.1 KB	12.5 KB
43	d9/624da7	3304168	BUILD_FFINDEX (chunk_d9624da7)	COMPLETED	0	2026-04-15 13:56:55.347	661ms	32ms	29.6%	0	0	105.8 KB	13.2 KB
49	eb/4b1601	3304263	BUILD_FFINDEX (chunk_eb4b1601)	COMPLETED	0	2026-04-15 13:56:55.354	657ms	33ms	64.9%	0	0	104.5 KB	11.9 KB
53	15/e147e0	3304731	BUILD_FFINDEX (chunk_15e147e0)	COMPLETED	0	2026-04-15 13:56:55.384	629ms	26ms	49.2%	0	0	103.8 KB	11.3 KB
44	36/977d10	3303990	BUILD_FFINDEX (chunk_36977d10)	COMPLETED	0	2026-04-15 13:56:55.331	694ms	32ms	47.7%	3.2 MB	4.4 MB	105.6 KB	13 KB
56	46/50991a	3304954	BUILD_FFINDEX (chunk_4650991a)	COMPLETED	0	2026-04-15 13:56:55.399	653ms	50ms	47.2%	0	0	103.3 KB	10.8 KB
48	85/3f9b9d	3304440	BUILD_FFINDEX (chunk_853f9b9d)	COMPLETED	0	2026-04-15 13:56:55.364	696ms	45ms	39.3%	3.4 MB	4.4 MB	104.7 KB	12.1 KB
50	82/546e1a	3304591	BUILD_FFINDEX (chunk_82546e1a)	COMPLETED	0	2026-04-15 13:56:55.375	696ms	38ms	39.3%	3.3 MB	4.4 MB	104.3 KB	11.8 KB
55	fa/a6a212	3304894	BUILD_FFINDEX (chunk_faa6a212)	COMPLETED	0	2026-04-15 13:56:55.395	679ms	28ms	52.8%	0	0	103.5 KB	11 KB
47	7a/b85cb6	3304522	BUILD_FFINDEX (chunk_7ab85cb6)	COMPLETED	0	2026-04-15 13:56:55.370	712ms	44ms	39.8%	0	0	104.9 KB	12.3 KB
60	5f/55dc62	3305044	BUILD_FFINDEX (chunk_5f55dc62)	COMPLETED	0	2026-04-15 13:56:55.403	709ms	28ms	29.2%	0	0	102.7 KB	10.1 KB
57	bb/82f079	3305649	BUILD_FFINDEX (chunk_bb82f079)	COMPLETED	0	2026-04-15 13:56:55.442	675ms	32ms	29.7%	0	0	103.2 KB	10.7 KB
58	26/35f57b	3305124	BUILD_FFINDEX (chunk_2635f57b)	COMPLETED	0	2026-04-15 13:56:55.408	735ms	33ms	36.3%	0	0	103 KB	10.5 KB
45	16/5fe06b	3304681	BUILD_FFINDEX (chunk_165fe06b)	COMPLETED	0	2026-04-15 13:56:55.380	774ms	60ms	28.4%	0	0	105.3 KB	12.8 KB
66	9b/b72d5c	3306043	BUILD_FFINDEX (chunk_9bb72d5c)	COMPLETED	0	2026-04-15 13:56:55.466	688ms	33ms	41.8%	0	0	101.8 KB	9.3 KB
61	61/66fd0d	3305451	BUILD_FFINDEX (chunk_6166fd0d)	COMPLETED	0	2026-04-15 13:56:55.413	741ms	35ms	47.0%	0	0	102.5 KB	10 KB
69	fd/08d6b9	3306480	BUILD_FFINDEX (chunk_fd08d6b9)	COMPLETED	0	2026-04-15 13:56:55.489	683ms	34ms	55.5%	0	0	101.6 KB	9.1 KB
68	73/d5af33	3306345	BUILD_FFINDEX (chunk_73d5af33)	COMPLETED	0	2026-04-15 13:56:55.482	710ms	39ms	31.8%	0	0	101.7 KB	9.2 KB
59	0e/131aeb	3306152	BUILD_FFINDEX (chunk_0e131aeb)	COMPLETED	0	2026-04-15 13:56:55.472	743ms	62ms	21.9%	0	0	102.8 KB	10.3 KB
63	f5/a9b268	3305755	BUILD_FFINDEX (chunk_f5a9b268)	COMPLETED	0	2026-04-15 13:56:55.447	768ms	39ms	46.9%	3.3 MB	4.4 MB	102.2 KB	9.7 KB
54	a7/a77e4e	3305581	BUILD_FFINDEX (chunk_a7a77e4e)	COMPLETED	0	2026-04-15 13:56:55.437	783ms	56ms	45.8%	0	0	103.6 KB	11.1 KB
72	80/228311	3307090	BUILD_FFINDEX (chunk_80228311)	COMPLETED	0	2026-04-15 13:56:55.520	723ms	55ms	29.3%	0	0	101.3 KB	8.8 KB
65	54/09c2f3	3305939	BUILD_FFINDEX (chunk_5409c2f3)	COMPLETED	0	2026-04-15 13:56:55.459	771ms	46ms	49.0%	3.4 MB	4.4 MB	102 KB	9.4 KB
64	86/167a6b	3305815	BUILD_FFINDEX (chunk_86167a6b)	COMPLETED	0	2026-04-15 13:56:55.452	789ms	33ms	46.1%	0	0	102.1 KB	9.5 KB
74	05/39810c	3307285	BUILD_FFINDEX (chunk_0539810c)	COMPLETED	0	2026-04-15 13:56:55.531	729ms	37ms	39.2%	0	0	101.1 KB	8.6 KB
75	85/48eff8	3307370	BUILD_FFINDEX (chunk_8548eff8)	COMPLETED	0	2026-04-15 13:56:55.536	729ms	51ms	36.9%	3.4 MB	4.4 MB	101 KB	8.5 KB
78	25/dfe637	3307581	BUILD_FFINDEX (chunk_25dfe637)	COMPLETED	0	2026-04-15 13:56:55.546	722ms	29ms	25.2%	0	0	100.8 KB	8.3 KB
70	ad/4c0549	3306848	BUILD_FFINDEX (chunk_ad4c0549)	COMPLETED	0	2026-04-15 13:56:55.507	775ms	30ms	30.0%	0	0	101.5 KB	9 KB
67	57/cd2fb2	3306236	BUILD_FFINDEX (chunk_57cd2fb2)	COMPLETED	0	2026-04-15 13:56:55.477	821ms	66ms	29.3%	3.4 MB	4.4 MB	101.8 KB	9.2 KB
81	71/d41f26	3307845	BUILD_FFINDEX (chunk_71d41f26)	COMPLETED	0	2026-04-15 13:56:55.558	741ms	51ms	30.7%	0	0	100.6 KB	8.1 KB
84	39/998ff0	3308037	BUILD_FFINDEX (chunk_39998ff0)	COMPLETED	0	2026-04-15 13:56:55.569	749ms	38ms	62.6%	3.3 MB	4.4 MB	100.4 KB	7.9 KB
86	dd/3989bb	3308190	BUILD_FFINDEX (chunk_dd3989bb)	COMPLETED	0	2026-04-15 13:56:55.579	746ms	40ms	23.7%	3.4 MB	4.4 MB	100.3 KB	7.8 KB
76	73/f3c4e6	3307443	BUILD_FFINDEX (chunk_73f3c4e6)	COMPLETED	0	2026-04-15 13:56:55.539	791ms	31ms	25.5%	0	0	100.9 KB	8.4 KB
88	33/ac8e46	3308334	BUILD_FFINDEX (chunk_33ac8e46)	COMPLETED	0	2026-04-15 13:56:55.589	741ms	35ms	41.5%	0	0	100.2 KB	7.6 KB
73	73/e8f8a3	3307183	BUILD_FFINDEX (chunk_73e8f8a3)	COMPLETED	0	2026-04-15 13:56:55.526	812ms	36ms	26.6%	3.3 MB	4.4 MB	101.2 KB	8.7 KB
79	d3/fe3d18	3307756	BUILD_FFINDEX (chunk_d3fe3d18)	COMPLETED	0	2026-04-15 13:56:55.555	783ms	34ms	60.4%	0	0	100.7 KB	8.2 KB
90	f3/d8da14	3308554	BUILD_FFINDEX (chunk_f3d8da14)	COMPLETED	0	2026-04-15 13:56:55.601	746ms	38ms	43.8%	3.4 MB	4.4 MB	100.1 KB	7.5 KB
91	b7/4c84c2	3308642	BUILD_FFINDEX (chunk_b74c84c2)	COMPLETED	0	2026-04-15 13:56:55.606	743ms	32ms	43.2%	0	0	100 KB	7.5 KB
85	53/50ced1	3308101	BUILD_FFINDEX (chunk_5350ced1)	COMPLETED	0	2026-04-15 13:56:55.573	782ms	28ms	17.9%	0	0	100.3 KB	7.8 KB
89	44/e369cd	3308446	BUILD_FFINDEX (chunk_44e369cd)	COMPLETED	0	2026-04-15 13:56:55.595	760ms	36ms	38.5%	0	0	100.1 KB	7.6 KB
71	36/0e6ea0	3306998	BUILD_FFINDEX (chunk_360e6ea0)	COMPLETED	0	2026-04-15 13:56:55.515	852ms	55ms	17.8%	3.3 MB	4.4 MB	101.4 KB	8.9 KB
77	9b/dfce97	3307505	BUILD_FFINDEX (chunk_9bdfce97)	COMPLETED	0	2026-04-15 13:56:55.542	836ms	46ms	30.4%	3.4 MB	4.4 MB	100.9 KB	8.3 KB
87	8a/791b3d	3308275	BUILD_FFINDEX (chunk_8a791b3d)	COMPLETED	0	2026-04-15 13:56:55.584	812ms	34ms	50.2%	3.3 MB	4.4 MB	100.2 KB	7.7 KB
93	ad/671089	3308738	BUILD_FFINDEX (chunk_ad671089)	COMPLETED	0	2026-04-15 13:56:55.611	795ms	41ms	43.1%	3.3 MB	4.4 MB	99.9 KB	7.3 KB
94	c3/bf255e	3308934	BUILD_FFINDEX (chunk_c3bf255e)	COMPLETED	0	2026-04-15 13:56:55.618	791ms	32ms	48.2%	0	0	99.8 KB	7.3 KB
92	e9/de4f09	3309882	BUILD_FFINDEX (chunk_e9de4f09)	COMPLETED	0	2026-04-15 13:56:55.669	740ms	40ms	26.0%	0	0	99.9 KB	7.4 KB
98	66/cf5eb0	3311085	BUILD_FFINDEX (chunk_66cf5eb0)	COMPLETED	0	2026-04-15 13:56:55.732	678ms	31ms	40.2%	0	0	99.6 KB	7 KB
80	0c/c73eed	3307660	BUILD_FFINDEX (chunk_0cc73eed)	COMPLETED	0	2026-04-15 13:56:55.550	867ms	40ms	43.7%	0	0	100.7 KB	8.1 KB
82	33/f6198f	3307921	BUILD_FFINDEX (chunk_33f6198f)	COMPLETED	0	2026-04-15 13:56:55.562	857ms	40ms	44.0%	0	0	100.5 KB	8 KB
83	82/da2e3a	3307972	BUILD_FFINDEX (chunk_82da2e3a)	COMPLETED	0	2026-04-15 13:56:55.566	863ms	42ms	39.2%	0	0	100.5 KB	8 KB
96	e1/a01e4e	3310362	BUILD_FFINDEX (chunk_e1a01e4e)	COMPLETED	0	2026-04-15 13:56:55.694	738ms	48ms	40.8%	3.3 MB	4.4 MB	99.7 KB	7.2 KB
97	3c/d63ecc	3310633	BUILD_FFINDEX (chunk_3cd63ecc)	COMPLETED	0	2026-04-15 13:56:55.708	737ms	31ms	58.3%	3.3 MB	4.4 MB	99.6 KB	7.1 KB
95	b0/49cf62	3310042	BUILD_FFINDEX (chunk_b049cf62)	COMPLETED	0	2026-04-15 13:56:55.676	870ms	44ms	26.8%	3.3 MB	4.4 MB	99.8 KB	7.2 KB
100	35/5f0cc9	3312797	BUILD_FFINDEX (chunk_355f0cc9)	COMPLETED	0	2026-04-15 13:56:55.822	724ms	36ms	47.3%	3.3 MB	4.4 MB	99.5 KB	7 KB
99	e2/b2674c	3312005	BUILD_FFINDEX (chunk_e2b2674c)	COMPLETED	0	2026-04-15 13:56:55.782	775ms	46ms	43.8%	0	0	99.5 KB	7 KB
101	e8/e1bc1e	3313634	BUILD_FFINDEX (chunk_e8e1bc1e)	COMPLETED	0	2026-04-15 13:56:55.871	686ms	40ms	50.9%	0	0	99.4 KB	6.9 KB
112	72/bdce36	3316041	BUILD_FFINDEX (chunk_72bdce36)	COMPLETED	0	2026-04-15 13:56:56.024	630ms	26ms	48.2%	0	0	98.9 KB	6.3 KB
102	65/84bedb	3314280	BUILD_FFINDEX (chunk_6584bedb)	COMPLETED	0	2026-04-15 13:56:55.906	747ms	28ms	51.8%	0	0	99.4 KB	6.9 KB
105	d5/b18843	3315040	BUILD_FFINDEX (chunk_d5b18843)	COMPLETED	0	2026-04-15 13:56:55.957	719ms	30ms	68.3%	0	0	99.2 KB	6.7 KB
104	b0/99786f	3314521	BUILD_FFINDEX (chunk_b099786f)	COMPLETED	0	2026-04-15 13:56:55.922	753ms	28ms	58.2%	3.3 MB	4.4 MB	99.3 KB	6.7 KB
106	87/5fbf38	3315282	BUILD_FFINDEX (chunk_875fbf38)	COMPLETED	0	2026-04-15 13:56:55.971	705ms	29ms	57.8%	0	0	99.2 KB	6.6 KB
107	2d/80bdf4	3315358	BUILD_FFINDEX (chunk_2d80bdf4)	COMPLETED	0	2026-04-15 13:56:55.976	706ms	39ms	58.9%	3.3 MB	4.4 MB	99.1 KB	6.6 KB
109	11/32ae7c	3315519	BUILD_FFINDEX (chunk_1132ae7c)	COMPLETED	0	2026-04-15 13:56:55.986	690ms	30ms	74.3%	0	0	99 KB	6.5 KB
108	3a/59723a	3315428	BUILD_FFINDEX (chunk_3a59723a)	COMPLETED	0	2026-04-15 13:56:55.981	701ms	28ms	32.4%	0	0	99.1 KB	6.5 KB
103	0c/98fb63	3314428	BUILD_FFINDEX (chunk_0c98fb63)	COMPLETED	0	2026-04-15 13:56:55.916	779ms	47ms	42.4%	3.3 MB	4.4 MB	99.3 KB	6.8 KB
114	88/bbd5d5	3316183	BUILD_FFINDEX (chunk_88bbd5d5)	COMPLETED	0	2026-04-15 13:56:56.035	662ms	32ms	57.3%	0	0	98.8 KB	6.2 KB
116	91/d79b7b	3316704	BUILD_FFINDEX (chunk_91d79b7b)	COMPLETED	0	2026-04-15 13:56:56.065	657ms	38ms	28.5%	0	0	98.7 KB	6.2 KB
110	79/b77fb2	3315687	BUILD_FFINDEX (chunk_79b77fb2)	COMPLETED	0	2026-04-15 13:56:55.995	737ms	36ms	28.3%	0	0	99 KB	6.4 KB
113	ab/754aa2	3316152	BUILD_FFINDEX (chunk_ab754aa2)	COMPLETED	0	2026-04-15 13:56:56.031	734ms	29ms	49.7%	0	0	98.8 KB	6.3 KB
111	68/8c7099	3315881	BUILD_FFINDEX (chunk_688c7099)	COMPLETED	0	2026-04-15 13:56:56.014	751ms	29ms	44.2%	0	0	98.9 KB	6.4 KB
278	15/da1a95	3317080	BUILD_FFINDEX (chunk_15da1a95)	COMPLETED	0	2026-04-15 13:56:56.089	712ms	32ms	55.1%	0	0	95.5 KB	2.9 KB
277	ed/fa7139	3316958	BUILD_FFINDEX (chunk_edfa7139)	COMPLETED	0	2026-04-15 13:56:56.080	720ms	36ms	26.0%	0	0	95.5 KB	3 KB
279	51/ccee79	3317167	BUILD_FFINDEX (chunk_51ccee79)	COMPLETED	0	2026-04-15 13:56:56.095	727ms	40ms	40.5%	3.4 MB	4.4 MB	95.5 KB	2.9 KB
125	59/047409	3318895	BUILD_FFINDEX (chunk_59047409)	COMPLETED	0	2026-04-15 13:56:56.201	665ms	32ms	52.3%	0	0	98.3 KB	5.7 KB
123	a2/bcf2fa	3318784	BUILD_FFINDEX (chunk_a2bcf2fa)	COMPLETED	0	2026-04-15 13:56:56.194	696ms	35ms	39.8%	0	0	98.4 KB	5.8 KB
115	11/075b74	3316559	BUILD_FFINDEX (chunk_11075b74)	COMPLETED	0	2026-04-15 13:56:56.059	831ms	64ms	39.1%	3.3 MB	4.4 MB	98.7 KB	6.2 KB
118	d5/84c1cb	3317606	BUILD_FFINDEX (chunk_d584c1cb)	COMPLETED	0	2026-04-15 13:56:56.125	769ms	37ms	43.5%	3.3 MB	4.4 MB	98.6 KB	6.1 KB
119	e9/df1569	3317978	BUILD_FFINDEX (chunk_e9df1569)	COMPLETED	0	2026-04-15 13:56:56.148	746ms	35ms	41.3%	0	0	98.5 KB	6 KB
122	ed/87dad0	3318706	BUILD_FFINDEX (chunk_ed87dad0)	COMPLETED	0	2026-04-15 13:56:56.188	707ms	39ms	42.6%	0	0	98.4 KB	5.9 KB
120	77/6a3174	3318510	BUILD_FFINDEX (chunk_776a3174)	COMPLETED	0	2026-04-15 13:56:56.180	728ms	31ms	44.9%	0	0	98.5 KB	6 KB
117	42/608714	3317483	BUILD_FFINDEX (chunk_42608714)	COMPLETED	0	2026-04-15 13:56:56.118	802ms	36ms	48.6%	0	0	98.7 KB	6.1 KB
124	8a/25f8ff	3319746	BUILD_FFINDEX (chunk_8a25f8ff)	COMPLETED	0	2026-04-15 13:56:56.246	723ms	31ms	29.2%	0	0	98.3 KB	5.8 KB
139	fb/1af607	3320868	BUILD_FFINDEX (chunk_fb1af607)	COMPLETED	0	2026-04-15 13:56:56.302	689ms	28ms	51.6%	0	0	97.8 KB	5.3 KB
131	19/0b3d91	3320789	BUILD_FFINDEX (chunk_190b3d91)	COMPLETED	0	2026-04-15 13:56:56.297	688ms	35ms	39.4%	0	0	98.1 KB	5.6 KB
121	0f/53f599	3318610	BUILD_FFINDEX (chunk_0f53f599)	COMPLETED	0	2026-04-15 13:56:56.184	820ms	50ms	40.9%	3.3 MB	4.4 MB	98.5 KB	5.9 KB
136	a6/108b63	3320989	BUILD_FFINDEX (chunk_a6108b63)	COMPLETED	0	2026-04-15 13:56:56.308	709ms	31ms	49.3%	0	0	97.9 KB	5.4 KB
134	ff/499851	3320534	BUILD_FFINDEX (chunk_ff499851)	COMPLETED	0	2026-04-15 13:56:56.285	783ms	62ms	30.7%	3.3 MB	4.4 MB	98 KB	5.4 KB
128	d2/5ae38d	3321560	BUILD_FFINDEX (chunk_d25ae38d)	COMPLETED	0	2026-04-15 13:56:56.340	744ms	69ms	26.3%	0	0	98.2 KB	5.7 KB
130	ac/a3956f	3320412	BUILD_FFINDEX (chunk_aca3956f)	COMPLETED	0	2026-04-15 13:56:56.280	806ms	42ms	34.6%	3.3 MB	4.4 MB	98.1 KB	5.6 KB
127	90/cb11a5	3320309	BUILD_FFINDEX (chunk_90cb11a5)	COMPLETED	0	2026-04-15 13:56:56.274	816ms	36ms	26.6%	3.3 MB	4.4 MB	98.2 KB	5.7 KB
140	16/e491d5	3321699	BUILD_FFINDEX (chunk_16e491d5)	COMPLETED	0	2026-04-15 13:56:56.348	757ms	41ms	44.6%	0	0	97.8 KB	5.3 KB
126	f7/5c89e7	3320069	BUILD_FFINDEX (chunk_f75c89e7)	COMPLETED	0	2026-04-15 13:56:56.261	851ms	53ms	34.8%	0	0	98.2 KB	5.7 KB
138	b8/2ce5be	3321052	BUILD_FFINDEX (chunk_b82ce5be)	COMPLETED	0	2026-04-15 13:56:56.313	809ms	45ms	21.9%	0	0	97.9 KB	5.3 KB
133	ad/40ea33	3321291	BUILD_FFINDEX (chunk_ad40ea33)	COMPLETED	0	2026-04-15 13:56:56.326	803ms	30ms	30.7%	0	0	98 KB	5.5 KB
135	d6/20a4fd	3321388	BUILD_FFINDEX (chunk_d620a4fd)	COMPLETED	0	2026-04-15 13:56:56.332	797ms	38ms	42.3%	0	0	97.9 KB	5.4 KB
152	13/627e81	3323135	BUILD_FFINDEX (chunk_13627e81)	COMPLETED	0	2026-04-15 13:56:56.437	698ms	46ms	44.3%	3.3 MB	4.4 MB	97.5 KB	4.9 KB
163	1b/e8bf1d	3322581	BUILD_FFINDEX (chunk_1be8bf1d)	COMPLETED	0	2026-04-15 13:56:56.401	736ms	52ms	51.4%	0	0	97.2 KB	4.7 KB
146	6f/5d68be	3322323	BUILD_FFINDEX (chunk_6f5d68be)	COMPLETED	0	2026-04-15 13:56:56.386	743ms	30ms	72.7%	0	0	97.6 KB	5.1 KB
129	f1/274646	3320689	BUILD_FFINDEX (chunk_f1274646)	COMPLETED	0	2026-04-15 13:56:56.292	854ms	41ms	35.1%	3.2 MB	4.4 MB	98.2 KB	5.6 KB
137	16/768120	3321111	BUILD_FFINDEX (chunk_16768120)	COMPLETED	0	2026-04-15 13:56:56.316	831ms	42ms	26.2%	3.4 MB	4.4 MB	97.9 KB	5.3 KB
148	66/e40dcd	3322436	BUILD_FFINDEX (chunk_66e40dcd)	COMPLETED	0	2026-04-15 13:56:56.393	767ms	32ms	26.3%	3.4 MB	4.4 MB	97.6 KB	5 KB
142	ed/a40c51	3321970	BUILD_FFINDEX (chunk_eda40c51)	COMPLETED	0	2026-04-15 13:56:56.364	795ms	31ms	38.5%	3.4 MB	4.4 MB	97.7 KB	5.2 KB
144	93/8b12fc	3322156	BUILD_FFINDEX (chunk_938b12fc)	COMPLETED	0	2026-04-15 13:56:56.375	803ms	46ms	23.1%	3.2 MB	4.4 MB	97.7 KB	5.1 KB
147	16/7c3a15	3322381	BUILD_FFINDEX (chunk_167c3a15)	COMPLETED	0	2026-04-15 13:56:56.390	789ms	77ms	26.5%	0	0	97.6 KB	5 KB
155	40/52cd38	3323429	BUILD_FFINDEX (chunk_4052cd38)	COMPLETED	0	2026-04-15 13:56:56.452	727ms	25ms	68.5%	0	0	97.4 KB	4.8 KB
132	77/e8ddfa	3321164	BUILD_FFINDEX (chunk_77e8ddfa)	COMPLETED	0	2026-04-15 13:56:56.320	864ms	41ms	38.5%	3.3 MB	4.4 MB	98 KB	5.5 KB
150	5d/39d967	3322907	BUILD_FFINDEX (chunk_5d39d967)	COMPLETED	0	2026-04-15 13:56:56.423	762ms	34ms	27.1%	3.3 MB	4.4 MB	97.5 KB	5 KB
149	11/dc1a38	3322762	BUILD_FFINDEX (chunk_11dc1a38)	COMPLETED	0	2026-04-15 13:56:56.412	784ms	66ms	25.1%	0	0	97.5 KB	5 KB
145	c7/e419a5	3322243	BUILD_FFINDEX (chunk_c7e419a5)	COMPLETED	0	2026-04-15 13:56:56.381	829ms	34ms	51.4%	3.3 MB	4.4 MB	97.6 KB	5.1 KB
141	37/0b3ca8	3321802	BUILD_FFINDEX (chunk_370b3ca8)	COMPLETED	0	2026-04-15 13:56:56.354	859ms	26ms	66.9%	3.4 MB	4.4 MB	97.8 KB	5.2 KB
157	04/cdaa30	3323560	BUILD_FFINDEX (chunk_04cdaa30)	COMPLETED	0	2026-04-15 13:56:56.460	755ms	31ms	28.2%	3.2 MB	4.4 MB	97.3 KB	4.8 KB
151	4f/b8bc5a	3323025	BUILD_FFINDEX (chunk_4fb8bc5a)	COMPLETED	0	2026-04-15 13:56:56.430	793ms	32ms	51.4%	0	0	97.5 KB	5 KB
154	0e/0c4b4d	3323327	BUILD_FFINDEX (chunk_0e0c4b4d)	COMPLETED	0	2026-04-15 13:56:56.447	786ms	23ms	46.0%	0	0	97.4 KB	4.9 KB
143	b8/889d3f	3322073	BUILD_FFINDEX (chunk_b8889d3f)	COMPLETED	0	2026-04-15 13:56:56.370	870ms	79ms	26.2%	0	0	97.7 KB	5.2 KB
153	8c/b4723b	3323226	BUILD_FFINDEX (chunk_8cb4723b)	COMPLETED	0	2026-04-15 13:56:56.442	818ms	28ms	52.6%	3.3 MB	4.4 MB	97.5 KB	4.9 KB
160	4f/e7f19e	3325654	BUILD_FFINDEX (chunk_4fe7f19e)	COMPLETED	0	2026-04-15 13:56:56.566	756ms	33ms	41.6%	0	0	97.3 KB	4.7 KB
156	c2/bab3e7	3323504	BUILD_FFINDEX (chunk_c2bab3e7)	COMPLETED	0	2026-04-15 13:56:56.456	880ms	37ms	25.4%	3.4 MB	4.4 MB	97.4 KB	4.8 KB
161	02/883fdd	3325738	BUILD_FFINDEX (chunk_02883fdd)	COMPLETED	0	2026-04-15 13:56:56.570	773ms	34ms	49.2%	0	0	97.3 KB	4.7 KB
169	d2/30dcc9	3328561	BUILD_FFINDEX (chunk_d230dcc9)	COMPLETED	0	2026-04-15 13:56:56.719	664ms	32ms	55.7%	0	0	97.1 KB	4.5 KB
162	87/82dc8f	3327499	BUILD_FFINDEX (chunk_8782dc8f)	COMPLETED	0	2026-04-15 13:56:56.660	730ms	30ms	38.5%	0	0	97.2 KB	4.7 KB
158	0e/1577c1	3325433	BUILD_FFINDEX (chunk_0e1577c1)	COMPLETED	0	2026-04-15 13:56:56.556	835ms	48ms	39.6%	3.3 MB	4.4 MB	97.3 KB	4.8 KB
166	75/e9a786	3328450	BUILD_FFINDEX (chunk_75e9a786)	COMPLETED	0	2026-04-15 13:56:56.713	678ms	25ms	52.8%	0	0	97.1 KB	4.6 KB
159	89/b84a5b	3325534	BUILD_FFINDEX (chunk_89b84a5b)	COMPLETED	0	2026-04-15 13:56:56.560	852ms	69ms	32.6%	3.4 MB	4.4 MB	97.3 KB	4.8 KB
164	4f/c75a79	3327638	BUILD_FFINDEX (chunk_4fc75a79)	COMPLETED	0	2026-04-15 13:56:56.667	759ms	57ms	23.7%	3.4 MB	4.4 MB	97.2 KB	4.7 KB
171	cb/6a96d4	3328767	BUILD_FFINDEX (chunk_cb6a96d4)	COMPLETED	0	2026-04-15 13:56:56.732	698ms	29ms	34.4%	3.4 MB	4.4 MB	97 KB	4.5 KB
174	f5/e0c38f	3328997	BUILD_FFINDEX (chunk_f5e0c38f)	COMPLETED	0	2026-04-15 13:56:56.745	711ms	35ms	64.1%	0	0	97 KB	4.4 KB
167	89/a15828	3328197	BUILD_FFINDEX (chunk_89a15828)	COMPLETED	0	2026-04-15 13:56:56.696	766ms	31ms	32.6%	3.3 MB	4.4 MB	97.1 KB	4.6 KB
178	9c/5b3698	3330182	BUILD_FFINDEX (chunk_9c5b3698)	COMPLETED	0	2026-04-15 13:56:56.817	645ms	33ms	63.2%	0	0	96.9 KB	4.3 KB
176	ba/13877a	3329957	BUILD_FFINDEX (chunk_ba13877a)	COMPLETED	0	2026-04-15 13:56:56.802	660ms	43ms	40.5%	0	0	96.9 KB	4.4 KB
177	96/d0b154	3330090	BUILD_FFINDEX (chunk_96d0b154)	COMPLETED	0	2026-04-15 13:56:56.813	653ms	33ms	41.3%	0	0	96.9 KB	4.4 KB
168	1b/65e4ec	3328387	BUILD_FFINDEX (chunk_1b65e4ec)	COMPLETED	0	2026-04-15 13:56:56.708	772ms	37ms	39.0%	3.3 MB	4.4 MB	97.1 KB	4.6 KB
172	c1/59657c	3328850	BUILD_FFINDEX (chunk_c159657c)	COMPLETED	0	2026-04-15 13:56:56.737	750ms	34ms	45.2%	0	0	97 KB	4.5 KB
173	5c/fe4387	3328925	BUILD_FFINDEX (chunk_5cfe4387)	COMPLETED	0	2026-04-15 13:56:56.741	755ms	36ms	45.8%	0	0	97 KB	4.4 KB
165	ae/b9a1a5	3327984	BUILD_FFINDEX (chunk_aeb9a1a5)	COMPLETED	0	2026-04-15 13:56:56.684	811ms	41ms	59.4%	3.4 MB	4.4 MB	97.2 KB	4.6 KB
191	f5/e2b6eb	3330369	BUILD_FFINDEX (chunk_f5e2b6eb)	COMPLETED	0	2026-04-15 13:56:56.830	672ms	42ms	39.9%	3.4 MB	4.4 MB	96.6 KB	4.1 KB
170	4a/c05618	3328660	BUILD_FFINDEX (chunk_4ac05618)	COMPLETED	0	2026-04-15 13:56:56.725	797ms	48ms	38.1%	0	0	97.1 KB	4.5 KB
175	7c/a0b59f	3329862	BUILD_FFINDEX (chunk_7ca0b59f)	COMPLETED	0	2026-04-15 13:56:56.796	778ms	38ms	46.7%	0	0	96.9 KB	4.4 KB
182	40/ae43bc	3331740	BUILD_FFINDEX (chunk_40ae43bc)	COMPLETED	0	2026-04-15 13:56:56.916	659ms	31ms	33.0%	0	0	96.8 KB	4.3 KB
181	7c/0aa11a	3331559	BUILD_FFINDEX (chunk_7c0aa11a)	COMPLETED	0	2026-04-15 13:56:56.905	683ms	42ms	24.3%	0	0	96.8 KB	4.3 KB
180	c6/d0561a	3331381	BUILD_FFINDEX (chunk_c6d0561a)	COMPLETED	0	2026-04-15 13:56:56.895	693ms	31ms	42.8%	0	0	96.8 KB	4.3 KB
185	9a/781a8c	3332105	BUILD_FFINDEX (chunk_9a781a8c)	COMPLETED	0	2026-04-15 13:56:56.936	737ms	39ms	34.7%	0	0	96.8 KB	4.2 KB
179	e8/134aaa	3331043	BUILD_FFINDEX (chunk_e8134aaa)	COMPLETED	0	2026-04-15 13:56:56.872	881ms	40ms	52.8%	3.3 MB	4.4 MB	96.9 KB	4.3 KB
183	06/adc30d	3331862	BUILD_FFINDEX (chunk_06adc30d)	COMPLETED	0	2026-04-15 13:56:56.922	836ms	48ms	39.0%	0	0	96.8 KB	4.3 KB
190	0e/03f48f	3333454	BUILD_FFINDEX (chunk_0e03f48f)	COMPLETED	0	2026-04-15 13:56:57.009	749ms	31ms	47.4%	0	0	96.7 KB	4.1 KB
184	f1/9502e0	3331985	BUILD_FFINDEX (chunk_f19502e0)	COMPLETED	0	2026-04-15 13:56:56.929	829ms	34ms	31.5%	0	0	96.8 KB	4.2 KB
187	6c/ab1959	3332878	BUILD_FFINDEX (chunk_6cab1959)	COMPLETED	0	2026-04-15 13:56:56.976	782ms	28ms	44.7%	0	0	96.7 KB	4.2 KB
186	83/51d200	3332229	BUILD_FFINDEX (chunk_8351d200)	COMPLETED	0	2026-04-15 13:56:56.944	816ms	41ms	35.9%	0	0	96.7 KB	4.2 KB
195	78/bd56b6	3334970	BUILD_FFINDEX (chunk_78bd56b6)	COMPLETED	0	2026-04-15 13:56:57.088	697ms	32ms	48.5%	0	0	96.6 KB	4 KB
189	d1/c01411	3333252	BUILD_FFINDEX (chunk_d1c01411)	COMPLETED	0	2026-04-15 13:56:56.996	803ms	160ms	46.7%	4.9 MB	6.9 MB	96.7 KB	4.1 KB
192	37/069d58	3333723	BUILD_FFINDEX (chunk_37069d58)	COMPLETED	0	2026-04-15 13:56:57.024	761ms	106ms	18.6%	4.9 MB	6.9 MB	96.6 KB	4.1 KB
198	0f/eb6ad9	3335430	BUILD_FFINDEX (chunk_0feb6ad9)	COMPLETED	0	2026-04-15 13:56:57.118	698ms	129ms	54.0%	3.3 MB	4.4 MB	96.5 KB	4 KB
196	03/eb6406	3335162	BUILD_FFINDEX (chunk_03eb6406)	COMPLETED	0	2026-04-15 13:56:57.102	717ms	139ms	56.6%	3.3 MB	4.4 MB	96.6 KB	4 KB
197	ef/ff160c	3335314	BUILD_FFINDEX (chunk_efff160c)	COMPLETED	0	2026-04-15 13:56:57.111	711ms	109ms	62.7%	3.3 MB	4.4 MB	96.5 KB	4 KB
193	8f/3dbd03	3334745	BUILD_FFINDEX (chunk_8f3dbd03)	COMPLETED	0	2026-04-15 13:56:57.076	754ms	153ms	38.4%	4.6 MB	6.9 MB	96.6 KB	4.1 KB
199	a7/5d3b36	3335602	BUILD_FFINDEX (chunk_a75d3b36)	COMPLETED	0	2026-04-15 13:56:57.128	713ms	98ms	66.6%	3.3 MB	4.4 MB	96.5 KB	4 KB
188	37/4a95e7	3333150	BUILD_FFINDEX (chunk_374a95e7)	COMPLETED	0	2026-04-15 13:56:56.991	853ms	178ms	40.1%	3.3 MB	4.4 MB	96.7 KB	4.2 KB
194	c9/5ee152	3335099	BUILD_FFINDEX (chunk_c95ee152)	COMPLETED	0	2026-04-15 13:56:57.096	749ms	162ms	40.4%	3.3 MB	4.4 MB	96.6 KB	4.1 KB
263	c3/9016a0	3336630	BUILD_FFINDEX (chunk_c39016a0)	COMPLETED	0	2026-04-15 13:56:57.189	676ms	31ms	51.8%	0	0	95.6 KB	3.1 KB
257	37/86ec72	3336044	BUILD_FFINDEX (chunk_3786ec72)	COMPLETED	0	2026-04-15 13:56:57.151	773ms	53ms	41.2%	0	0	95.7 KB	3.2 KB
262	bc/382b25	3336410	BUILD_FFINDEX (chunk_bc382b25)	COMPLETED	0	2026-04-15 13:56:57.174	768ms	39ms	19.2%	0	0	95.7 KB	3.1 KB
264	f7/896938	3336719	BUILD_FFINDEX (chunk_f7896938)	COMPLETED	0	2026-04-15 13:56:57.195	748ms	40ms	40.2%	0	0	95.6 KB	3.1 KB
255	1a/a1b4a4	3335745	BUILD_FFINDEX (chunk_1aa1b4a4)	COMPLETED	0	2026-04-15 13:56:57.135	816ms	36ms	32.6%	3.4 MB	4.4 MB	95.7 KB	3.2 KB
270	93/ced059	3337349	BUILD_FFINDEX (chunk_93ced059)	COMPLETED	0	2026-04-15 13:56:57.234	717ms	29ms	64.5%	0	0	95.6 KB	3 KB
261	41/7a771a	3336502	BUILD_FFINDEX (chunk_417a771a)	COMPLETED	0	2026-04-15 13:56:57.179	776ms	29ms	49.8%	0	0	95.7 KB	3.1 KB
265	a3/2514b8	3336821	BUILD_FFINDEX (chunk_a32514b8)	COMPLETED	0	2026-04-15 13:56:57.201	757ms	45ms	53.4%	0	0	95.6 KB	3.1 KB
267	7d/17fa78	3336973	BUILD_FFINDEX (chunk_7d17fa78)	COMPLETED	0	2026-04-15 13:56:57.211	751ms	35ms	32.9%	0	0	95.6 KB	3.1 KB
269	70/f80749	3337067	BUILD_FFINDEX (chunk_70f80749)	COMPLETED	0	2026-04-15 13:56:57.217	747ms	64ms	50.1%	0	0	95.6 KB	3 KB
256	fe/fc9fcd	3335916	BUILD_FFINDEX (chunk_fefc9fcd)	COMPLETED	0	2026-04-15 13:56:57.145	832ms	31ms	54.1%	0	0	95.7 KB	3.2 KB
258	a2/93ac5b	3336171	BUILD_FFINDEX (chunk_a293ac5b)	COMPLETED	0	2026-04-15 13:56:57.158	820ms	29ms	68.8%	3.4 MB	4.4 MB	95.7 KB	3.2 KB
260	f7/71dc32	3336237	BUILD_FFINDEX (chunk_f771dc32)	COMPLETED	0	2026-04-15 13:56:57.164	814ms	49ms	26.9%	0	0	95.7 KB	3.1 KB
272	78/4ab71c	3337585	BUILD_FFINDEX (chunk_784ab71c)	COMPLETED	0	2026-04-15 13:56:57.245	754ms	51ms	25.5%	3.3 MB	4.4 MB	95.5 KB	3 KB
275	00/24174a	3337830	BUILD_FFINDEX (chunk_0024174a)	COMPLETED	0	2026-04-15 13:56:57.259	741ms	41ms	29.0%	0	0	95.5 KB	3 KB
266	f9/2da226	3336904	BUILD_FFINDEX (chunk_f92da226)	COMPLETED	0	2026-04-15 13:56:57.207	792ms	35ms	61.7%	0	0	95.6 KB	3.1 KB
259	8c/df3244	3336350	BUILD_FFINDEX (chunk_8cdf3244)	COMPLETED	0	2026-04-15 13:56:57.170	862ms	58ms	36.4%	0	0	95.7 KB	3.2 KB
273	f3/f9c008	3337454	BUILD_FFINDEX (chunk_f3f9c008)	COMPLETED	0	2026-04-15 13:56:57.239	793ms	43ms	35.4%	3.3 MB	4.4 MB	95.5 KB	3 KB
271	6b/88c973	3337763	BUILD_FFINDEX (chunk_6b88c973)	COMPLETED	0	2026-04-15 13:56:57.255	794ms	56ms	43.9%	0	0	95.5 KB	3 KB
274	cb/4f43cc	3337679	BUILD_FFINDEX (chunk_cb4f43cc)	COMPLETED	0	2026-04-15 13:56:57.251	798ms	55ms	28.7%	0	0	95.5 KB	3 KB
200	89/fa7b16	3337975	BUILD_FFINDEX (chunk_89fa7b16)	COMPLETED	0	2026-04-15 13:56:57.265	785ms	25ms	58.3%	0	0	96.5 KB	4 KB
268	d1/f6224c	3337205	BUILD_FFINDEX (chunk_d1f6224c)	COMPLETED	0	2026-04-15 13:56:57.225	824ms	35ms	40.0%	3.4 MB	4.4 MB	95.6 KB	3 KB
201	87/e601c6	3339204	BUILD_FFINDEX (chunk_87e601c6)	COMPLETED	0	2026-04-15 13:56:57.327	772ms	34ms	46.7%	0	0	96.5 KB	3.9 KB
205	24/a4bd29	3340546	BUILD_FFINDEX (chunk_24a4bd29)	COMPLETED	0	2026-04-15 13:56:57.398	828ms	53ms	44.8%	3.3 MB	4.4 MB	96.4 KB	3.9 KB
211	9c/397098	3341331	BUILD_FFINDEX (chunk_9c397098)	COMPLETED	0	2026-04-15 13:56:57.440	807ms	32ms	50.1%	0	0	96.3 KB	3.8 KB
210	af/589080	3341214	BUILD_FFINDEX (chunk_af589080)	COMPLETED	0	2026-04-15 13:56:57.435	804ms	41ms	27.4%	0	0	96.3 KB	3.8 KB
203	b1/b832f5	3339602	BUILD_FFINDEX (chunk_b1b832f5)	COMPLETED	0	2026-04-15 13:56:57.349	904ms	38ms	59.5%	3.4 MB	4.4 MB	96.5 KB	3.9 KB
202	02/7cdc43	3339448	BUILD_FFINDEX (chunk_027cdc43)	COMPLETED	0	2026-04-15 13:56:57.341	919ms	31ms	47.4%	3.3 MB	4.4 MB	96.5 KB	3.9 KB
207	be/839b89	3340757	BUILD_FFINDEX (chunk_be839b89)	COMPLETED	0	2026-04-15 13:56:57.409	852ms	28ms	52.6%	0	0	96.4 KB	3.9 KB
204	a7/f2297f	3340384	BUILD_FFINDEX (chunk_a7f2297f)	COMPLETED	0	2026-04-15 13:56:57.388	884ms	32ms	49.0%	0	0	96.4 KB	3.9 KB
206	1e/bff9e2	3340655	BUILD_FFINDEX (chunk_1ebff9e2)	COMPLETED	0	2026-04-15 13:56:57.405	867ms	33ms	66.6%	0	0	96.4 KB	3.9 KB
214	40/9601f0	3342091	BUILD_FFINDEX (chunk_409601f0)	COMPLETED	0	2026-04-15 13:56:57.484	828ms	36ms	46.6%	0	0	96.3 KB	3.8 KB
208	31/9b7af2	3340953	BUILD_FFINDEX (chunk_319b7af2)	COMPLETED	0	2026-04-15 13:56:57.419	905ms	34ms	47.9%	0	0	96.4 KB	3.8 KB
220	0a/a1c823	3342664	BUILD_FFINDEX (chunk_0aa1c823)	COMPLETED	0	2026-04-15 13:56:57.518	807ms	26ms	49.1%	3.3 MB	4.4 MB	96.2 KB	3.6 KB
209	3b/5c02fb	3341701	BUILD_FFINDEX (chunk_3b5c02fb)	COMPLETED	0	2026-04-15 13:56:57.461	879ms	49ms	33.3%	0	0	96.4 KB	3.8 KB
217	a2/cf3c35	3342389	BUILD_FFINDEX (chunk_a2cf3c35)	COMPLETED	0	2026-04-15 13:56:57.504	845ms	41ms	29.9%	0	0	96.2 KB	3.7 KB
216	10/321631	3342260	BUILD_FFINDEX (chunk_10321631)	COMPLETED	0	2026-04-15 13:56:57.495	869ms	34ms	44.0%	0	0	96.3 KB	3.7 KB
225	29/8248ec	3344115	BUILD_FFINDEX (chunk_298248ec)	COMPLETED	0	2026-04-15 13:56:57.598	766ms	27ms	82.1%	3.3 MB	4.4 MB	96.1 KB	3.6 KB
213	7f/eb6d90	3341982	BUILD_FFINDEX (chunk_7feb6d90)	COMPLETED	0	2026-04-15 13:56:57.478	889ms	38ms	26.1%	0	0	96.3 KB	3.8 KB
223	55/46580a	3343870	BUILD_FFINDEX (chunk_5546580a)	COMPLETED	0	2026-04-15 13:56:57.584	804ms	31ms	59.2%	0	0	96.1 KB	3.6 KB
219	3f/ce686b	3342596	BUILD_FFINDEX (chunk_3fce686b)	COMPLETED	0	2026-04-15 13:56:57.514	873ms	41ms	46.0%	0	0	96.2 KB	3.7 KB
215	a0/425fc0	3342181	BUILD_FFINDEX (chunk_a0425fc0)	COMPLETED	0	2026-04-15 13:56:57.489	905ms	72ms	23.8%	0	0	96.3 KB	3.7 KB
218	02/128d5c	3342496	BUILD_FFINDEX (chunk_02128d5c)	COMPLETED	0	2026-04-15 13:56:57.509	890ms	38ms	45.9%	0	0	96.2 KB	3.7 KB
221	0d/8f32ef	3342840	BUILD_FFINDEX (chunk_0d8f32ef)	COMPLETED	0	2026-04-15 13:56:57.528	874ms	36ms	68.4%	3.4 MB	4.4 MB	96.2 KB	3.6 KB
212	07/5d3669	3341903	BUILD_FFINDEX (chunk_075d3669)	COMPLETED	0	2026-04-15 13:56:57.473	948ms	38ms	32.2%	0	0	96.3 KB	3.8 KB
224	36/9f848a	3344010	BUILD_FFINDEX (chunk_369f848a)	COMPLETED	0	2026-04-15 13:56:57.593	825ms	33ms	35.7%	0	0	96.1 KB	3.6 KB
222	17/699944	3343823	BUILD_FFINDEX (chunk_17699944)	COMPLETED	0	2026-04-15 13:56:57.580	844ms	41ms	35.7%	0	0	96.2 KB	3.6 KB
229	4b/1383d6	3346020	BUILD_FFINDEX (chunk_4b1383d6)	COMPLETED	0	2026-04-15 13:56:57.778	666ms	47ms	38.8%	0	0	96.1 KB	3.5 KB
235	40/957e91	3347117	BUILD_FFINDEX (chunk_40957e91)	COMPLETED	0	2026-04-15 13:56:57.843	625ms	31ms	47.3%	0	0	96 KB	3.4 KB
227	76/ba2d3f	3345696	BUILD_FFINDEX (chunk_76ba2d3f)	COMPLETED	0	2026-04-15 13:56:57.759	728ms	46ms	37.0%	0	0	96.1 KB	3.6 KB
239	c0/e0e7a5	3347886	BUILD_FFINDEX (chunk_c0e0e7a5)	COMPLETED	0	2026-04-15 13:56:57.878	632ms	28ms	50.5%	0	0	95.9 KB	3.4 KB
226	6e/92094d	3345285	BUILD_FFINDEX (chunk_6e92094d)	COMPLETED	0	2026-04-15 13:56:57.730	792ms	33ms	49.6%	0	0	96.1 KB	3.6 KB
243	22/091a8c	3347954	BUILD_FFINDEX (chunk_22091a8c)	COMPLETED	0	2026-04-15 13:56:57.883	649ms	42ms	41.2%	0	0	95.9 KB	3.4 KB
231	67/6244b7	3346368	BUILD_FFINDEX (chunk_676244b7)	COMPLETED	0	2026-04-15 13:56:57.799	743ms	34ms	45.2%	0	0	96 KB	3.5 KB
232	95/8cd5e1	3346685	BUILD_FFINDEX (chunk_958cd5e1)	COMPLETED	0	2026-04-15 13:56:57.820	735ms	27ms	50.5%	0	0	96 KB	3.5 KB
230	d4/dad6a1	3346445	BUILD_FFINDEX (chunk_d4dad6a1)	COMPLETED	0	2026-04-15 13:56:57.805	757ms	29ms	68.1%	3.4 MB	4.4 MB	96 KB	3.5 KB
240	1a/7a5dbd	3347607	BUILD_FFINDEX (chunk_1a7a5dbd)	COMPLETED	0	2026-04-15 13:56:57.866	696ms	41ms	52.7%	0	0	95.9 KB	3.4 KB
237	b3/0b61ef	3347500	BUILD_FFINDEX (chunk_b30b61ef)	COMPLETED	0	2026-04-15 13:56:57.860	714ms	30ms	47.3%	0	0	96 KB	3.4 KB
233	df/ecedb6	3346818	BUILD_FFINDEX (chunk_dfecedb6)	COMPLETED	0	2026-04-15 13:56:57.828	742ms	31ms	44.3%	0	0	96 KB	3.5 KB
228	c6/a09a5c	3346219	BUILD_FFINDEX (chunk_c6a09a5c)	COMPLETED	0	2026-04-15 13:56:57.789	800ms	37ms	38.9%	0	0	96.1 KB	3.5 KB
236	f8/e708f1	3347381	BUILD_FFINDEX (chunk_f8e708f1)	COMPLETED	0	2026-04-15 13:56:57.855	744ms	37ms	25.5%	0	0	96 KB	3.4 KB
238	40/8a4058	3347255	BUILD_FFINDEX (chunk_408a4058)	COMPLETED	0	2026-04-15 13:56:57.850	767ms	52ms	33.6%	3.3 MB	4.4 MB	95.9 KB	3.4 KB
234	6f/8b1578	3346941	BUILD_FFINDEX (chunk_6f8b1578)	COMPLETED	0	2026-04-15 13:56:57.835	786ms	56ms	31.3%	0	0	96 KB	3.5 KB
241	44/c65141	3347760	BUILD_FFINDEX (chunk_44c65141)	COMPLETED	0	2026-04-15 13:56:57.874	772ms	39ms	27.1%	0	0	95.9 KB	3.4 KB
244	b6/60b44f	3348064	BUILD_FFINDEX (chunk_b660b44f)	COMPLETED	0	2026-04-15 13:56:57.887	770ms	36ms	35.4%	0	0	95.9 KB	3.3 KB
242	e9/ddf14c	3348863	BUILD_FFINDEX (chunk_e9ddf14c)	COMPLETED	0	2026-04-15 13:56:57.930	723ms	25ms	48.9%	0	0	95.9 KB	3.4 KB
245	b8/9a34a0	3349214	BUILD_FFINDEX (chunk_b89a34a0)	COMPLETED	0	2026-04-15 13:56:57.947	716ms	41ms	38.3%	0	0	95.9 KB	3.3 KB
280	71/9d8a31	3350417	BUILD_FFINDEX (chunk_719d8a31)	COMPLETED	0	2026-04-15 13:56:58.027	695ms	32ms	45.8%	0	0	95.5 KB	2.9 KB
254	61/56062d	3350303	BUILD_FFINDEX (chunk_6156062d)	COMPLETED	0	2026-04-15 13:56:58.020	714ms	26ms	59.1%	0	0	95.7 KB	3.2 KB
249	8b/53afb1	3349960	BUILD_FFINDEX (chunk_8b53afb1)	COMPLETED	0	2026-04-15 13:56:57.992	742ms	62ms	33.6%	3.3 MB	4.4 MB	95.8 KB	3.3 KB
281	36/6b4298	3350473	BUILD_FFINDEX (chunk_366b4298)	COMPLETED	0	2026-04-15 13:56:58.030	705ms	36ms	29.8%	0	0	95.4 KB	2.9 KB
276	fe/d47aac	3350360	BUILD_FFINDEX (chunk_fed47aac)	COMPLETED	0	2026-04-15 13:56:58.023	715ms	29ms	57.1%	0	0	95.5 KB	3 KB
250	68/4c006f	3350005	BUILD_FFINDEX (chunk_684c006f)	COMPLETED	0	2026-04-15 13:56:57.996	741ms	42ms	54.2%	0	0	95.8 KB	3.3 KB
246	7c/301548	3349335	BUILD_FFINDEX (chunk_7c301548)	COMPLETED	0	2026-04-15 13:56:57.955	794ms	53ms	33.6%	0	0	95.9 KB	3.3 KB
253	f7/e21c94	3350244	BUILD_FFINDEX (chunk_f7e21c94)	COMPLETED	0	2026-04-15 13:56:58.014	753ms	44ms	29.2%	0	0	95.8 KB	3.2 KB
252	eb/3b8720	3350146	BUILD_FFINDEX (chunk_eb3b8720)	COMPLETED	0	2026-04-15 13:56:58.006	754ms	27ms	51.2%	0	0	95.8 KB	3.2 KB
283	32/6900d0	3350721	BUILD_FFINDEX (chunk_326900d0)	COMPLETED	0	2026-04-15 13:56:58.044	734ms	48ms	28.4%	0	0	95.4 KB	2.8 KB
248	5d/03f308	3349786	BUILD_FFINDEX (chunk_5d03f308)	COMPLETED	0	2026-04-15 13:56:57.981	797ms	38ms	46.2%	0	0	95.8 KB	3.3 KB
247	b2/aa538d	3349621	BUILD_FFINDEX (chunk_b2aa538d)	COMPLETED	0	2026-04-15 13:56:57.972	811ms	36ms	36.5%	3.3 MB	4.4 MB	95.8 KB	3.3 KB
282	a2/7e6353	3350532	BUILD_FFINDEX (chunk_a27e6353)	COMPLETED	0	2026-04-15 13:56:58.034	749ms	55ms	27.7%	0	0	95.4 KB	2.9 KB
251	4c/5f651b	3350066	BUILD_FFINDEX (chunk_4c5f651b)	COMPLETED	0	2026-04-15 13:56:58.000	800ms	29ms	27.4%	3.4 MB	4.4 MB	95.8 KB	3.2 KB
287	df/c102f4	3351157	BUILD_FFINDEX (chunk_dfc102f4)	COMPLETED	0	2026-04-15 13:56:58.068	762ms	33ms	46.2%	0	0	95.4 KB	2.8 KB
285	80/f94e9c	3350793	BUILD_FFINDEX (chunk_80f94e9c)	COMPLETED	0	2026-04-15 13:56:58.048	782ms	67ms	31.9%	0	0	95.4 KB	2.8 KB
286	51/79415b	3351074	BUILD_FFINDEX (chunk_5179415b)	COMPLETED	0	2026-04-15 13:56:58.063	832ms	32ms	51.7%	0	0	95.4 KB	2.8 KB
289	fd/f3cfa6	3351856	BUILD_FFINDEX (chunk_fdf3cfa6)	COMPLETED	0	2026-04-15 13:56:58.103	793ms	25ms	51.2%	0	0	95.4 KB	2.8 KB
288	2c/98a210	3351227	BUILD_FFINDEX (chunk_2c98a210)	COMPLETED	0	2026-04-15 13:56:58.071	825ms	52ms	33.2%	3.4 MB	4.4 MB	95.4 KB	2.8 KB
284	91/9a75a6	3350979	BUILD_FFINDEX (chunk_919a75a6)	COMPLETED	0	2026-04-15 13:56:58.057	838ms	41ms	36.7%	0	0	95.4 KB	2.8 KB
296	e1/86c9e7	3355072	BUILD_FFINDEX (chunk_e186c9e7)	COMPLETED	0	2026-04-15 13:56:58.272	658ms	34ms	58.7%	0	0	95.3 KB	2.7 KB
290	85/501413	3354374	BUILD_FFINDEX (chunk_85501413)	COMPLETED	0	2026-04-15 13:56:58.234	703ms	38ms	46.4%	0	0	95.3 KB	2.8 KB
295	23/d61ce2	3354958	BUILD_FFINDEX (chunk_23d61ce2)	COMPLETED	0	2026-04-15 13:56:58.266	713ms	32ms	49.6%	0	0	95.3 KB	2.8 KB
291	d4/1bc4f7	3354537	BUILD_FFINDEX (chunk_d41bc4f7)	COMPLETED	0	2026-04-15 13:56:58.244	749ms	44ms	42.1%	3.3 MB	4.4 MB	95.3 KB	2.8 KB
293	3e/ab5cce	3354666	BUILD_FFINDEX (chunk_3eab5cce)	COMPLETED	0	2026-04-15 13:56:58.252	756ms	33ms	62.7%	0	0	95.3 KB	2.8 KB
298	89/b4033c	3355281	BUILD_FFINDEX (chunk_89b4033c)	COMPLETED	0	2026-04-15 13:56:58.284	753ms	40ms	47.2%	0	0	95.3 KB	2.7 KB
302	5e/2ca8f1	3356310	BUILD_FFINDEX (chunk_5e2ca8f1)	COMPLETED	0	2026-04-15 13:56:58.345	693ms	28ms	56.4%	0	0	95.2 KB	2.7 KB
294	e4/44d03a	3354812	BUILD_FFINDEX (chunk_e444d03a)	COMPLETED	0	2026-04-15 13:56:58.258	787ms	27ms	42.8%	0	0	95.3 KB	2.8 KB
303	7c/87bc24	3356602	BUILD_FFINDEX (chunk_7c87bc24)	COMPLETED	0	2026-04-15 13:56:58.362	702ms	38ms	30.5%	0	0	95.2 KB	2.7 KB
304	c4/0b72ba	3356795	BUILD_FFINDEX (chunk_c40b72ba)	COMPLETED	0	2026-04-15 13:56:58.374	705ms	28ms	68.3%	0	0	95.2 KB	2.7 KB
306	4e/390f4e	3356889	BUILD_FFINDEX (chunk_4e390f4e)	COMPLETED	0	2026-04-15 13:56:58.379	735ms	34ms	63.8%	3.3 MB	4.4 MB	95.2 KB	2.7 KB
309	74/6351e7	3357267	BUILD_FFINDEX (chunk_746351e7)	COMPLETED	0	2026-04-15 13:56:58.402	710ms	36ms	33.5%	3.4 MB	4.4 MB	95.2 KB	2.6 KB
315	f3/e5b2ef	3357773	BUILD_FFINDEX (chunk_f3e5b2ef)	COMPLETED	0	2026-04-15 13:56:58.432	688ms	30ms	48.2%	0	0	95.2 KB	2.6 KB
301	a8/3b5c86	3356175	BUILD_FFINDEX (chunk_a83b5c86)	COMPLETED	0	2026-04-15 13:56:58.336	785ms	33ms	28.8%	3.3 MB	4.4 MB	95.3 KB	2.7 KB
300	ef/8bb5b8	3356097	BUILD_FFINDEX (chunk_ef8bb5b8)	COMPLETED	0	2026-04-15 13:56:58.330	794ms	40ms	42.1%	3.4 MB	4.4 MB	95.3 KB	2.7 KB
297	35/37c2ec	3355237	BUILD_FFINDEX (chunk_3537c2ec)	COMPLETED	0	2026-04-15 13:56:58.279	855ms	37ms	47.7%	0	0	95.3 KB	2.7 KB
299	90/8523af	3355918	BUILD_FFINDEX (chunk_908523af)	COMPLETED	0	2026-04-15 13:56:58.319	819ms	42ms	22.5%	3.4 MB	4.4 MB	95.3 KB	2.7 KB
307	1b/493c41	3357147	BUILD_FFINDEX (chunk_1b493c41)	COMPLETED	0	2026-04-15 13:56:58.393	745ms	37ms	38.7%	0	0	95.2 KB	2.7 KB
313	63/9dbbc4	3357668	BUILD_FFINDEX (chunk_639dbbc4)	COMPLETED	0	2026-04-15 13:56:58.427	713ms	28ms	27.7%	0	0	95.2 KB	2.6 KB
312	24/a53ae5	3357474	BUILD_FFINDEX (chunk_24a53ae5)	COMPLETED	0	2026-04-15 13:56:58.414	732ms	28ms	56.0%	0	0	95.2 KB	2.6 KB
317	69/09a8e0	3358432	BUILD_FFINDEX (chunk_6909a8e0)	COMPLETED	0	2026-04-15 13:56:58.473	675ms	37ms	50.3%	0	0	95.1 KB	2.6 KB
305	51/4dcb97	3356980	BUILD_FFINDEX (chunk_514dcb97)	COMPLETED	0	2026-04-15 13:56:58.383	782ms	36ms	37.3%	0	0	95.2 KB	2.7 KB
310	21/f72e75	3357342	BUILD_FFINDEX (chunk_21f72e75)	COMPLETED	0	2026-04-15 13:56:58.406	801ms	29ms	51.5%	0	0	95.2 KB	2.6 KB
314	ad/9c653f	3357612	BUILD_FFINDEX (chunk_ad9c653f)	COMPLETED	0	2026-04-15 13:56:58.422	794ms	35ms	27.4%	0	0	95.2 KB	2.6 KB
311	90/f7ce51	3357419	BUILD_FFINDEX (chunk_90f7ce51)	COMPLETED	0	2026-04-15 13:56:58.410	816ms	38ms	65.0%	3.4 MB	4.4 MB	95.2 KB	2.6 KB
316	3b/c84e26	3358057	BUILD_FFINDEX (chunk_3bc84e26)	COMPLETED	0	2026-04-15 13:56:58.449	778ms	34ms	24.5%	0	0	95.1 KB	2.6 KB
320	e2/c5c96a	3359352	BUILD_FFINDEX (chunk_e2c5c96a)	COMPLETED	0	2026-04-15 13:56:58.526	727ms	27ms	51.9%	0	0	95.1 KB	2.5 KB
318	26/6aa9d4	3358783	BUILD_FFINDEX (chunk_266aa9d4)	COMPLETED	0	2026-04-15 13:56:58.491	770ms	51ms	27.2%	0	0	95.1 KB	2.6 KB
327	ef/617e41	3360476	BUILD_FFINDEX (chunk_ef617e41)	COMPLETED	0	2026-04-15 13:56:58.589	673ms	27ms	51.4%	0	0	95.1 KB	2.5 KB
326	4b/7836b4	3360403	BUILD_FFINDEX (chunk_4b7836b4)	COMPLETED	0	2026-04-15 13:56:58.585	692ms	30ms	60.3%	0	0	95.1 KB	2.5 KB
324	65/039c97	3360318	BUILD_FFINDEX (chunk_65039c97)	COMPLETED	0	2026-04-15 13:56:58.580	697ms	44ms	52.2%	3.3 MB	4.4 MB	95.1 KB	2.5 KB
319	b7/3df5ed	3359161	BUILD_FFINDEX (chunk_b73df5ed)	COMPLETED	0	2026-04-15 13:56:58.514	776ms	35ms	43.4%	0	0	95.1 KB	2.6 KB
322	86/e33f3b	3359569	BUILD_FFINDEX (chunk_86e33f3b)	COMPLETED	0	2026-04-15 13:56:58.537	754ms	42ms	54.1%	3.4 MB	4.4 MB	95.1 KB	2.5 KB
329	fc/7958a0	3360706	BUILD_FFINDEX (chunk_fc7958a0)	COMPLETED	0	2026-04-15 13:56:58.603	693ms	27ms	52.3%	0	0	95 KB	2.5 KB
330	62/aa46d5	3361023	BUILD_FFINDEX (chunk_62aa46d5)	COMPLETED	0	2026-04-15 13:56:58.621	679ms	48ms	47.4%	0	0	95 KB	2.5 KB
325	f1/1cbc62	3360143	BUILD_FFINDEX (chunk_f11cbc62)	COMPLETED	0	2026-04-15 13:56:58.569	766ms	33ms	44.8%	0	0	95.1 KB	2.5 KB
321	85/8d181f	3359814	BUILD_FFINDEX (chunk_858d181f)	COMPLETED	0	2026-04-15 13:56:58.549	800ms	35ms	45.3%	0	0	95.1 KB	2.5 KB
332	18/5ee7db	3361843	BUILD_FFINDEX (chunk_185ee7db)	COMPLETED	0	2026-04-15 13:56:58.661	688ms	39ms	56.7%	3.2 MB	4.4 MB	95 KB	2.4 KB
328	88/aff31e	3360551	BUILD_FFINDEX (chunk_88aff31e)	COMPLETED	0	2026-04-15 13:56:58.595	768ms	35ms	43.4%	0	0	95 KB	2.5 KB
323	68/d98b38	3360012	BUILD_FFINDEX (chunk_68d98b38)	COMPLETED	0	2026-04-15 13:56:58.561	807ms	44ms	50.7%	3.2 MB	4.4 MB	95.1 KB	2.5 KB
335	b6/d4fa8c	3363183	BUILD_FFINDEX (chunk_b6d4fa8c)	COMPLETED	0	2026-04-15 13:56:58.730	643ms	31ms	50.1%	0	0	95 KB	2.4 KB
331	93/6a9969	3361121	BUILD_FFINDEX (chunk_936a9969)	COMPLETED	0	2026-04-15 13:56:58.626	793ms	31ms	66.5%	0	0	95 KB	2.5 KB
348	3d/3d501b	3364517	BUILD_FFINDEX (chunk_3d3d501b)	COMPLETED	0	2026-04-15 13:56:58.807	623ms	27ms	55.7%	0	0	94.8 KB	2.3 KB
333	08/65a5c5	3362086	BUILD_FFINDEX (chunk_0865a5c5)	COMPLETED	0	2026-04-15 13:56:58.674	758ms	46ms	25.3%	3.3 MB	4.4 MB	95 KB	2.4 KB
367	dd/f571df	3363815	BUILD_FFINDEX (chunk_ddf571df)	COMPLETED	0	2026-04-15 13:56:58.767	673ms	32ms	32.6%	0	0	94.5 KB	2 KB
342	a2/b24b2b	3363891	BUILD_FFINDEX (chunk_a2b24b2b)	COMPLETED	0	2026-04-15 13:56:58.775	703ms	33ms	49.4%	3.4 MB	4.4 MB	94.9 KB	2.3 KB
334	14/751d58	3362168	BUILD_FFINDEX (chunk_14751d58)	COMPLETED	0	2026-04-15 13:56:58.680	798ms	30ms	49.5%	3.3 MB	4.4 MB	95 KB	2.4 KB
338	57/f08e4b	3363576	BUILD_FFINDEX (chunk_57f08e4b)	COMPLETED	0	2026-04-15 13:56:58.753	728ms	33ms	43.3%	3.4 MB	4.4 MB	94.9 KB	2.4 KB
340	40/a104f1	3364019	BUILD_FFINDEX (chunk_40a104f1)	COMPLETED	0	2026-04-15 13:56:58.781	701ms	32ms	54.3%	0	0	94.9 KB	2.3 KB
336	bd/45bff7	3363368	BUILD_FFINDEX (chunk_bd45bff7)	COMPLETED	0	2026-04-15 13:56:58.741	745ms	29ms	28.8%	3.3 MB	4.4 MB	95 KB	2.4 KB
339	df/62b619	3363734	BUILD_FFINDEX (chunk_df62b619)	COMPLETED	0	2026-04-15 13:56:58.762	727ms	50ms	36.6%	3.3 MB	4.4 MB	94.9 KB	2.4 KB
341	6e/4255ab	3363841	BUILD_FFINDEX (chunk_6e4255ab)	COMPLETED	0	2026-04-15 13:56:58.771	721ms	33ms	48.0%	3.4 MB	4.4 MB	94.9 KB	2.3 KB
343	a0/b2c116	3364163	BUILD_FFINDEX (chunk_a0b2c116)	COMPLETED	0	2026-04-15 13:56:58.788	704ms	49ms	24.1%	0	0	94.9 KB	2.3 KB
350	88/e32dd1	3365000	BUILD_FFINDEX (chunk_88e32dd1)	COMPLETED	0	2026-04-15 13:56:58.836	681ms	29ms	49.0%	3.2 MB	4.4 MB	94.8 KB	2.2 KB
337	2e/85b2c2	3363647	BUILD_FFINDEX (chunk_2e85b2c2)	COMPLETED	0	2026-04-15 13:56:58.758	765ms	37ms	52.1%	3.4 MB	4.4 MB	94.9 KB	2.4 KB
345	dd/d35583	3364439	BUILD_FFINDEX (chunk_ddd35583)	COMPLETED	0	2026-04-15 13:56:58.803	720ms	42ms	29.9%	0	0	94.9 KB	2.3 KB
355	a3/d6d229	3362262	BUILD_FFINDEX (chunk_a3d6d229)	COMPLETED	0	2026-04-15 13:56:58.685	843ms	35ms	42.6%	0	0	94.7 KB	2.2 KB
346	24/a2cdc8	3364315	BUILD_FFINDEX (chunk_24a2cdc8)	COMPLETED	0	2026-04-15 13:56:58.795	740ms	27ms	89.8%	3.3 MB	4.4 MB	94.9 KB	2.3 KB
347	e4/3a4d14	3364386	BUILD_FFINDEX (chunk_e43a4d14)	COMPLETED	0	2026-04-15 13:56:58.799	736ms	61ms	30.1%	3.3 MB	4.4 MB	94.8 KB	2.3 KB
351	85/857813	3366960	BUILD_FFINDEX (chunk_85857813)	COMPLETED	0	2026-04-15 13:56:58.944	605ms	37ms	47.3%	3.4 MB	4.4 MB	94.8 KB	2.2 KB
352	e4/8b14f0	3365179	BUILD_FFINDEX (chunk_e48b14f0)	COMPLETED	0	2026-04-15 13:56:58.847	720ms	32ms	67.5%	3.4 MB	4.4 MB	94.8 KB	2.2 KB
371	36/56a0c5	3370425	BUILD_FFINDEX (chunk_3656a0c5)	COMPLETED	0	2026-04-15 13:56:59.139	428ms	19ms	63.1%	0	0	93.4 KB	542 B
353	d1/83768d	3367729	BUILD_FFINDEX (chunk_d183768d)	COMPLETED	0	2026-04-15 13:56:58.989	582ms	27ms	56.9%	0	0	94.8 KB	2.2 KB
349	1d/761480	3366771	BUILD_FFINDEX (chunk_1d761480)	COMPLETED	0	2026-04-15 13:56:58.935	641ms	28ms	71.8%	0	0	94.8 KB	2.3 KB
358	f3/4206ca	3368723	BUILD_FFINDEX (chunk_f34206ca)	COMPLETED	0	2026-04-15 13:56:59.044	537ms	29ms	56.0%	0	0	94.7 KB	2.1 KB
357	2c/4dd59c	3368239	BUILD_FFINDEX (chunk_2c4dd59c)	COMPLETED	0	2026-04-15 13:56:59.019	569ms	25ms	57.5%	0	0	94.7 KB	2.1 KB
354	7d/b9d1e4	3367901	BUILD_FFINDEX (chunk_7db9d1e4)	COMPLETED	0	2026-04-15 13:56:58.998	602ms	25ms	59.8%	0	0	94.7 KB	2.2 KB
356	bc/30b581	3368845	BUILD_FFINDEX (chunk_bc30b581)	COMPLETED	0	2026-04-15 13:56:59.050	597ms	25ms	85.3%	0	0	94.7 KB	2.2 KB
360	f8/a0f540	3369409	BUILD_FFINDEX (chunk_f8a0f540)	COMPLETED	0	2026-04-15 13:56:59.076	583ms	26ms	85.2%	3.4 MB	4.4 MB	94.7 KB	2.1 KB
361	96/76c3b4	3370224	BUILD_FFINDEX (chunk_9676c3b4)	COMPLETED	0	2026-04-15 13:56:59.124	554ms	26ms	65.2%	3.4 MB	4.4 MB	94.6 KB	2.1 KB
362	e2/13bc69	3370131	BUILD_FFINDEX (chunk_e213bc69)	COMPLETED	0	2026-04-15 13:56:59.119	567ms	24ms	69.0%	3.4 MB	4.4 MB	94.6 KB	2.1 KB
359	d2/d7e234	3368974	BUILD_FFINDEX (chunk_d2d7e234)	COMPLETED	0	2026-04-15 13:56:59.055	637ms	25ms	64.9%	3.3 MB	4.4 MB	94.7 KB	2.1 KB
365	2b/059aae	3370555	BUILD_FFINDEX (chunk_2b059aae)	COMPLETED	0	2026-04-15 13:56:59.144	553ms	26ms	90.1%	3.4 MB	4.4 MB	94.6 KB	2 KB
363	47/9c5ca5	3370304	BUILD_FFINDEX (chunk_479c5ca5)	COMPLETED	0	2026-04-15 13:56:59.131	575ms	22ms	49.2%	3.3 MB	4.4 MB	94.6 KB	2 KB
364	f8/4184d0	3370370	BUILD_FFINDEX (chunk_f84184d0)	COMPLETED	0	2026-04-15 13:56:59.135	571ms	24ms	48.2%	0	0	94.6 KB	2 KB
369	21/71386c	3370724	BUILD_FFINDEX (chunk_2171386c)	COMPLETED	0	2026-04-15 13:56:59.154	554ms	25ms	54.6%	0	0	94.5 KB	1.9 KB
366	3b/4e47d1	3370812	BUILD_FFINDEX (chunk_3b4e47d1)	COMPLETED	0	2026-04-15 13:56:59.159	557ms	23ms	65.7%	3.3 MB	4.4 MB	94.6 KB	2 KB
370	45/3b21b2	3370636	BUILD_FFINDEX (chunk_453b21b2)	COMPLETED	0	2026-04-15 13:56:59.149	577ms	28ms	60.8%	3.4 MB	4.4 MB	94.4 KB	1.8 KB
368	a8/f8ca2b	3370908	BUILD_FFINDEX (chunk_a8f8ca2b)	COMPLETED	0	2026-04-15 13:56:59.165	565ms	28ms	43.5%	3.3 MB	4.4 MB	94.5 KB	2 KB
477	2b/7c1985	3372914	ENRICH_MSA_PHROGS (enrich_2b7c1985)	COMPLETED	0	2026-04-15 13:56:59.281	10s	9.6s	351.5%	615.7 MB	1.6 GB	3.4 MB	651.8 KB
406	1e/e192a4	3378879	ENRICH_MSA_PHROGS (enrich_1ee192a4)	COMPLETED	0	2026-04-15 13:56:59.712	15.6s	15.4s	359.3%	624 MB	1.5 GB	3.4 MB	1.4 MB
409	da/099e14	3376859	ENRICH_MSA_PHROGS (enrich_da099e14)	COMPLETED	0	2026-04-15 13:56:59.539	16.8s	16.5s	348.6%	679.7 MB	1.6 GB	3.4 MB	1.7 MB
381	93/8414b9	3379029	ENRICH_MSA_PHROGS (enrich_938414b9)	COMPLETED	0	2026-04-15 13:56:59.735	31.8s	31.5s	344.6%	833.3 MB	1.7 GB	3.4 MB	3.6 MB
384	90/12052b	3388540	ENRICH_MSA_PHROGS (enrich_9012052b)	COMPLETED	0	2026-04-15 13:57:16.306	16.7s	16.4s	362.6%	708 MB	1.6 GB	3.4 MB	2.4 MB
382	d1/b72e7c	3385601	ENRICH_MSA_PHROGS (enrich_d1b72e7c)	COMPLETED	0	2026-04-15 13:57:09.311	29.2s	28.7s	341.0%	857.3 MB	1.7 GB	3.4 MB	2.8 MB
373	69/bd8db3	3374471	ENRICH_MSA_PHROGS (enrich_69bd8db3)	COMPLETED	0	2026-04-15 13:56:59.371	44.3s	44s	365.0%	1.1 GB	1.9 GB	3.4 MB	3.6 MB
387	cf/e786e1	3393597	ENRICH_MSA_PHROGS (enrich_cfe786e1)	COMPLETED	0	2026-04-15 13:57:38.474	12.4s	12s	349.1%	645.7 MB	1.5 GB	3.4 MB	1.7 MB
386	65/242f31	3392270	ENRICH_MSA_PHROGS (enrich_65242f31)	COMPLETED	0	2026-04-15 13:57:33.037	20.5s	20.2s	353.1%	788.2 MB	1.7 GB	3.4 MB	2.3 MB
344	cb/f05a40	3372552	ENRICH_MSA_PHROGS (enrich_cbf05a40)	COMPLETED	0	2026-04-15 13:56:59.258	54.6s	54.3s	382.2%	1.4 GB	2.1 GB	3.4 MB	5.9 MB
379	b8/3cff3a	3377668	ENRICH_MSA_PHROGS (enrich_b83cff3a)	COMPLETED	0	2026-04-15 13:56:59.603	1m	59.8s	374.2%	1.3 GB	2 GB	3.4 MB	4.3 MB
377	82/d79a6e	3376721	ENRICH_MSA_PHROGS (enrich_82d79a6e)	COMPLETED	0	2026-04-15 13:56:59.528	1m 6s	1m 5s	293.6%	1.5 GB	2.2 GB	3.4 MB	6.3 MB
378	81/988c10	3377291	ENRICH_MSA_PHROGS (enrich_81988c10)	COMPLETED	0	2026-04-15 13:56:59.578	1m 7s	1m 7s	336.7%	1.4 GB	2.1 GB	3.4 MB	6.5 MB
388	93/190481	3395133	ENRICH_MSA_PHROGS (enrich_93190481)	COMPLETED	0	2026-04-15 13:57:43.659	29s	28.7s	296.0%	804.1 MB	1.7 GB	3.4 MB	3 MB
380	4f/8c745c	3378752	ENRICH_MSA_PHROGS (enrich_4f8c745c)	COMPLETED	0	2026-04-15 13:56:59.692	1m 23s	1m 23s	229.0%	1.2 GB	2 GB	3.4 MB	5.8 MB
385	be/b34b1c	3392042	ENRICH_MSA_PHROGS (enrich_beb34b1c)	COMPLETED	0	2026-04-15 13:57:31.515	51.2s	51s	342.8%	1.2 GB	1.9 GB	3.4 MB	4.9 MB
391	b3/a1bc9a	3397898	ENRICH_MSA_PHROGS (enrich_b3a1bc9a)	COMPLETED	0	2026-04-15 13:57:53.862	36.2s	35.9s	299.1%	940.7 MB	1.7 GB	3.4 MB	3 MB
393	b1/992dbd	3401243	ENRICH_MSA_PHROGS (enrich_b1992dbd)	COMPLETED	0	2026-04-15 13:58:05.143	26.5s	26.3s	365.8%	867.4 MB	1.8 GB	3.4 MB	2.4 MB
394	9d/5488af	3402035	ENRICH_MSA_PHROGS (enrich_9d5488af)	COMPLETED	0	2026-04-15 13:58:06.939	27.1s	26.8s	338.9%	908.1 MB	1.7 GB	3.4 MB	2 MB
292	b6/a964f5	3366419	ENRICH_MSA_PHROGS (enrich_b6a964f5)	COMPLETED	0	2026-04-15 13:56:58.914	1m 40s	1m 40s	333.2%	1.5 GB	2.3 GB	3.4 MB	9 MB
395	f4/5366b9	3403565	ENRICH_MSA_PHROGS (enrich_f45366b9)	COMPLETED	0	2026-04-15 13:58:12.645	29.4s	29.2s	362.5%	965 MB	1.7 GB	3.4 MB	3.1 MB
396	0d/131f97	3406045	ENRICH_MSA_PHROGS (enrich_0d131f97)	COMPLETED	0	2026-04-15 13:58:22.468	22.1s	21.9s	359.3%	754.2 MB	1.6 GB	3.4 MB	3.5 MB
399	2c/05e172	3408677	ENRICH_MSA_PHROGS (enrich_2c05e172)	COMPLETED	0	2026-04-15 13:58:31.639	16.8s	16.5s	331.9%	684.2 MB	1.5 GB	3.4 MB	1.5 MB
389	bf/ae3702	3397227	ENRICH_MSA_PHROGS (enrich_bfae3702)	COMPLETED	0	2026-04-15 13:57:50.921	1m	59.9s	244.1%	1.2 GB	1.9 GB	3.4 MB	4.1 MB
397	2d/3b4350	3406225	ENRICH_MSA_PHROGS (enrich_2d3b4350)	COMPLETED	0	2026-04-15 13:58:22.752	29.7s	29.5s	324.4%	1007.8 MB	1.8 GB	3.4 MB	2.6 MB
398	aa/ce1b53	3407885	ENRICH_MSA_PHROGS (enrich_aace1b53)	COMPLETED	0	2026-04-15 13:58:30.028	35.7s	35.5s	346.3%	1 GB	1.9 GB	3.4 MB	2.9 MB
401	f6/6c56b2	3410924	ENRICH_MSA_PHROGS (enrich_f66c56b2)	COMPLETED	0	2026-04-15 13:58:38.972	26.7s	26.5s	341.9%	927.6 MB	1.8 GB	3.4 MB	3 MB
383	9f/5fa548	3388312	ENRICH_MSA_PHROGS (enrich_9f5fa548)	COMPLETED	0	2026-04-15 13:57:15.327	1m 51s	1m 51s	364.6%	1.6 GB	2.3 GB	3.4 MB	8.5 MB
407	af/099783	3415671	ENRICH_MSA_PHROGS (enrich_af099783)	COMPLETED	0	2026-04-15 13:58:52.433	14.6s	14.4s	355.1%	637 MB	1.5 GB	3.4 MB	1.7 MB
404	28/d5d831	3414081	ENRICH_MSA_PHROGS (enrich_28d5d831)	COMPLETED	0	2026-04-15 13:58:48.415	20.2s	20s	357.1%	872.3 MB	1.6 GB	3.4 MB	3.3 MB
402	12/68023f	3412076	ENRICH_MSA_PHROGS (enrich_1268023f)	COMPLETED	0	2026-04-15 13:58:42.079	27s	26.8s	347.2%	929.2 MB	1.8 GB	3.4 MB	1.8 MB
403	86/560893	3412819	ENRICH_MSA_PHROGS (enrich_86560893)	COMPLETED	0	2026-04-15 13:58:44.578	24.6s	24.4s	347.6%	862.2 MB	1.7 GB	3.4 MB	2.5 MB
376	3c/982edf	3376408	ENRICH_MSA_PHROGS (enrich_3c982edf)	COMPLETED	0	2026-04-15 13:56:59.501	2m 12s	2m 11s	202.9%	1.3 GB	2 GB	3.4 MB	6.8 MB
390	ad/4fd6a1	3397717	ENRICH_MSA_PHROGS (enrich_ad4fd6a1)	COMPLETED	0	2026-04-15 13:57:53.531	1m 19s	1m 18s	245.1%	1.2 GB	1.8 GB	3.4 MB	5.4 MB
405	4b/491f59	3414903	ENRICH_MSA_PHROGS (enrich_4b491f59)	COMPLETED	0	2026-04-15 13:58:51.039	23.5s	23.2s	334.3%	792.4 MB	1.5 GB	3.4 MB	1.5 MB
375	38/7618da	3376228	ENRICH_MSA_PHROGS (enrich_387618da)	COMPLETED	0	2026-04-15 13:56:59.483	2m 18s	2m 18s	333.4%	2 GB	2.6 GB	3.4 MB	11 MB
411	8b/b20eb3	3419337	ENRICH_MSA_PHROGS (enrich_8bb20eb3)	COMPLETED	0	2026-04-15 13:59:06.435	14.3s	14.1s	365.1%	641.2 MB	1.5 GB	3.4 MB	2 MB
416	1e/3e5d54	3420854	ENRICH_MSA_PHROGS (enrich_1e3e5d54)	COMPLETED	0	2026-04-15 13:59:09.215	15.1s	14.9s	335.9%	601.2 MB	1.5 GB	3.4 MB	1.9 MB
410	75/e78139	3418890	ENRICH_MSA_PHROGS (enrich_75e78139)	COMPLETED	0	2026-04-15 13:59:05.712	20.1s	19.9s	369.4%	818.2 MB	1.6 GB	3.4 MB	2.9 MB
418	1b/a32d32	3423732	ENRICH_MSA_PHROGS (enrich_1ba32d32)	COMPLETED	0	2026-04-15 13:59:14.503	11.5s	11.3s	383.3%	637.6 MB	1.6 GB	3.4 MB	1.3 MB
413	48/e9a645	3420413	ENRICH_MSA_PHROGS (enrich_48e9a645)	COMPLETED	0	2026-04-15 13:59:08.615	20.6s	20.4s	298.7%	697.1 MB	1.5 GB	3.4 MB	3.2 MB
408	5d/4b4293	3418885	ENRICH_MSA_PHROGS (enrich_5d4b4293)	COMPLETED	0	2026-04-15 13:59:05.703	23.5s	23.3s	331.6%	869.1 MB	1.7 GB	3.4 MB	2.8 MB
392	1c/f19561	3399531	ENRICH_MSA_PHROGS (enrich_1cf19561)	COMPLETED	0	2026-04-15 13:57:59.628	1m 30s	1m 30s	232.0%	1.3 GB	2 GB	3.4 MB	6 MB
417	b2/da25a5	3422538	ENRICH_MSA_PHROGS (enrich_b2da25a5)	COMPLETED	0	2026-04-15 13:59:12.179	20s	19.7s	325.8%	803.4 MB	1.6 GB	3.4 MB	2.3 MB
400	ad/ff552a	3409419	ENRICH_MSA_PHROGS (enrich_adff552a)	COMPLETED	0	2026-04-15 13:58:34.027	59.6s	59.4s	245.0%	1.1 GB	1.9 GB	3.4 MB	4.8 MB
412	f6/2838c5	3419966	ENRICH_MSA_PHROGS (enrich_f62838c5)	COMPLETED	0	2026-04-15 13:59:06.997	27.1s	26.9s	351.6%	951.9 MB	1.8 GB	3.4 MB	4.2 MB
414	12/ae5ef7	3420655	ENRICH_MSA_PHROGS (enrich_12ae5ef7)	COMPLETED	0	2026-04-15 13:59:09.043	26.6s	26.4s	338.4%	863.9 MB	1.7 GB	3.4 MB	2.1 MB
308	05/a10151	3371813	ENRICH_MSA_PHROGS (enrich_05a10151)	COMPLETED	0	2026-04-15 13:56:59.214	2m 37s	2m 37s	303.8%	1.8 GB	2.6 GB	3.4 MB	10.1 MB
419	7a/8d986b	3425585	ENRICH_MSA_PHROGS (enrich_7a8d986b)	COMPLETED	0	2026-04-15 13:59:17.703	19.7s	19.4s	304.7%	736.8 MB	1.6 GB	3.4 MB	2.2 MB
420	4e/94983e	3426805	ENRICH_MSA_PHROGS (enrich_4e94983e)	COMPLETED	0	2026-04-15 13:59:20.724	18.3s	18.1s	337.4%	711.1 MB	1.6 GB	3.4 MB	2.8 MB
426	1f/92a261	3430733	ENRICH_MSA_PHROGS (enrich_1f92a261)	COMPLETED	0	2026-04-15 13:59:30.130	9.5s	9.2s	347.4%	591.5 MB	1.6 GB	3.4 MB	1.2 MB
415	aa/b12cef	3421642	ENRICH_MSA_PHROGS (enrich_aab12cef)	COMPLETED	0	2026-04-15 13:59:11.036	28.8s	28.6s	258.8%	995.7 MB	1.7 GB	3.4 MB	2.7 MB
423	d5/10e752	3430113	ENRICH_MSA_PHROGS (enrich_d510e752)	COMPLETED	0	2026-04-15 13:59:29.188	12.8s	12.6s	339.0%	640.1 MB	1.6 GB	3.4 MB	1.4 MB
427	38/1acd79	3431774	ENRICH_MSA_PHROGS (enrich_381acd79)	COMPLETED	0	2026-04-15 13:59:32.148	10s	9.8s	363.1%	628.1 MB	1.5 GB	3.4 MB	1.5 MB
424	7a/b23ab1	3428795	ENRICH_MSA_PHROGS (enrich_7ab23ab1)	COMPLETED	0	2026-04-15 13:59:26.030	16.2s	16s	356.9%	712.1 MB	1.6 GB	3.4 MB	2.3 MB
425	cb/46516e	3430204	ENRICH_MSA_PHROGS (enrich_cb46516e)	COMPLETED	0	2026-04-15 13:59:29.236	14.8s	14.6s	305.1%	614.9 MB	1.5 GB	3.4 MB	1.1 MB
422	05/d6cfc4	3428674	ENRICH_MSA_PHROGS (enrich_05d6cfc4)	COMPLETED	0	2026-04-15 13:59:25.852	18.6s	18.4s	251.8%	666.3 MB	1.6 GB	3.4 MB	1.6 MB
428	27/0c012a	3432551	ENRICH_MSA_PHROGS (enrich_270c012a)	COMPLETED	0	2026-04-15 13:59:33.611	11.9s	11.7s	364.4%	747.2 MB	1.5 GB	3.4 MB	1 MB
429	c9/b74e63	3432940	ENRICH_MSA_PHROGS (enrich_c9b74e63)	COMPLETED	0	2026-04-15 13:59:34.088	11.6s	11.4s	372.0%	607.1 MB	1.5 GB	3.4 MB	1.7 MB
421	50/bdab65	3428160	ENRICH_MSA_PHROGS (enrich_50bdab65)	COMPLETED	0	2026-04-15 13:59:24.368	21.6s	21.4s	302.2%	701.1 MB	1.5 GB	3.4 MB	1.9 MB
430	a8/4a51de	3433646	ENRICH_MSA_PHROGS (enrich_a84a51de)	COMPLETED	0	2026-04-15 13:59:35.655	10.5s	10.3s	360.8%	650.9 MB	1.5 GB	3.4 MB	1.2 MB
432	7c/52ccdb	3435025	ENRICH_MSA_PHROGS (enrich_7c52ccdb)	COMPLETED	0	2026-04-15 13:59:37.359	9.5s	9.3s	339.9%	618 MB	1.6 GB	3.4 MB	892.1 KB
434	b7/fba85b	3435750	ENRICH_MSA_PHROGS (enrich_b7fba85b)	COMPLETED	0	2026-04-15 13:59:39.079	10.3s	10.1s	344.2%	556.5 MB	1.5 GB	3.4 MB	530.1 KB
431	79/060cfa	3434266	ENRICH_MSA_PHROGS (enrich_79060cfa)	COMPLETED	0	2026-04-15 13:59:36.660	14.7s	14.5s	285.6%	634.6 MB	1.6 GB	3.4 MB	1.6 MB
437	e9/41c513	3437962	ENRICH_MSA_PHROGS (enrich_e941c513)	COMPLETED	0	2026-04-15 13:59:42.172	9.4s	9.2s	336.6%	573.5 MB	1.5 GB	3.4 MB	888.7 KB
438	1a/dfef4b	3438109	ENRICH_MSA_PHROGS (enrich_1adfef4b)	COMPLETED	0	2026-04-15 13:59:42.272	9.4s	9.1s	357.2%	580.7 MB	1.5 GB	3.4 MB	1.1 MB
372	cb/57d177	3373516	ENRICH_MSA_PHROGS (enrich_cb57d177)	COMPLETED	0	2026-04-15 13:56:59.316	2m 53s	2m 53s	274.4%	1.9 GB	2.6 GB	3.4 MB	8.1 MB
433	ff/bc0b0b	3436258	ENRICH_MSA_PHROGS (enrich_ffbc0b0b)	COMPLETED	0	2026-04-15 13:59:39.624	13.2s	12.9s	367.3%	703.3 MB	1.5 GB	3.4 MB	1.2 MB
435	a0/3ff231	3436471	ENRICH_MSA_PHROGS (enrich_a03ff231)	COMPLETED	0	2026-04-15 13:59:39.875	14.5s	14.1s	386.1%	675.7 MB	1.5 GB	3.4 MB	2.2 MB
436	b0/6feb01	3437679	ENRICH_MSA_PHROGS (enrich_b06feb01)	COMPLETED	0	2026-04-15 13:59:41.964	12.9s	12.6s	372.0%	650.7 MB	1.5 GB	3.4 MB	2.2 MB
444	5e/0eb3d8	3441246	ENRICH_MSA_PHROGS (enrich_5e0eb3d8)	COMPLETED	0	2026-04-15 13:59:46.134	9.4s	9.1s	342.3%	559.2 MB	1.5 GB	3.4 MB	838.9 KB
440	ff/cf2092	3439244	ENRICH_MSA_PHROGS (enrich_ffcf2092)	COMPLETED	0	2026-04-15 13:59:44.081	11.7s	11.5s	301.0%	560.5 MB	1.5 GB	3.4 MB	1 MB
443	69/725d26	3441094	ENRICH_MSA_PHROGS (enrich_69725d26)	COMPLETED	0	2026-04-15 13:59:45.941	10s	9.7s	368.8%	570.2 MB	1.5 GB	3.4 MB	973.2 KB
446	b8/5399c7	3441863	ENRICH_MSA_PHROGS (enrich_b85399c7)	COMPLETED	0	2026-04-15 13:59:46.882	9.6s	9.3s	356.0%	577.2 MB	1.6 GB	3.4 MB	924 KB
439	50/32f5c1	3439619	ENRICH_MSA_PHROGS (enrich_5032f5c1)	COMPLETED	0	2026-04-15 13:59:44.490	12.4s	12.2s	308.4%	592.4 MB	1.5 GB	3.4 MB	1.2 MB
442	87/45c809	3440620	ENRICH_MSA_PHROGS (enrich_8745c809)	COMPLETED	0	2026-04-15 13:59:45.736	11.6s	11.3s	366.8%	618.4 MB	1.6 GB	3.4 MB	1.5 MB
445	9c/96218b	3443778	ENRICH_MSA_PHROGS (enrich_9c96218b)	COMPLETED	0	2026-04-15 13:59:49.415	8.1s	7.8s	368.0%	559.7 MB	1.5 GB	3.4 MB	537.8 KB
441	10/ec5cf8	3440439	ENRICH_MSA_PHROGS (enrich_10ec5cf8)	COMPLETED	0	2026-04-15 13:59:45.535	12.3s	12.1s	362.0%	607.3 MB	1.5 GB	3.4 MB	1.2 MB
447	7b/824f2c	3444950	ENRICH_MSA_PHROGS (enrich_7b824f2c)	COMPLETED	0	2026-04-15 13:59:51.354	9.1s	8.8s	364.7%	540.3 MB	1.5 GB	3.4 MB	548.5 KB
448	13/9972da	3445352	ENRICH_MSA_PHROGS (enrich_139972da)	COMPLETED	0	2026-04-15 13:59:51.614	11.2s	10.9s	361.6%	591.2 MB	1.5 GB	3.4 MB	919.3 KB
453	7e/262426	3448055	ENRICH_MSA_PHROGS (enrich_7e262426)	COMPLETED	0	2026-04-15 13:59:54.836	9.7s	9.5s	366.9%	602.2 MB	1.5 GB	3.4 MB	1.3 MB
449	4b/6f9861	3445412	ENRICH_MSA_PHROGS (enrich_4b6f9861)	COMPLETED	0	2026-04-15 13:59:51.691	13s	12.8s	295.7%	589.6 MB	1.5 GB	3.4 MB	1.1 MB
458	40/5aa8ff	3450074	ENRICH_MSA_PHROGS (enrich_405aa8ff)	COMPLETED	0	2026-04-15 13:59:56.916	7.9s	7.6s	372.1%	537.8 MB	1.5 GB	3.4 MB	541.6 KB
454	8d/ed8f87	3448531	ENRICH_MSA_PHROGS (enrich_8ded8f87)	COMPLETED	0	2026-04-15 13:59:55.538	9.9s	9.6s	357.8%	534.7 MB	1.5 GB	3.4 MB	761.4 KB
450	07/48f5d7	3445965	ENRICH_MSA_PHROGS (enrich_0748f5d7)	COMPLETED	0	2026-04-15 13:59:52.246	13.3s	13s	357.7%	668.3 MB	1.5 GB	3.4 MB	1.1 MB
451	51/94f7f4	3446419	ENRICH_MSA_PHROGS (enrich_5194f7f4)	COMPLETED	0	2026-04-15 13:59:52.831	13s	12.7s	329.5%	686.3 MB	1.6 GB	3.4 MB	947.3 KB
452	b0/19715e	3447482	ENRICH_MSA_PHROGS (enrich_b019715e)	COMPLETED	0	2026-04-15 13:59:54.352	11.9s	11.7s	345.0%	645.5 MB	1.5 GB	3.4 MB	1.2 MB
456	0c/70dc90	3449184	ENRICH_MSA_PHROGS (enrich_0c70dc90)	COMPLETED	0	2026-04-15 13:59:55.946	10.4s	10.2s	365.4%	600.7 MB	1.5 GB	3.4 MB	660 KB
460	9f/c2d425	3450782	ENRICH_MSA_PHROGS (enrich_9fc2d425)	COMPLETED	0	2026-04-15 13:59:57.554	9s	8.7s	357.8%	558.7 MB	1.5 GB	3.4 MB	743.1 KB
455	d3/2e500d	3448916	ENRICH_MSA_PHROGS (enrich_d32e500d)	COMPLETED	0	2026-04-15 13:59:55.815	10.9s	10.6s	340.3%	616.9 MB	1.5 GB	3.4 MB	1 MB
457	a7/cd1665	3449724	ENRICH_MSA_PHROGS (enrich_a7cd1665)	COMPLETED	0	2026-04-15 13:59:56.473	11.8s	11.5s	352.2%	704.3 MB	1.5 GB	3.4 MB	610.9 KB
462	6b/2bc041	3452862	ENRICH_MSA_PHROGS (enrich_6b2bc041)	COMPLETED	0	2026-04-15 14:00:00.459	8.8s	8.5s	368.1%	553.6 MB	1.5 GB	3.4 MB	699.6 KB
464	20/7bb270	3454627	ENRICH_MSA_PHROGS (enrich_207bb270)	COMPLETED	0	2026-04-15 14:00:02.828	6.9s	6.6s	352.9%	528.3 MB	1.5 GB	3.4 MB	398.1 KB
473	8a/6b9794	3458468	ENRICH_MSA_PHROGS (enrich_8a6b9794)	COMPLETED	0	2026-04-15 14:00:06.698	3.2s	2.9s	358.8%	449.9 MB	1.4 GB	3.4 MB	105.7 KB
471	65/713a45	3458096	ENRICH_MSA_PHROGS (enrich_65713a45)	COMPLETED	0	2026-04-15 14:00:06.383	3.6s	3.3s	339.8%	445.6 MB	1.5 GB	3.4 MB	131.4 KB
472	33/583aaa	3458270	ENRICH_MSA_PHROGS (enrich_33583aaa)	COMPLETED	0	2026-04-15 14:00:06.551	4.4s	4.1s	323.5%	479.7 MB	1.5 GB	3.4 MB	222.1 KB
466	0f/19bd33	3456159	ENRICH_MSA_PHROGS (enrich_0f19bd33)	COMPLETED	0	2026-04-15 14:00:04.793	6.7s	6.4s	375.2%	530.6 MB	1.5 GB	3.4 MB	751.9 KB
459	f5/35b8e7	3450614	ENRICH_MSA_PHROGS (enrich_f535b8e7)	COMPLETED	0	2026-04-15 13:59:57.363	14.3s	13.9s	279.0%	596.3 MB	1.5 GB	3.4 MB	730.6 KB
461	38/ca9c84	3451182	ENRICH_MSA_PHROGS (enrich_38ca9c84)	COMPLETED	0	2026-04-15 13:59:57.886	15.6s	15.3s	300.7%	721.5 MB	1.6 GB	3.4 MB	1.2 MB
469	00/6d8099	3457271	ENRICH_MSA_PHROGS (enrich_006d8099)	COMPLETED	0	2026-04-15 14:00:05.793	8s	7.8s	339.4%	555.1 MB	1.5 GB	3.4 MB	794.5 KB
463	e9/e6132a	3455777	ENRICH_MSA_PHROGS (enrich_e9e6132a)	COMPLETED	0	2026-04-15 14:00:04.562	9.7s	9.5s	360.7%	633.1 MB	1.6 GB	3.4 MB	1.1 MB
467	b9/fd8d2c	3456896	ENRICH_MSA_PHROGS (enrich_b9fd8d2c)	COMPLETED	0	2026-04-15 14:00:05.450	9.1s	8.8s	356.0%	599.4 MB	1.5 GB	3.4 MB	968 KB
474	5d/62340c	3459976	ENRICH_MSA_PHROGS (enrich_5d62340c)	COMPLETED	0	2026-04-15 14:00:08.324	7.8s	7.6s	357.6%	503.3 MB	1.5 GB	3.4 MB	621.8 KB
468	e9/48d576	3456957	ENRICH_MSA_PHROGS (enrich_e948d576)	COMPLETED	0	2026-04-15 14:00:05.529	11.4s	11.1s	339.1%	634 MB	1.5 GB	3.4 MB	1.7 MB
465	77/8654bd	3456042	ENRICH_MSA_PHROGS (enrich_778654bd)	COMPLETED	0	2026-04-15 14:00:04.743	12.7s	12.4s	283.8%	596.3 MB	1.5 GB	3.4 MB	880.5 KB
476	2b/8a87a9	3461194	ENRICH_MSA_PHROGS (enrich_2b8a87a9)	COMPLETED	0	2026-04-15 14:00:09.743	8.6s	8.3s	334.7%	538.9 MB	1.5 GB	3.4 MB	343.8 KB
475	47/4321e5	3461362	ENRICH_MSA_PHROGS (enrich_474321e5)	COMPLETED	0	2026-04-15 14:00:09.890	8.4s	8.2s	348.4%	600.2 MB	1.5 GB	3.4 MB	1.1 MB
480	55/5982d4	3462296	ENRICH_MSA_PHROGS (enrich_555982d4)	COMPLETED	0	2026-04-15 14:00:10.955	7.5s	7.1s	375.5%	608.9 MB	1.5 GB	3.4 MB	901.2 KB
470	ea/f24f28	3457981	ENRICH_MSA_PHROGS (enrich_eaf24f28)	COMPLETED	0	2026-04-15 14:00:06.284	12.3s	12s	294.7%	605.8 MB	1.5 GB	3.4 MB	1.2 MB
478	d0/95cce6	3461411	ENRICH_MSA_PHROGS (enrich_d095cce6)	COMPLETED	0	2026-04-15 14:00:09.940	9.2s	8.9s	353.1%	613.8 MB	1.5 GB	3.4 MB	911.7 KB
479	90/466d8c	3460695	ENRICH_MSA_PHROGS (enrich_90466d8c)	COMPLETED	0	2026-04-15 14:00:09.278	10.3s	10s	257.6%	548.8 MB	1.5 GB	3.4 MB	878.9 KB
482	ac/6a5ac6	3462917	ENRICH_MSA_PHROGS (enrich_ac6a5ac6)	COMPLETED	0	2026-04-15 14:00:11.671	8s	7.7s	354.4%	566.2 MB	1.5 GB	3.4 MB	630.5 KB
484	67/bfe7b2	3464344	ENRICH_MSA_PHROGS (enrich_67bfe7b2)	COMPLETED	0	2026-04-15 14:00:13.527	6.6s	6.3s	353.3%	495.7 MB	1.5 GB	3.4 MB	645.9 KB
481	5f/22632f	3462779	ENRICH_MSA_PHROGS (enrich_5f22632f)	COMPLETED	0	2026-04-15 14:00:11.485	8.9s	8.5s	367.6%	587.4 MB	1.4 GB	3.4 MB	741.5 KB
486	f7/9d81ae	3465468	ENRICH_MSA_PHROGS (enrich_f79d81ae)	COMPLETED	0	2026-04-15 14:00:14.562	6.1s	5.8s	363.8%	515.7 MB	1.5 GB	3.4 MB	384 KB
483	82/659412	3464670	ENRICH_MSA_PHROGS (enrich_82659412)	COMPLETED	0	2026-04-15 14:00:13.798	7.1s	6.3s	368.5%	542.9 MB	1.5 GB	3.4 MB	507.2 KB
487	f5/5a6eb7	3466760	ENRICH_MSA_PHROGS (enrich_f55a6eb7)	COMPLETED	0	2026-04-15 14:00:16.162	5.5s	5.2s	364.2%	502.2 MB	1.5 GB	3.4 MB	376.9 KB
488	69/56d228	3467363	ENRICH_MSA_PHROGS (enrich_6956d228)	COMPLETED	0	2026-04-15 14:00:16.906	6.9s	6.6s	367.0%	582.3 MB	1.5 GB	3.4 MB	490.7 KB
489	f5/da0329	3467895	ENRICH_MSA_PHROGS (enrich_f5da0329)	COMPLETED	0	2026-04-15 14:00:17.415	7.7s	7.4s	351.4%	526 MB	1.5 GB	3.4 MB	639.4 KB
490	d4/b9efab	3468700	ENRICH_MSA_PHROGS (enrich_d4b9efab)	COMPLETED	0	2026-04-15 14:00:18.307	6.8s	6.6s	346.5%	507.3 MB	1.5 GB	3.4 MB	518.2 KB
493	29/58c0fa	3469187	ENRICH_MSA_PHROGS (enrich_2958c0fa)	COMPLETED	0	2026-04-15 14:00:18.544	6.6s	6.4s	362.9%	503.3 MB	1.4 GB	3.4 MB	682.1 KB
485	a5/5270c8	3465172	ENRICH_MSA_PHROGS (enrich_a55270c8)	COMPLETED	0	2026-04-15 14:00:14.324	11.6s	11.3s	281.8%	605.7 MB	1.5 GB	3.4 MB	1.2 MB
494	1d/0b1c68	3469765	ENRICH_MSA_PHROGS (enrich_1d0b1c68)	COMPLETED	0	2026-04-15 14:00:19.119	6.9s	6.6s	367.2%	489.8 MB	1.4 GB	3.4 MB	524 KB
491	23/52112e	3468743	ENRICH_MSA_PHROGS (enrich_2352112e)	COMPLETED	0	2026-04-15 14:00:18.335	7.8s	7.6s	332.7%	551.7 MB	1.5 GB	3.4 MB	797 KB
498	72/52b15b	3470379	ENRICH_MSA_PHROGS (enrich_7252b15b)	COMPLETED	0	2026-04-15 14:00:19.643	6.6s	6.4s	366.0%	546.3 MB	1.5 GB	3.4 MB	354.5 KB
497	1d/5ec103	3471166	ENRICH_MSA_PHROGS (enrich_1d5ec103)	COMPLETED	0	2026-04-15 14:00:20.364	6.1s	5.9s	344.3%	493.2 MB	1.5 GB	3.4 MB	353 KB
492	83/af1f31	3468931	ENRICH_MSA_PHROGS (enrich_83af1f31)	COMPLETED	0	2026-04-15 14:00:18.450	8.5s	8.3s	370.4%	577.7 MB	1.5 GB	3.4 MB	825 KB
500	32/e5d19e	3471704	ENRICH_MSA_PHROGS (enrich_32e5d19e)	COMPLETED	0	2026-04-15 14:00:20.864	6.6s	6.3s	361.3%	503.6 MB	1.5 GB	3.4 MB	271.8 KB
496	60/4e72fd	3470952	ENRICH_MSA_PHROGS (enrich_604e72fd)	COMPLETED	0	2026-04-15 14:00:20.112	7.8s	7.5s	364.0%	530.4 MB	1.5 GB	3.4 MB	570 KB
501	58/1a3db9	3472405	ENRICH_MSA_PHROGS (enrich_581a3db9)	COMPLETED	0	2026-04-15 14:00:21.631	7.1s	6.7s	358.6%	513.3 MB	1.5 GB	3.4 MB	423.7 KB
495	a7/caa9a0	3470229	ENRICH_MSA_PHROGS (enrich_a7caa9a0)	COMPLETED	0	2026-04-15 14:00:19.571	10.4s	10s	318.8%	576.3 MB	1.5 GB	3.4 MB	906.5 KB
502	c6/a37352	3474106	ENRICH_MSA_PHROGS (enrich_c6a37352)	COMPLETED	0	2026-04-15 14:00:23.773	7s	6.6s	366.8%	581.6 MB	1.5 GB	3.4 MB	589.7 KB
505	03/ca97ad	3475090	ENRICH_MSA_PHROGS (enrich_03ca97ad)	COMPLETED	0	2026-04-15 14:00:25.113	5.9s	5.6s	361.9%	532.7 MB	1.5 GB	3.4 MB	449.3 KB
504	77/162ea8	3475136	ENRICH_MSA_PHROGS (enrich_77162ea8)	COMPLETED	0	2026-04-15 14:00:25.144	6s	5.7s	365.5%	539.3 MB	1.5 GB	3.4 MB	446.2 KB
503	f1/12446c	3475068	ENRICH_MSA_PHROGS (enrich_f112446c)	COMPLETED	0	2026-04-15 14:00:25.092	6.1s	5.8s	343.9%	499.1 MB	1.5 GB	3.4 MB	404.4 KB
499	b6/adda22	3471434	ENRICH_MSA_PHROGS (enrich_b6adda22)	COMPLETED	0	2026-04-15 14:00:20.618	11.4s	11.1s	260.9%	550.3 MB	1.5 GB	3.4 MB	747.3 KB
509	29/dc44ed	3476619	ENRICH_MSA_PHROGS (enrich_29dc44ed)	COMPLETED	0	2026-04-15 14:00:26.293	6s	5.7s	335.6%	495.1 MB	1.5 GB	3.4 MB	381.5 KB
508	0a/09e5ea	3476435	ENRICH_MSA_PHROGS (enrich_0a09e5ea)	COMPLETED	0	2026-04-15 14:00:26.183	6.6s	6.3s	367.7%	505.7 MB	1.5 GB	3.4 MB	432 KB
506	96/0baf39	3476125	ENRICH_MSA_PHROGS (enrich_960baf39)	COMPLETED	0	2026-04-15 14:00:25.919	6.9s	6.7s	368.7%	523.7 MB	1.5 GB	3.4 MB	429.9 KB
507	ef/dcec20	3476187	ENRICH_MSA_PHROGS (enrich_efdcec20)	COMPLETED	0	2026-04-15 14:00:25.998	6.9s	6.6s	333.8%	528.4 MB	1.4 GB	3.4 MB	494.3 KB
513	43/9a89c5	3478484	ENRICH_MSA_PHROGS (enrich_439a89c5)	COMPLETED	0	2026-04-15 14:00:27.894	5.1s	4.9s	358.4%	520.3 MB	1.5 GB	3.4 MB	328.6 KB
510	c9/b106d0	3477063	ENRICH_MSA_PHROGS (enrich_c9b106d0)	COMPLETED	0	2026-04-15 14:00:26.516	6.6s	6.3s	372.5%	498.6 MB	1.5 GB	3.4 MB	370.6 KB
511	50/fbe296	3477577	ENRICH_MSA_PHROGS (enrich_50fbe296)	COMPLETED	0	2026-04-15 14:00:26.959	7.1s	6.9s	354.1%	519.4 MB	1.5 GB	3.4 MB	765.6 KB
512	a9/2ebc73	3477884	ENRICH_MSA_PHROGS (enrich_a92ebc73)	COMPLETED	0	2026-04-15 14:00:27.499	6.6s	6.3s	360.3%	513.2 MB	1.5 GB	3.4 MB	740.4 KB
515	20/bc5afb	3480110	ENRICH_MSA_PHROGS (enrich_20bc5afb)	COMPLETED	0	2026-04-15 14:00:29.967	6.5s	6.2s	348.3%	537.6 MB	1.5 GB	3.4 MB	404.8 KB
519	4a/2753be	3481446	ENRICH_MSA_PHROGS (enrich_4a2753be)	COMPLETED	0	2026-04-15 14:00:31.206	5.3s	5s	346.0%	482.8 MB	1.5 GB	3.4 MB	320 KB
514	56/b5e09b	3479156	ENRICH_MSA_PHROGS (enrich_56b5e09b)	COMPLETED	0	2026-04-15 14:00:28.740	8s	7.7s	375.0%	560.2 MB	1.5 GB	3.4 MB	864.3 KB
518	f9/e706a6	3481371	ENRICH_MSA_PHROGS (enrich_f9e706a6)	COMPLETED	0	2026-04-15 14:00:31.168	5.7s	5.5s	372.7%	501.9 MB	1.5 GB	3.4 MB	400.1 KB
517	90/6b1c6e	3481095	ENRICH_MSA_PHROGS (enrich_906b1c6e)	COMPLETED	0	2026-04-15 14:00:30.989	6.3s	6.1s	374.5%	506.1 MB	1.5 GB	3.4 MB	308.7 KB
526	65/be40f8	3483708	ENRICH_MSA_PHROGS (enrich_65be40f8)	COMPLETED	0	2026-04-15 14:00:33.147	4.9s	4.6s	363.5%	453.8 MB	1.5 GB	3.4 MB	80.3 KB
516	20/1832a8	3480788	ENRICH_MSA_PHROGS (enrich_201832a8)	COMPLETED	0	2026-04-15 14:00:30.798	7.7s	7.4s	319.3%	557.4 MB	1.5 GB	3.4 MB	644.7 KB
520	05/46fccb	3483087	ENRICH_MSA_PHROGS (enrich_0546fccb)	COMPLETED	0	2026-04-15 14:00:32.822	5.8s	5.6s	358.1%	519 MB	1.5 GB	3.4 MB	684.1 KB
521	ca/adbcd2	3482221	ENRICH_MSA_PHROGS (enrich_caadbcd2)	COMPLETED	0	2026-04-15 14:00:32.044	6.6s	6.3s	355.4%	516.3 MB	1.5 GB	3.4 MB	757.3 KB
522	04/9e11b6	3482505	ENRICH_MSA_PHROGS (enrich_049e11b6)	COMPLETED	0	2026-04-15 14:00:32.278	6.8s	6.5s	345.6%	526.6 MB	1.5 GB	3.4 MB	790.7 KB
525	fe/acc0aa	3483388	ENRICH_MSA_PHROGS (enrich_feacc0aa)	COMPLETED	0	2026-04-15 14:00:33.018	6.3s	6s	356.0%	509.7 MB	1.5 GB	3.4 MB	584.8 KB
523	48/e78db1	3483100	ENRICH_MSA_PHROGS (enrich_48e78db1)	COMPLETED	0	2026-04-15 14:00:32.839	6.6s	6.3s	367.0%	545.6 MB	1.5 GB	3.4 MB	665.4 KB
529	ad/c8c3e5	3484538	ENRICH_MSA_PHROGS (enrich_adc8c3e5)	COMPLETED	0	2026-04-15 14:00:34.079	5.4s	5.1s	359.0%	478.2 MB	1.5 GB	3.4 MB	216.9 KB
528	cc/9d6223	3484528	ENRICH_MSA_PHROGS (enrich_cc9d6223)	COMPLETED	0	2026-04-15 14:00:34.060	5.8s	5.5s	357.9%	510.5 MB	1.5 GB	3.4 MB	597.2 KB
524	65/816b8d	3483113	ENRICH_MSA_PHROGS (enrich_65816b8d)	COMPLETED	0	2026-04-15 14:00:32.857	8.6s	8.4s	343.2%	591 MB	1.5 GB	3.4 MB	792.9 KB
527	da/0491f1	3486315	ENRICH_MSA_PHROGS (enrich_da0491f1)	COMPLETED	0	2026-04-15 14:00:36.522	5.5s	5.3s	351.9%	483 MB	1.5 GB	3.4 MB	202.1 KB
530	38/caeaea	3486332	ENRICH_MSA_PHROGS (enrich_38caeaea)	COMPLETED	0	2026-04-15 14:00:36.550	6.1s	5.8s	377.9%	521.8 MB	1.5 GB	3.4 MB	715.1 KB
531	4e/26617c	3486820	ENRICH_MSA_PHROGS (enrich_4e26617c)	COMPLETED	0	2026-04-15 14:00:36.777	5.9s	5.6s	376.2%	505.9 MB	1.5 GB	3.4 MB	673.8 KB
532	a8/e45bdc	3487108	ENRICH_MSA_PHROGS (enrich_a8e45bdc)	COMPLETED	0	2026-04-15 14:00:36.906	6.2s	5.8s	348.6%	492.1 MB	1.5 GB	3.4 MB	299.5 KB
535	27/d85025	3488246	ENRICH_MSA_PHROGS (enrich_27d85025)	COMPLETED	0	2026-04-15 14:00:38.062	5.3s	5s	353.0%	500.7 MB	1.5 GB	3.4 MB	220.2 KB
533	ae/bb8dcd	3487552	ENRICH_MSA_PHROGS (enrich_aebb8dcd)	COMPLETED	0	2026-04-15 14:00:37.340	6s	5.8s	352.1%	516.3 MB	1.5 GB	3.4 MB	559 KB
534	0f/1612a0	3488609	ENRICH_MSA_PHROGS (enrich_0f1612a0)	COMPLETED	0	2026-04-15 14:00:38.474	4.9s	4.7s	374.8%	502.9 MB	1.5 GB	3.4 MB	212.1 KB
538	67/b08099	3488846	ENRICH_MSA_PHROGS (enrich_67b08099)	COMPLETED	0	2026-04-15 14:00:38.673	5.1s	4.8s	369.1%	496.4 MB	1.5 GB	3.4 MB	258.8 KB
536	32/c69755	3488830	ENRICH_MSA_PHROGS (enrich_32c69755)	COMPLETED	0	2026-04-15 14:00:38.664	5.4s	5.1s	348.5%	484.4 MB	1.5 GB	3.4 MB	348 KB
540	d4/13d667	3489827	ENRICH_MSA_PHROGS (enrich_d413d667)	COMPLETED	0	2026-04-15 14:00:39.320	5.1s	4.7s	354.1%	478.4 MB	1.5 GB	3.4 MB	263 KB
541	ff/e3ea05	3490072	ENRICH_MSA_PHROGS (enrich_ffe3ea05)	COMPLETED	0	2026-04-15 14:00:39.486	5.2s	4.9s	341.9%	495.6 MB	1.5 GB	3.4 MB	192.3 KB
537	26/4efa5d	3489605	ENRICH_MSA_PHROGS (enrich_264efa5d)	COMPLETED	0	2026-04-15 14:00:39.065	6.3s	6s	325.3%	507.7 MB	1.5 GB	3.4 MB	627.7 KB
539	a9/e7c0d5	3489981	ENRICH_MSA_PHROGS (enrich_a9e7c0d5)	COMPLETED	0	2026-04-15 14:00:39.428	5.9s	5.7s	370.5%	533.4 MB	1.5 GB	3.4 MB	501.7 KB
542	78/d92187	3490573	ENRICH_MSA_PHROGS (enrich_78d92187)	COMPLETED	0	2026-04-15 14:00:39.857	6.7s	6.4s	306.8%	513.7 MB	1.4 GB	3.4 MB	451.7 KB
543	4c/15dd72	3492392	ENRICH_MSA_PHROGS (enrich_4c15dd72)	COMPLETED	0	2026-04-15 14:00:42.036	4.9s	4.7s	348.0%	469.1 MB	1.5 GB	3.4 MB	210.2 KB
544	4b/4007c6	3491769	ENRICH_MSA_PHROGS (enrich_4b4007c6)	COMPLETED	0	2026-04-15 14:00:41.507	5.6s	5.4s	348.6%	497.7 MB	1.5 GB	3.4 MB	266.4 KB
548	76/3d72c5	3493788	ENRICH_MSA_PHROGS (enrich_763d72c5)	COMPLETED	0	2026-04-15 14:00:43.361	4s	3.8s	358.4%	477.8 MB	1.5 GB	3.4 MB	135.5 KB
547	e3/56da3a	3492928	ENRICH_MSA_PHROGS (enrich_e356da3a)	COMPLETED	0	2026-04-15 14:00:42.730	5.3s	5s	357.0%	506.3 MB	1.5 GB	3.4 MB	386.7 KB
545	e3/6f3855	3492781	ENRICH_MSA_PHROGS (enrich_e36f3855)	COMPLETED	0	2026-04-15 14:00:42.628	5.9s	5.7s	372.6%	527.1 MB	1.5 GB	3.4 MB	515 KB
546	ac/3c1a66	3493599	ENRICH_MSA_PHROGS (enrich_ac3c1a66)	COMPLETED	0	2026-04-15 14:00:43.161	5.5s	5.1s	372.0%	504.6 MB	1.5 GB	3.4 MB	258.8 KB
551	f7/c1ab7c	3494951	ENRICH_MSA_PHROGS (enrich_f7c1ab7c)	COMPLETED	0	2026-04-15 14:00:44.043	4.6s	4.2s	349.0%	459.6 MB	1.5 GB	3.4 MB	441.5 KB
550	5c/e755c0	3493871	ENRICH_MSA_PHROGS (enrich_5ce755c0)	COMPLETED	0	2026-04-15 14:00:43.402	5.6s	5.3s	370.1%	523.3 MB	1.5 GB	3.4 MB	559.5 KB
553	77/2851ce	3495226	ENRICH_MSA_PHROGS (enrich_772851ce)	COMPLETED	0	2026-04-15 14:00:44.410	4.9s	4.6s	363.4%	462.6 MB	1.5 GB	3.4 MB	491.8 KB
549	9a/d19000	3493846	ENRICH_MSA_PHROGS (enrich_9ad19000)	COMPLETED	0	2026-04-15 14:00:43.393	6.2s	5.9s	365.1%	557.5 MB	1.5 GB	3.4 MB	427.5 KB
552	44/f94a53	3494570	ENRICH_MSA_PHROGS (enrich_44f94a53)	COMPLETED	0	2026-04-15 14:00:43.779	6.6s	6.3s	316.9%	509.4 MB	1.4 GB	3.4 MB	318.2 KB
554	aa/d8cf9e	3495576	ENRICH_MSA_PHROGS (enrich_aad8cf9e)	COMPLETED	0	2026-04-15 14:00:44.703	6.1s	5.8s	342.7%	512.5 MB	1.4 GB	3.4 MB	282.3 KB
559	ed/b81994	3497952	ENRICH_MSA_PHROGS (enrich_edb81994)	COMPLETED	0	2026-04-15 14:00:47.155	3.7s	3.5s	351.8%	478.4 MB	1.5 GB	3.4 MB	160.4 KB
561	e9/735caf	3498337	ENRICH_MSA_PHROGS (enrich_e9735caf)	COMPLETED	0	2026-04-15 14:00:47.385	3.8s	3.5s	345.7%	452.4 MB	1.5 GB	3.4 MB	222.5 KB
558	ef/68e9a0	3497626	ENRICH_MSA_PHROGS (enrich_ef68e9a0)	COMPLETED	0	2026-04-15 14:00:46.985	4.2s	3.9s	362.1%	486.7 MB	1.5 GB	3.4 MB	215 KB
556	51/af7385	3496234	ENRICH_MSA_PHROGS (enrich_51af7385)	COMPLETED	0	2026-04-15 14:00:45.367	6s	5.7s	368.8%	538.8 MB	1.5 GB	3.4 MB	310.4 KB
560	a1/40928b	3498764	ENRICH_MSA_PHROGS (enrich_a140928b)	COMPLETED	0	2026-04-15 14:00:47.994	3.6s	3.2s	352.3%	449.9 MB	1.5 GB	3.4 MB	140.6 KB
557	b3/ac67fc	3497228	ENRICH_MSA_PHROGS (enrich_b3ac67fc)	COMPLETED	0	2026-04-15 14:00:46.578	5s	4.7s	372.0%	489 MB	1.5 GB	3.4 MB	345 KB
555	1d/d818bd	3496224	ENRICH_MSA_PHROGS (enrich_1dd818bd)	COMPLETED	0	2026-04-15 14:00:45.341	6.3s	6s	329.6%	528.2 MB	1.5 GB	3.4 MB	515.5 KB
563	85/805bc4	3499475	ENRICH_MSA_PHROGS (enrich_85805bc4)	COMPLETED	0	2026-04-15 14:00:48.626	3.7s	3.5s	354.9%	446.4 MB	1.5 GB	3.4 MB	113.6 KB
564	40/150d0d	3499481	ENRICH_MSA_PHROGS (enrich_40150d0d)	COMPLETED	0	2026-04-15 14:00:48.637	3.8s	3.5s	370.7%	493.8 MB	1.5 GB	3.4 MB	232.9 KB
562	b6/ebc255	3499428	ENRICH_MSA_PHROGS (enrich_b6ebc255)	COMPLETED	0	2026-04-15 14:00:48.565	4.4s	4.1s	353.4%	491 MB	1.5 GB	3.4 MB	335.2 KB
565	9f/36d2fe	3500059	ENRICH_MSA_PHROGS (enrich_9f36d2fe)	COMPLETED	0	2026-04-15 14:00:48.987	4s	3.7s	352.4%	490.5 MB	1.5 GB	3.4 MB	208.9 KB
567	da/45d2da	3500800	ENRICH_MSA_PHROGS (enrich_da45d2da)	COMPLETED	0	2026-04-15 14:00:49.602	4.2s	3.9s	360.8%	482.5 MB	1.5 GB	3.4 MB	165.2 KB
566	cb/b7672a	3500485	ENRICH_MSA_PHROGS (enrich_cbb7672a)	COMPLETED	0	2026-04-15 14:00:49.356	4.5s	4.1s	293.0%	485.2 MB	1.4 GB	3.4 MB	214.6 KB
568	75/6dddd9	3501435	ENRICH_MSA_PHROGS (enrich_756dddd9)	COMPLETED	0	2026-04-15 14:00:50.348	3.9s	3.6s	365.2%	484.4 MB	1.5 GB	3.4 MB	134.8 KB
569	40/086706	3501964	ENRICH_MSA_PHROGS (enrich_40086706)	COMPLETED	0	2026-04-15 14:00:50.891	3.7s	3.4s	361.8%	442.2 MB	1.5 GB	3.4 MB	189.5 KB
570	e9/2a4d8b	3501920	ENRICH_MSA_PHROGS (enrich_e92a4d8b)	COMPLETED	0	2026-04-15 14:00:50.840	3.9s	3.7s	368.1%	466.7 MB	1.5 GB	3.4 MB	237.6 KB
573	88/7932d8	3502824	ENRICH_MSA_PHROGS (enrich_887932d8)	COMPLETED	0	2026-04-15 14:00:51.374	3.5s	3.2s	354.5%	450.2 MB	1.5 GB	3.4 MB	66.8 KB
571	be/bf9c32	3502471	ENRICH_MSA_PHROGS (enrich_bebf9c32)	COMPLETED	0	2026-04-15 14:00:51.182	3.9s	3.6s	354.6%	464.3 MB	1.5 GB	3.4 MB	126.3 KB
572	cc/a99f00	3502492	ENRICH_MSA_PHROGS (enrich_cca99f00)	COMPLETED	0	2026-04-15 14:00:51.212	3.9s	3.7s	335.3%	486.4 MB	1.5 GB	3.4 MB	169.2 KB
574	3b/c1a014	3503142	ENRICH_MSA_PHROGS (enrich_3bc1a014)	COMPLETED	0	2026-04-15 14:00:51.562	3.7s	3.3s	355.4%	441 MB	1.5 GB	3.4 MB	69 KB
578	dc/371915	3504165	ENRICH_MSA_PHROGS (enrich_dc371915)	COMPLETED	0	2026-04-15 14:00:52.430	3.3s	3s	351.9%	446 MB	1.5 GB	3.4 MB	55.4 KB
575	71/311e5d	3503148	ENRICH_MSA_PHROGS (enrich_71311e5d)	COMPLETED	0	2026-04-15 14:00:51.572	4.5s	4.2s	296.6%	469.3 MB	1.5 GB	3.4 MB	302.1 KB
576	41/7f031f	3504120	ENRICH_MSA_PHROGS (enrich_417f031f)	COMPLETED	0	2026-04-15 14:00:52.381	3.8s	3.6s	359.0%	481.8 MB	1.5 GB	3.4 MB	165.4 KB
577	49/c52f8d	3503311	ENRICH_MSA_PHROGS (enrich_49c52f8d)	COMPLETED	0	2026-04-15 14:00:51.666	4.7s	4.5s	354.1%	470.6 MB	1.5 GB	3.4 MB	475.1 KB
579	df/62cb1b	3504778	ENRICH_MSA_PHROGS (enrich_df62cb1b)	COMPLETED	0	2026-04-15 14:00:52.957	3.8s	3.5s	350.3%	474.2 MB	1.5 GB	3.4 MB	114 KB
582	0a/96e076	3505681	ENRICH_MSA_PHROGS (enrich_0a96e076)	COMPLETED	0	2026-04-15 14:00:53.841	4.5s	4.2s	355.0%	466.6 MB	1.5 GB	3.4 MB	140.5 KB
580	e6/7d5d43	3504863	ENRICH_MSA_PHROGS (enrich_e67d5d43)	COMPLETED	0	2026-04-15 14:00:52.997	5.5s	5.2s	361.0%	527.8 MB	1.5 GB	3.4 MB	272.7 KB
581	40/17a99c	3505673	ENRICH_MSA_PHROGS (enrich_4017a99c)	COMPLETED	0	2026-04-15 14:00:53.830	4.8s	4.5s	354.4%	465 MB	1.5 GB	3.4 MB	165.5 KB
584	07/1a0f96	3506608	ENRICH_MSA_PHROGS (enrich_071a0f96)	COMPLETED	0	2026-04-15 14:00:54.569	4.8s	4.6s	365.0%	512.2 MB	1.5 GB	3.4 MB	276.2 KB
583	4e/5465e0	3506308	ENRICH_MSA_PHROGS (enrich_4e5465e0)	COMPLETED	0	2026-04-15 14:00:54.286	5.3s	5s	363.9%	497.7 MB	1.5 GB	3.4 MB	372.7 KB
589	71/fa79aa	3507776	ENRICH_MSA_PHROGS (enrich_71fa79aa)	COMPLETED	0	2026-04-15 14:00:55.259	4.4s	4.1s	357.0%	473.2 MB	1.5 GB	3.4 MB	216 KB
586	42/94792b	3507033	ENRICH_MSA_PHROGS (enrich_4294792b)	COMPLETED	0	2026-04-15 14:00:54.850	5.1s	4.9s	360.1%	504.4 MB	1.5 GB	3.4 MB	391.7 KB
588	94/1de310	3507317	ENRICH_MSA_PHROGS (enrich_941de310)	COMPLETED	0	2026-04-15 14:00:55.043	5s	4.7s	377.2%	522.8 MB	1.5 GB	3.4 MB	520.6 KB
585	6c/0ad114	3506893	ENRICH_MSA_PHROGS (enrich_6c0ad114)	COMPLETED	0	2026-04-15 14:00:54.785	5.7s	5.4s	362.0%	537.1 MB	1.5 GB	3.4 MB	384.4 KB
587	70/253b28	3507453	ENRICH_MSA_PHROGS (enrich_70253b28)	COMPLETED	0	2026-04-15 14:00:55.123	5.5s	5.2s	340.3%	499.3 MB	1.5 GB	3.4 MB	282.1 KB
592	c2/2d5f36	3508786	ENRICH_MSA_PHROGS (enrich_c22d5f36)	COMPLETED	0	2026-04-15 14:00:56.217	4.6s	4.3s	356.0%	483.6 MB	1.5 GB	3.4 MB	260.9 KB
590	fb/e09ce6	3508316	ENRICH_MSA_PHROGS (enrich_fbe09ce6)	COMPLETED	0	2026-04-15 14:00:55.757	5.2s	4.9s	367.0%	487.7 MB	1.5 GB	3.4 MB	303.7 KB
594	b7/c5bf5d	3509584	ENRICH_MSA_PHROGS (enrich_b7c5bf5d)	COMPLETED	0	2026-04-15 14:00:56.743	4.9s	4.6s	353.2%	504.6 MB	1.5 GB	3.4 MB	266.5 KB
593	55/4cccbf	3509095	ENRICH_MSA_PHROGS (enrich_554cccbf)	COMPLETED	0	2026-04-15 14:00:56.394	5.3s	5s	339.8%	501.1 MB	1.5 GB	3.4 MB	151.7 KB
591	4d/d821b0	3508628	ENRICH_MSA_PHROGS (enrich_4dd821b0)	COMPLETED	0	2026-04-15 14:00:56.101	5.6s	5.4s	288.2%	502.1 MB	1.5 GB	3.4 MB	325.5 KB
595	0d/838a80	3510709	ENRICH_MSA_PHROGS (enrich_0d838a80)	COMPLETED	0	2026-04-15 14:00:58.369	4.2s	3.9s	355.7%	468.4 MB	1.5 GB	3.4 MB	224.2 KB
596	27/da624c	3510797	ENRICH_MSA_PHROGS (enrich_27da624c)	COMPLETED	0	2026-04-15 14:00:58.533	4.9s	4.6s	360.3%	510.5 MB	1.5 GB	3.4 MB	296.3 KB
597	d7/cc5cf3	3511881	ENRICH_MSA_PHROGS (enrich_d7cc5cf3)	COMPLETED	0	2026-04-15 14:00:59.404	4.7s	4.3s	357.9%	461.3 MB	1.5 GB	3.4 MB	251 KB
600	5f/d2448c	3512185	ENRICH_MSA_PHROGS (enrich_5fd2448c)	COMPLETED	0	2026-04-15 14:00:59.680	4.4s	4.2s	373.0%	460.7 MB	1.5 GB	3.4 MB	309.9 KB
602	13/c1ed2f	3512884	ENRICH_MSA_PHROGS (enrich_13c1ed2f)	COMPLETED	0	2026-04-15 14:01:00.041	4.2s	3.9s	366.5%	475.4 MB	1.5 GB	3.4 MB	107.5 KB
599	2c/d4ec8b	3512002	ENRICH_MSA_PHROGS (enrich_2cd4ec8b)	COMPLETED	0	2026-04-15 14:00:59.612	5s	4.7s	368.3%	515.6 MB	1.5 GB	3.4 MB	202.8 KB
598	08/abecc1	3511011	ENRICH_MSA_PHROGS (enrich_08abecc1)	COMPLETED	0	2026-04-15 14:00:58.655	6s	5.7s	295.2%	505.5 MB	1.4 GB	3.4 MB	344.3 KB
601	91/079cdb	3512808	ENRICH_MSA_PHROGS (enrich_91079cdb)	COMPLETED	0	2026-04-15 14:00:59.998	4.7s	4.4s	362.9%	463.6 MB	1.4 GB	3.4 MB	350.5 KB
605	a9/0f851f	3513704	ENRICH_MSA_PHROGS (enrich_a90f851f)	COMPLETED	0	2026-04-15 14:01:00.783	4s	3.7s	361.1%	467.3 MB	1.5 GB	3.4 MB	118.2 KB
604	91/81b94e	3513455	ENRICH_MSA_PHROGS (enrich_9181b94e)	COMPLETED	0	2026-04-15 14:01:00.599	4.2s	4s	368.7%	462.6 MB	1.5 GB	3.4 MB	317.1 KB
606	6f/4dab7c	3514072	ENRICH_MSA_PHROGS (enrich_6f4dab7c)	COMPLETED	0	2026-04-15 14:01:00.995	4.4s	4.1s	351.8%	462.2 MB	1.5 GB	3.4 MB	173.3 KB
603	7e/a6b510	3513370	ENRICH_MSA_PHROGS (enrich_7ea6b510)	COMPLETED	0	2026-04-15 14:01:00.479	5.3s	5s	348.2%	509.2 MB	1.5 GB	3.4 MB	340.9 KB
609	2e/5c445b	3514721	ENRICH_MSA_PHROGS (enrich_2e5c445b)	COMPLETED	0	2026-04-15 14:01:01.756	4.2s	3.9s	374.5%	481 MB	1.5 GB	3.4 MB	103.4 KB
608	18/890661	3514716	ENRICH_MSA_PHROGS (enrich_18890661)	COMPLETED	0	2026-04-15 14:01:01.745	4.3s	4s	343.9%	477.4 MB	1.5 GB	3.4 MB	128 KB
607	29/889a2d	3514648	ENRICH_MSA_PHROGS (enrich_29889a2d)	COMPLETED	0	2026-04-15 14:01:01.675	4.7s	4.4s	361.0%	469.7 MB	1.5 GB	3.4 MB	402.7 KB
610	79/a279dc	3515796	ENRICH_MSA_PHROGS (enrich_79a279dc)	COMPLETED	0	2026-04-15 14:01:02.584	3.8s	3.5s	359.7%	474.5 MB	1.5 GB	3.4 MB	218 KB
612	2a/a92183	3516998	ENRICH_MSA_PHROGS (enrich_2aa92183)	COMPLETED	0	2026-04-15 14:01:04.062	4s	3.8s	353.2%	471.6 MB	1.5 GB	3.4 MB	161.8 KB
611	5f/c3fce9	3516554	ENRICH_MSA_PHROGS (enrich_5fc3fce9)	COMPLETED	0	2026-04-15 14:01:03.414	5s	4.7s	332.9%	509.1 MB	1.5 GB	3.4 MB	342 KB
614	3e/8339b0	3517328	ENRICH_MSA_PHROGS (enrich_3e8339b0)	COMPLETED	0	2026-04-15 14:01:04.205	4.4s	4.2s	353.9%	472.5 MB	1.5 GB	3.4 MB	171.3 KB
613	54/02de3a	3517021	ENRICH_MSA_PHROGS (enrich_5402de3a)	COMPLETED	0	2026-04-15 14:01:04.081	4.6s	4.3s	364.4%	489.3 MB	1.5 GB	3.4 MB	329.4 KB
619	db/eecff6	3519171	ENRICH_MSA_PHROGS (enrich_dbeecff6)	COMPLETED	0	2026-04-15 14:01:05.370	3.6s	3.3s	364.7%	440.7 MB	1.5 GB	3.4 MB	84.3 KB
616	61/9e528d	3518104	ENRICH_MSA_PHROGS (enrich_619e528d)	COMPLETED	0	2026-04-15 14:01:04.648	4.4s	4.2s	352.5%	463.8 MB	1.5 GB	3.4 MB	148.5 KB
618	3e/496e65	3518417	ENRICH_MSA_PHROGS (enrich_3e496e65)	COMPLETED	0	2026-04-15 14:01:04.807	4.4s	4.2s	344.7%	497.2 MB	1.5 GB	3.4 MB	69 KB
615	38/a0fe9e	3518018	ENRICH_MSA_PHROGS (enrich_38a0fe9e)	COMPLETED	0	2026-04-15 14:01:04.583	4.6s	4.4s	366.8%	483.6 MB	1.5 GB	3.4 MB	357.6 KB
617	e4/a6175c	3518404	ENRICH_MSA_PHROGS (enrich_e4a6175c)	COMPLETED	0	2026-04-15 14:01:04.798	4.5s	4.2s	367.4%	471.4 MB	1.5 GB	3.4 MB	91.3 KB
620	f7/9f26ec	3519502	ENRICH_MSA_PHROGS (enrich_f79f26ec)	COMPLETED	0	2026-04-15 14:01:05.758	4.1s	3.8s	357.5%	470.2 MB	1.5 GB	3.4 MB	119.4 KB
622	68/ce2eac	3519942	ENRICH_MSA_PHROGS (enrich_68ce2eac)	COMPLETED	0	2026-04-15 14:01:06.066	4.1s	3.9s	349.0%	468.4 MB	1.5 GB	3.4 MB	245.6 KB
621	b3/d355b1	3519768	ENRICH_MSA_PHROGS (enrich_b3d355b1)	COMPLETED	0	2026-04-15 14:01:05.981	4.5s	4.2s	364.8%	472.6 MB	1.5 GB	3.4 MB	105.9 KB
624	fd/733a2f	3520477	ENRICH_MSA_PHROGS (enrich_fd733a2f)	COMPLETED	0	2026-04-15 14:01:06.438	4.2s	3.8s	352.3%	465 MB	1.5 GB	3.4 MB	118.5 KB
623	da/422a91	3520461	ENRICH_MSA_PHROGS (enrich_da422a91)	COMPLETED	0	2026-04-15 14:01:06.409	4.8s	4.5s	356.7%	499.7 MB	1.5 GB	3.4 MB	165.9 KB
628	2a/b1bfe1	3522581	ENRICH_MSA_PHROGS (enrich_2ab1bfe1)	COMPLETED	0	2026-04-15 14:01:08.662	3.2s	2.9s	365.9%	453.2 MB	1.4 GB	3.4 MB	81.6 KB
625	b8/6af157	3521771	ENRICH_MSA_PHROGS (enrich_b86af157)	COMPLETED	0	2026-04-15 14:01:08.084	4.1s	3.9s	347.6%	478 MB	1.5 GB	3.4 MB	176.8 KB
633	ed/e7ec30	3523376	ENRICH_MSA_PHROGS (enrich_ede7ec30)	COMPLETED	0	2026-04-15 14:01:09.285	3.6s	3.4s	361.8%	448 MB	1.5 GB	3.4 MB	234.1 KB
629	77/50ee1b	3522941	ENRICH_MSA_PHROGS (enrich_7750ee1b)	COMPLETED	0	2026-04-15 14:01:09.001	4s	3.7s	364.3%	482.7 MB	1.5 GB	3.4 MB	266.4 KB
630	9d/024d42	3522990	ENRICH_MSA_PHROGS (enrich_9d024d42)	COMPLETED	0	2026-04-15 14:01:09.060	4s	3.7s	369.3%	472.9 MB	1.5 GB	3.4 MB	106.9 KB
627	fc/8844d6	3522503	ENRICH_MSA_PHROGS (enrich_fc8844d6)	COMPLETED	0	2026-04-15 14:01:08.616	4.5s	4.3s	363.5%	478.2 MB	1.5 GB	3.4 MB	207.6 KB
634	12/f9eecb	3524209	ENRICH_MSA_PHROGS (enrich_12f9eecb)	COMPLETED	0	2026-04-15 14:01:09.875	3.4s	3.2s	352.3%	443.4 MB	1.5 GB	3.4 MB	62.6 KB
631	f2/5305e1	3523203	ENRICH_MSA_PHROGS (enrich_f25305e1)	COMPLETED	0	2026-04-15 14:01:09.211	4.1s	3.8s	359.0%	456.7 MB	1.5 GB	3.4 MB	93 KB
626	17/f69918	3522166	ENRICH_MSA_PHROGS (enrich_17f69918)	COMPLETED	0	2026-04-15 14:01:08.413	4.9s	4.7s	310.8%	509.2 MB	1.5 GB	3.4 MB	301.4 KB
637	3c/2bf260	3525075	ENRICH_MSA_PHROGS (enrich_3c2bf260)	COMPLETED	0	2026-04-15 14:01:10.602	3.4s	3.1s	349.1%	444.2 MB	1.5 GB	3.4 MB	102.2 KB
632	4f/b299be	3523206	ENRICH_MSA_PHROGS (enrich_4fb299be)	COMPLETED	0	2026-04-15 14:01:09.220	5.1s	4.8s	284.8%	508.2 MB	1.4 GB	3.4 MB	367.5 KB
636	4a/5e9e19	3524872	ENRICH_MSA_PHROGS (enrich_4a5e9e19)	COMPLETED	0	2026-04-15 14:01:10.514	4.2s	3.9s	340.7%	461.2 MB	1.5 GB	3.4 MB	120.1 KB
635	8a/899fef	3524583	ENRICH_MSA_PHROGS (enrich_8a899fef)	COMPLETED	0	2026-04-15 14:01:10.209	4.9s	4.6s	355.4%	533.7 MB	1.5 GB	3.4 MB	277.4 KB
640	bb/162233	3526257	ENRICH_MSA_PHROGS (enrich_bb162233)	COMPLETED	0	2026-04-15 14:01:11.829	3.4s	3.1s	359.5%	451.8 MB	1.5 GB	3.4 MB	111.2 KB
638	d3/dfdeac	3525676	ENRICH_MSA_PHROGS (enrich_d3dfdeac)	COMPLETED	0	2026-04-15 14:01:11.205	4.1s	3.8s	348.3%	467.8 MB	1.5 GB	3.4 MB	100.1 KB
639	e8/dd94ca	3526623	ENRICH_MSA_PHROGS (enrich_e8dd94ca)	COMPLETED	0	2026-04-15 14:01:12.224	3.6s	3.3s	364.7%	453.6 MB	1.5 GB	3.4 MB	139.7 KB
642	f6/7c97f5	3527266	ENRICH_MSA_PHROGS (enrich_f67c97f5)	COMPLETED	0	2026-04-15 14:01:12.928	2.9s	2.7s	348.9%	455.2 MB	1.5 GB	3.4 MB	64.5 KB
641	89/2be092	3527607	ENRICH_MSA_PHROGS (enrich_892be092)	COMPLETED	0	2026-04-15 14:01:13.077	2.8s	2.6s	354.9%	447.5 MB	1.5 GB	3.4 MB	65.6 KB
643	d1/19820b	3527309	ENRICH_MSA_PHROGS (enrich_d119820b)	COMPLETED	0	2026-04-15 14:01:12.959	3s	2.8s	375.7%	448.9 MB	1.5 GB	3.4 MB	73.4 KB
644	7e/c7503b	3527668	ENRICH_MSA_PHROGS (enrich_7ec7503b)	COMPLETED	0	2026-04-15 14:01:13.112	3.1s	2.9s	362.8%	454.1 MB	1.5 GB	3.4 MB	71.7 KB
647	dc/6b4bbe	3528200	ENRICH_MSA_PHROGS (enrich_dc6b4bbe)	COMPLETED	0	2026-04-15 14:01:13.347	3.4s	3.1s	361.0%	449.4 MB	1.5 GB	3.4 MB	69.9 KB
645	dc/71ce21	3528092	ENRICH_MSA_PHROGS (enrich_dc71ce21)	COMPLETED	0	2026-04-15 14:01:13.298	3.6s	3.2s	347.8%	455 MB	1.5 GB	3.4 MB	172.5 KB
646	55/b4ce42	3528186	ENRICH_MSA_PHROGS (enrich_55b4ce42)	COMPLETED	0	2026-04-15 14:01:13.337	3.8s	3.5s	304.0%	473 MB	1.5 GB	3.4 MB	66.8 KB
651	11/3a54de	3529722	ENRICH_MSA_PHROGS (enrich_113a54de)	COMPLETED	0	2026-04-15 14:01:14.709	3s	2.8s	348.1%	463.6 MB	1.5 GB	3.4 MB	69.1 KB
648	fe/dc16bf	3528880	ENRICH_MSA_PHROGS (enrich_fedc16bf)	COMPLETED	0	2026-04-15 14:01:14.015	3.8s	3.5s	367.4%	486.6 MB	1.5 GB	3.4 MB	200.6 KB
649	87/59275f	3529286	ENRICH_MSA_PHROGS (enrich_8759275f)	COMPLETED	0	2026-04-15 14:01:14.352	3.6s	3.2s	362.1%	459.4 MB	1.5 GB	3.4 MB	140.7 KB
653	31/e12ae6	3530431	ENRICH_MSA_PHROGS (enrich_31e12ae6)	COMPLETED	0	2026-04-15 14:01:15.342	3.1s	2.9s	356.9%	444 MB	1.5 GB	3.4 MB	64.3 KB
652	2b/cd50a5	3530201	ENRICH_MSA_PHROGS (enrich_2bcd50a5)	COMPLETED	0	2026-04-15 14:01:15.188	3.3s	3s	362.4%	454 MB	1.5 GB	3.4 MB	190.3 KB
650	e6/6137cf	3530130	ENRICH_MSA_PHROGS (enrich_e66137cf)	COMPLETED	0	2026-04-15 14:01:15.074	3.5s	3.2s	350.4%	458.6 MB	1.4 GB	3.4 MB	57.1 KB
656	44/19bb1d	3531208	ENRICH_MSA_PHROGS (enrich_4419bb1d)	COMPLETED	0	2026-04-15 14:01:15.887	3s	2.8s	368.4%	458.1 MB	1.5 GB	3.4 MB	81.2 KB
655	46/81bbc5	3531195	ENRICH_MSA_PHROGS (enrich_4681bbc5)	COMPLETED	0	2026-04-15 14:01:15.879	3.1s	2.9s	363.0%	457.5 MB	1.5 GB	3.4 MB	312.9 KB
657	da/2a8b2d	3531394	ENRICH_MSA_PHROGS (enrich_da2a8b2d)	COMPLETED	0	2026-04-15 14:01:15.982	3.4s	3.1s	351.6%	464 MB	1.5 GB	3.4 MB	239.7 KB
654	c6/7bd9b8	3531143	ENRICH_MSA_PHROGS (enrich_c67bd9b8)	COMPLETED	0	2026-04-15 14:01:15.846	3.8s	3.6s	367.7%	465.5 MB	1.5 GB	3.4 MB	283.3 KB
658	4c/fe2fd7	3531889	ENRICH_MSA_PHROGS (enrich_4cfe2fd7)	COMPLETED	0	2026-04-15 14:01:16.266	3.5s	3.2s	351.3%	446.6 MB	1.5 GB	3.4 MB	63.6 KB
659	8c/0899b6	3532300	ENRICH_MSA_PHROGS (enrich_8c0899b6)	COMPLETED	0	2026-04-15 14:01:16.760	3.2s	2.9s	353.1%	446.3 MB	1.4 GB	3.4 MB	68.2 KB
660	13/e9d7b5	3532428	ENRICH_MSA_PHROGS (enrich_13e9d7b5)	COMPLETED	0	2026-04-15 14:01:16.859	3.6s	3.3s	340.7%	464.8 MB	1.5 GB	3.4 MB	182.2 KB
664	0b/1f7804	3533622	ENRICH_MSA_PHROGS (enrich_0b1f7804)	COMPLETED	0	2026-04-15 14:01:17.910	2.7s	2.3s	361.3%	448.9 MB	1.5 GB	3.4 MB	60.5 KB
662	28/9b8a68	3533377	ENRICH_MSA_PHROGS (enrich_289b8a68)	COMPLETED	0	2026-04-15 14:01:17.714	2.9s	2.6s	351.1%	444.7 MB	1.5 GB	3.4 MB	59.1 KB
661	ca/5af241	3532781	ENRICH_MSA_PHROGS (enrich_ca5af241)	COMPLETED	0	2026-04-15 14:01:17.161	3.8s	3.5s	308.8%	476.1 MB	1.5 GB	3.4 MB	170.5 KB
663	97/48e293	3533488	ENRICH_MSA_PHROGS (enrich_9748e293)	COMPLETED	0	2026-04-15 14:01:17.800	3.2s	3s	368.4%	471.2 MB	1.5 GB	3.4 MB	324.1 KB
666	33/d3620e	3534286	ENRICH_MSA_PHROGS (enrich_33d3620e)	COMPLETED	0	2026-04-15 14:01:18.493	2.7s	2.4s	345.3%	450.4 MB	1.4 GB	3.4 MB	56.2 KB
667	3a/941268	3534383	ENRICH_MSA_PHROGS (enrich_3a941268)	COMPLETED	0	2026-04-15 14:01:18.557	2.9s	2.6s	356.5%	459.2 MB	1.5 GB	3.4 MB	75.6 KB
670	0b/7f5a93	3534989	ENRICH_MSA_PHROGS (enrich_0b7f5a93)	COMPLETED	0	2026-04-15 14:01:19.023	2.7s	2.4s	336.1%	454.9 MB	1.5 GB	3.4 MB	138.6 KB
665	f6/9908d9	3534238	ENRICH_MSA_PHROGS (enrich_f69908d9)	COMPLETED	0	2026-04-15 14:01:18.456	3.3s	3s	359.8%	461.4 MB	1.5 GB	3.4 MB	171 KB
669	cd/974e7d	3535491	ENRICH_MSA_PHROGS (enrich_cd974e7d)	COMPLETED	0	2026-04-15 14:01:19.408	2.6s	2.3s	358.8%	408.6 MB	1.4 GB	3.4 MB	72.3 KB
668	9f/8faf6f	3534916	ENRICH_MSA_PHROGS (enrich_9f8faf6f)	COMPLETED	0	2026-04-15 14:01:18.931	3.1s	2.9s	343.9%	472.4 MB	1.5 GB	3.4 MB	170.7 KB
672	a0/03e763	3535934	ENRICH_MSA_PHROGS (enrich_a003e763)	COMPLETED	0	2026-04-15 14:01:19.797	2.8s	2.5s	331.6%	445.1 MB	1.5 GB	3.4 MB	47.9 KB
673	ec/2265b9	3536227	ENRICH_MSA_PHROGS (enrich_ec2265b9)	COMPLETED	0	2026-04-15 14:01:19.947	2.9s	2.6s	328.6%	451.5 MB	1.5 GB	3.4 MB	63 KB
671	a1/3b6287	3535743	ENRICH_MSA_PHROGS (enrich_a13b6287)	COMPLETED	0	2026-04-15 14:01:19.660	3.3s	3s	350.7%	450.9 MB	1.5 GB	3.4 MB	181.4 KB
677	db/95b97b	3536871	ENRICH_MSA_PHROGS (enrich_db95b97b)	COMPLETED	0	2026-04-15 14:01:20.583	2.7s	2.5s	357.8%	450 MB	1.5 GB	3.4 MB	49.4 KB
675	c3/6f6208	3536908	ENRICH_MSA_PHROGS (enrich_c36f6208)	COMPLETED	0	2026-04-15 14:01:20.617	2.7s	2.5s	356.0%	444.9 MB	1.5 GB	3.4 MB	48 KB
678	3b/0bbddc	3537490	ENRICH_MSA_PHROGS (enrich_3b0bbddc)	COMPLETED	0	2026-04-15 14:01:20.987	2.7s	2.4s	371.1%	444.2 MB	1.5 GB	3.4 MB	52.3 KB
680	fb/b65439	3538271	ENRICH_MSA_PHROGS (enrich_fbb65439)	COMPLETED	0	2026-04-15 14:01:21.423	2.7s	2.4s	335.0%	443.5 MB	1.5 GB	3.4 MB	46.4 KB
676	25/8b629a	3537601	ENRICH_MSA_PHROGS (enrich_258b629a)	COMPLETED	0	2026-04-15 14:01:21.045	3.1s	2.8s	349.5%	448.8 MB	1.5 GB	3.4 MB	93.6 KB
674	43/000a21	3536744	ENRICH_MSA_PHROGS (enrich_43000a21)	COMPLETED	0	2026-04-15 14:01:20.422	3.9s	3.6s	301.3%	469 MB	1.5 GB	3.4 MB	105.3 KB
682	e9/0e2578	3538630	ENRICH_MSA_PHROGS (enrich_e90e2578)	COMPLETED	0	2026-04-15 14:01:21.793	2.7s	2.5s	359.7%	450.5 MB	1.5 GB	3.4 MB	59.8 KB
679	42/ce9cc8	3537905	ENRICH_MSA_PHROGS (enrich_42ce9cc8)	COMPLETED	0	2026-04-15 14:01:21.213	3.5s	3.3s	324.5%	464.9 MB	1.5 GB	3.4 MB	337.6 KB
683	1a/f4371b	3538993	ENRICH_MSA_PHROGS (enrich_1af4371b)	COMPLETED	0	2026-04-15 14:01:22.008	2.8s	2.5s	341.7%	447.9 MB	1.5 GB	3.4 MB	53.5 KB
684	6f/ac865c	3539109	ENRICH_MSA_PHROGS (enrich_6fac865c)	COMPLETED	0	2026-04-15 14:01:22.061	2.8s	2.6s	333.3%	457.5 MB	1.5 GB	3.4 MB	56.2 KB
685	76/5f6daa	3539727	ENRICH_MSA_PHROGS (enrich_765f6daa)	COMPLETED	0	2026-04-15 14:01:22.561	2.4s	2.2s	336.7%	446.3 MB	1.5 GB	3.4 MB	43.9 KB
681	df/23fbe9	3538550	ENRICH_MSA_PHROGS (enrich_df23fbe9)	COMPLETED	0	2026-04-15 14:01:21.747	3.3s	3s	345.3%	467.2 MB	1.5 GB	3.4 MB	347.9 KB
689	cc/7e5b60	3540567	ENRICH_MSA_PHROGS (enrich_cc7e5b60)	COMPLETED	0	2026-04-15 14:01:23.321	1.7s	1.5s	307.9%	423 MB	1.4 GB	3.4 MB	34.2 KB
687	fa/3ae4d6	3540027	ENRICH_MSA_PHROGS (enrich_fa3ae4d6)	COMPLETED	0	2026-04-15 14:01:22.924	2.4s	2.1s	340.9%	418.6 MB	1.5 GB	3.4 MB	66.4 KB
686	27/8bf517	3539986	ENRICH_MSA_PHROGS (enrich_278bf517)	COMPLETED	0	2026-04-15 14:01:22.875	2.9s	2.6s	345.1%	445 MB	1.5 GB	3.4 MB	60.8 KB
688	63/2f3dee	3540536	ENRICH_MSA_PHROGS (enrich_632f3dee)	COMPLETED	0	2026-04-15 14:01:23.297	3.1s	2.8s	357.9%	470.9 MB	1.5 GB	3.4 MB	216.9 KB
693	3e/7b55ce	3541493	ENRICH_MSA_PHROGS (enrich_3e7b55ce)	COMPLETED	0	2026-04-15 14:01:24.138	2.4s	2.1s	350.6%	421.8 MB	1.5 GB	3.4 MB	46.9 KB
690	6c/a67e43	3541135	ENRICH_MSA_PHROGS (enrich_6ca67e43)	COMPLETED	0	2026-04-15 14:01:23.702	2.9s	2.7s	344.2%	459.5 MB	1.5 GB	3.4 MB	153.9 KB
691	98/5bb823	3541476	ENRICH_MSA_PHROGS (enrich_985bb823)	COMPLETED	0	2026-04-15 14:01:24.112	2.7s	2.4s	350.6%	456.9 MB	1.5 GB	3.4 MB	61 KB
694	e7/f150a3	3542213	ENRICH_MSA_PHROGS (enrich_e7f150a3)	COMPLETED	0	2026-04-15 14:01:24.527	2.3s	2.1s	371.3%	413.9 MB	1.5 GB	3.4 MB	41.5 KB
692	41/7f2f36	3541879	ENRICH_MSA_PHROGS (enrich_417f2f36)	COMPLETED	0	2026-04-15 14:01:24.329	2.6s	2.4s	351.7%	445.6 MB	1.5 GB	3.4 MB	60.3 KB
697	ae/ac8689	3542813	ENRICH_MSA_PHROGS (enrich_aeac8689)	COMPLETED	0	2026-04-15 14:01:24.868	2.4s	2.1s	364.7%	413.6 MB	1.5 GB	3.4 MB	43.5 KB
696	d5/98aa23	3542709	ENRICH_MSA_PHROGS (enrich_d598aa23)	COMPLETED	0	2026-04-15 14:01:24.797	2.6s	2.4s	342.1%	446.7 MB	1.5 GB	3.4 MB	55.2 KB
695	8b/623004	3542631	ENRICH_MSA_PHROGS (enrich_8b623004)	COMPLETED	0	2026-04-15 14:01:24.750	2.7s	2.4s	363.0%	459.3 MB	1.5 GB	3.4 MB	58.6 KB
700	8b/f88c70	3543199	ENRICH_MSA_PHROGS (enrich_8bf88c70)	COMPLETED	0	2026-04-15 14:01:25.020	2.5s	2.3s	356.9%	448.2 MB	1.5 GB	3.4 MB	55.2 KB
698	cd/a33b35	3543127	ENRICH_MSA_PHROGS (enrich_cda33b35)	COMPLETED	0	2026-04-15 14:01:24.992	2.6s	2.3s	351.7%	445.1 MB	1.5 GB	3.4 MB	65.4 KB
701	b1/17f142	3543862	ENRICH_MSA_PHROGS (enrich_b117f142)	COMPLETED	0	2026-04-15 14:01:25.322	2.3s	2s	353.5%	421.5 MB	1.5 GB	3.4 MB	46.1 KB
706	e9/f9a48f	3545495	ENRICH_MSA_PHROGS (enrich_e9f9a48f)	COMPLETED	0	2026-04-15 14:01:26.790	878ms	617ms	205.2%	3.2 MB	4.4 MB	3.4 MB	8.3 KB
699	18/c51f11	3543366	ENRICH_MSA_PHROGS (enrich_18c51f11)	COMPLETED	0	2026-04-15 14:01:25.074	2.8s	2.6s	341.9%	445.4 MB	1.5 GB	3.4 MB	62.2 KB
702	8c/fae9f8	3544247	ENRICH_MSA_PHROGS (enrich_8cfae9f8)	COMPLETED	0	2026-04-15 14:01:25.730	2.7s	2.5s	344.7%	456.1 MB	1.4 GB	3.4 MB	65.2 KB
704	40/86874b	3545007	ENRICH_MSA_PHROGS (enrich_4086874b)	COMPLETED	0	2026-04-15 14:01:26.533	2.3s	2s	321.8%	425.6 MB	1.5 GB	3.4 MB	47.2 KB
705	de/e1b893	3545121	ENRICH_MSA_PHROGS (enrich_dee1b893)	COMPLETED	0	2026-04-15 14:01:26.615	2.4s	2.1s	359.4%	418.7 MB	1.4 GB	3.4 MB	95.5 KB
703	d7/d0d78a	3544906	ENRICH_MSA_PHROGS (enrich_d7d0d78a)	COMPLETED	0	2026-04-15 14:01:26.425	2.7s	2.4s	329.9%	445.1 MB	1.5 GB	3.4 MB	54.2 KB
707	79/5a1ca7	3545534	ENRICH_MSA_PHROGS (enrich_795a1ca7)	COMPLETED	0	2026-04-15 14:01:26.812	2.4s	2.1s	354.0%	421.6 MB	1.5 GB	3.4 MB	43.8 KB
708	e5/a12ea8	3545778	ENRICH_MSA_PHROGS (enrich_e5a12ea8)	COMPLETED	0	2026-04-15 14:01:26.957	2.5s	2.2s	363.4%	423.4 MB	1.5 GB	3.4 MB	52.9 KB
709	c1/eb0a3f	3546220	ENRICH_MSA_PHROGS (enrich_c1eb0a3f)	COMPLETED	0	2026-04-15 14:01:27.231	2.2s	2s	350.1%	407.3 MB	1.5 GB	3.4 MB	48.1 KB
710	99/e5d9d0	3546512	ENRICH_MSA_PHROGS (enrich_99e5d9d0)	COMPLETED	0	2026-04-15 14:01:27.411	2.3s	2s	348.0%	416.4 MB	1.5 GB	3.4 MB	42 KB
715	a3/035d0e	3547161	ENRICH_MSA_PHROGS (enrich_a3035d0e)	COMPLETED	0	2026-04-15 14:01:27.673	2.1s	1.9s	351.7%	424.1 MB	1.5 GB	3.4 MB	44.5 KB
711	b2/7a0ce1	3546531	ENRICH_MSA_PHROGS (enrich_b27a0ce1)	COMPLETED	0	2026-04-15 14:01:27.420	2.4s	2.2s	364.7%	421.8 MB	1.5 GB	3.4 MB	60.8 KB
713	45/ae0855	3546847	ENRICH_MSA_PHROGS (enrich_45ae0855)	COMPLETED	0	2026-04-15 14:01:27.562	2.3s	2s	327.2%	409.2 MB	1.5 GB	3.4 MB	43.3 KB
712	dd/8adaf8	3546825	ENRICH_MSA_PHROGS (enrich_dd8adaf8)	COMPLETED	0	2026-04-15 14:01:27.537	2.3s	2.1s	360.5%	421.9 MB	1.5 GB	3.4 MB	56.4 KB
716	b8/5de0d8	3547626	ENRICH_MSA_PHROGS (enrich_b85de0d8)	COMPLETED	0	2026-04-15 14:01:27.857	2.2s	1.9s	339.6%	419 MB	1.5 GB	3.4 MB	57.9 KB
714	af/6da94b	3547014	ENRICH_MSA_PHROGS (enrich_af6da94b)	COMPLETED	0	2026-04-15 14:01:27.627	2.5s	2.3s	337.9%	406.2 MB	1.5 GB	3.4 MB	50.4 KB
717	a3/82aecc	3548203	ENRICH_MSA_PHROGS (enrich_a382aecc)	COMPLETED	0	2026-04-15 14:01:28.465	2.3s	2s	321.7%	423.9 MB	1.5 GB	3.4 MB	45.4 KB
720	a6/94d911	3548995	ENRICH_MSA_PHROGS (enrich_a694d911)	COMPLETED	0	2026-04-15 14:01:29.110	1.9s	1.7s	337.0%	423.3 MB	1.5 GB	3.4 MB	41.6 KB
718	fb/f09a97	3548535	ENRICH_MSA_PHROGS (enrich_fbf09a97)	COMPLETED	0	2026-04-15 14:01:28.810	2.4s	2.1s	336.8%	421.4 MB	1.4 GB	3.4 MB	52.4 KB
719	8c/9a81eb	3548832	ENRICH_MSA_PHROGS (enrich_8c9a81eb)	COMPLETED	0	2026-04-15 14:01:29.023	2.2s	1.9s	325.8%	428.1 MB	1.5 GB	3.4 MB	67.6 KB
721	4e/5c415c	3549110	ENRICH_MSA_PHROGS (enrich_4e5c415c)	COMPLETED	0	2026-04-15 14:01:29.198	2.2s	2s	346.3%	418.5 MB	1.5 GB	3.4 MB	56.3 KB
723	60/673b27	3549626	ENRICH_MSA_PHROGS (enrich_60673b27)	COMPLETED	0	2026-04-15 14:01:29.464	1.9s	1.7s	350.4%	424.1 MB	1.5 GB	3.4 MB	44.9 KB
722	d0/5b9e41	3549615	ENRICH_MSA_PHROGS (enrich_d05b9e41)	COMPLETED	0	2026-04-15 14:01:29.455	2.1s	1.8s	338.1%	417.1 MB	1.5 GB	3.4 MB	46.7 KB
725	10/983ea4	3549918	HHSUITE_SEARCH_BATCH (PFAM_10983ea4)	COMPLETED	0	2026-04-15 14:01:29.695	6s	5.8s	355.1%	590.2 MB	5.2 GB	1.4 MB	225.6 KB
1117	19/6fd29a	3550209	HHSUITE_SEARCH_BATCH (PHROGS_196fd29a)	COMPLETED	0	2026-04-15 14:01:29.831	5.9s	5.7s	364.8%	529.8 MB	1.5 GB	3.4 MB	359.4 KB
724	0c/3253d2	3550199	HHSUITE_SEARCH_BATCH (PHROGS_0c3253d2)	COMPLETED	0	2026-04-15 14:01:29.823	6s	5.8s	356.7%	546.5 MB	1.5 GB	3.4 MB	317.2 KB
728	62/913c0a	3551520	HHSUITE_SEARCH_BATCH (PFAM_62913c0a)	COMPLETED	0	2026-04-15 14:01:30.740	11.4s	11.1s	349.7%	660.3 MB	5.2 GB	1.4 MB	280.1 KB
727	ff/48a72b	3551103	HHSUITE_SEARCH_BATCH (PHROGS_ff48a72b)	COMPLETED	0	2026-04-15 14:01:30.162	12.6s	12.2s	349.4%	605 MB	1.5 GB	3.4 MB	492.1 KB
730	d5/1fbf78	3552127	HHSUITE_SEARCH_BATCH (PHROGS_d51fbf78)	COMPLETED	0	2026-04-15 14:01:31.222	12.8s	12.6s	349.4%	657.5 MB	1.6 GB	3.4 MB	706.9 KB
1122	a1/d4b39b	3550220	HHSUITE_SEARCH_BATCH (ECOD_a1d4b39b)	COMPLETED	0	2026-04-15 14:01:29.840	15.3s	15s	251.6%	1.2 GB	32.6 GB	8 MB	1.1 MB
726	9d/3fa077	3550301	HHSUITE_SEARCH_BATCH (ECOD_9d3fa077)	COMPLETED	0	2026-04-15 14:01:29.871	18.4s	18.1s	185.1%	813.6 MB	32.5 GB	8 MB	834.7 KB
729	7e/955270	3550707	HHSUITE_SEARCH_BATCH (ECOD_7e955270)	COMPLETED	0	2026-04-15 14:01:30.030	18.6s	18.3s	325.4%	915.9 MB	32.5 GB	8 MB	1.4 MB
737	b5/222773	3556062	HHSUITE_SEARCH_BATCH (PFAM_b5222773)	COMPLETED	0	2026-04-15 14:01:35.831	13.1s	12.9s	342.0%	679 MB	5.2 GB	1.4 MB	259.8 KB
731	26/360d53	3551775	HHSUITE_SEARCH_BATCH (PFAM_26360d53)	COMPLETED	0	2026-04-15 14:01:31.042	18.9s	18.6s	264.6%	750.8 MB	5.2 GB	1.4 MB	467.1 KB
736	1c/691b05	3555829	HHSUITE_SEARCH_BATCH (PHROGS_1c691b05)	COMPLETED	0	2026-04-15 14:01:35.714	14.7s	14.4s	351.5%	691.4 MB	1.6 GB	3.4 MB	734.8 KB
733	ba/fbbca7	3552520	HHSUITE_SEARCH_BATCH (PHROGS_bafbbca7)	COMPLETED	0	2026-04-15 14:01:31.412	21.9s	21.6s	349.0%	729.1 MB	1.6 GB	3.4 MB	1.2 MB
734	ec/b8e48e	3552842	HHSUITE_SEARCH_BATCH (PFAM_ecb8e48e)	COMPLETED	0	2026-04-15 14:01:31.539	22.4s	22s	341.2%	923.9 MB	5.4 GB	1.4 MB	789.4 KB
738	c4/1be57d	3555869	HHSUITE_SEARCH_BATCH (ECOD_c41be57d)	COMPLETED	0	2026-04-15 14:01:35.757	24.5s	24.3s	282.9%	989.2 MB	32.6 GB	8 MB	1.2 MB
746	3c/56c978	3563956	HHSUITE_SEARCH_BATCH (PFAM_3c56c978)	COMPLETED	0	2026-04-15 14:01:48.919	11.4s	11.1s	339.8%	619.8 MB	5.2 GB	1.4 MB	280.8 KB
745	3d/90531b	3564720	HHSUITE_SEARCH_BATCH (PHROGS_3d90531b)	COMPLETED	0	2026-04-15 14:01:50.371	10.7s	10.5s	355.9%	578.8 MB	1.5 GB	3.4 MB	547.2 KB
740	1c/fff3b2	3561499	HHSUITE_SEARCH_BATCH (PFAM_1cfff3b2)	COMPLETED	0	2026-04-15 14:01:44.037	18.6s	18.3s	370.0%	893.4 MB	5.4 GB	1.4 MB	603.7 KB
747	7e/a2646a	3564432	HHSUITE_SEARCH_BATCH (ECOD_7ea2646a)	COMPLETED	0	2026-04-15 14:01:49.962	13.7s	13.4s	314.1%	720.5 MB	32.5 GB	8 MB	847.3 KB
732	a7/2fae60	3552132	HHSUITE_SEARCH_BATCH (ECOD_a72fae60)	COMPLETED	0	2026-04-15 14:01:31.231	38.3s	38.1s	206.7%	1.6 GB	32.8 GB	8 MB	2.1 MB
739	34/4fee87	3560486	HHSUITE_SEARCH_BATCH (PHROGS_344fee87)	COMPLETED	0	2026-04-15 14:01:42.142	27.6s	27.4s	290.0%	833.5 MB	1.6 GB	3.4 MB	1011.9 KB
743	3a/4fe0a6	3563728	HHSUITE_SEARCH_BATCH (PFAM_3a4fe0a6)	COMPLETED	0	2026-04-15 14:01:48.638	23.2s	22.9s	344.2%	912.1 MB	5.3 GB	1.4 MB	412.2 KB
748	d4/f0c193	3566861	HHSUITE_SEARCH_BATCH (PHROGS_d4f0c193)	COMPLETED	0	2026-04-15 14:01:53.915	18.1s	17.7s	346.5%	728.3 MB	1.6 GB	3.4 MB	674.2 KB
749	6e/34ee0d	3569743	HHSUITE_SEARCH_BATCH (PFAM_6e34ee0d)	COMPLETED	0	2026-04-15 14:02:00.260	14.3s	14s	358.8%	757.2 MB	5.3 GB	1.4 MB	362.2 KB
741	33/18d5be	3561065	HHSUITE_SEARCH_BATCH (ECOD_3318d5be)	COMPLETED	0	2026-04-15 14:01:42.733	34.3s	34s	361.1%	1.7 GB	33 GB	8 MB	2.7 MB
750	25/a91c49	3566428	HHSUITE_SEARCH_BATCH (ECOD_25a91c49)	COMPLETED	0	2026-04-15 14:01:53.296	27s	26.7s	308.2%	1.3 GB	32.7 GB	8 MB	2.3 MB
744	d1/2aef1e	3561981	HHSUITE_SEARCH_BATCH (ECOD_d12aef1e)	COMPLETED	0	2026-04-15 14:01:45.098	37.5s	37.3s	303.0%	1.4 GB	32.8 GB	8 MB	1.6 MB
829	f6/464fd5	3518111	HHSUITE_SEARCH_BATCH (PHROGS_f6464fd5)	COMPLETED	0	2026-04-15 14:01:04.656	1m 20s	1m 20s	314.1%	1.3 GB	2.1 GB	3.4 MB	2 MB
735	d3/c1fa52	3552532	HHSUITE_SEARCH_BATCH (ECOD_d3c1fa52)	COMPLETED	0	2026-04-15 14:01:31.420	53.8s	53.6s	281.8%	2.1 GB	33.2 GB	8 MB	3.8 MB
752	21/422c81	3570261	HHSUITE_SEARCH_BATCH (PFAM_21422c81)	COMPLETED	0	2026-04-15 14:02:01.085	24.3s	24.1s	356.3%	939.2 MB	5.4 GB	1.4 MB	464.8 KB
753	3a/239a28	3570847	HHSUITE_SEARCH_BATCH (ECOD_3a239a28)	COMPLETED	0	2026-04-15 14:02:02.609	28.8s	28.5s	344.8%	1.4 GB	32.9 GB	8 MB	1.9 MB
751	a6/b2c7e1	3569783	HHSUITE_SEARCH_BATCH (PHROGS_a6b2c7e1)	COMPLETED	0	2026-04-15 14:02:00.290	31.7s	31.5s	350.5%	1007.9 MB	1.8 GB	3.4 MB	1.4 MB
742	d9/d8c1cf	3563389	HHSUITE_SEARCH_BATCH (PHROGS_d9d8c1cf)	COMPLETED	0	2026-04-15 14:01:48.238	43.9s	43.7s	269.6%	1 GB	1.8 GB	3.4 MB	1009.6 KB
755	6d/bdbaa7	3573818	HHSUITE_SEARCH_BATCH (PFAM_6dbdbaa7)	COMPLETED	0	2026-04-15 14:02:09.759	23.7s	23.5s	331.1%	990.6 MB	5.4 GB	1.4 MB	332.6 KB
758	1f/5d5ad1	3576228	HHSUITE_SEARCH_BATCH (PFAM_1f5d5ad1)	COMPLETED	0	2026-04-15 14:02:14.519	23.1s	22.8s	337.6%	838.5 MB	5.3 GB	1.4 MB	596.7 KB
754	82/d783fe	3571368	HHSUITE_SEARCH_BATCH (PHROGS_82d783fe)	COMPLETED	0	2026-04-15 14:02:03.649	39.4s	39.2s	330.0%	1.1 GB	1.9 GB	3.4 MB	1.3 MB
759	8f/80c51f	3575152	HHSUITE_SEARCH_BATCH (ECOD_8f80c51f)	COMPLETED	0	2026-04-15 14:02:12.029	32.9s	32.7s	365.4%	1.6 GB	33 GB	8 MB	2.3 MB
763	38/366ff9	3580749	HHSUITE_SEARCH_BATCH (PHROGS_38366ff9)	COMPLETED	0	2026-04-15 14:02:25.237	21.5s	21.2s	318.9%	726.3 MB	1.6 GB	3.4 MB	1.1 MB
756	e9/7864bb	3573728	HHSUITE_SEARCH_BATCH (ECOD_e97864bb)	COMPLETED	0	2026-04-15 14:02:09.584	37.3s	37.1s	309.0%	1.8 GB	32.9 GB	8 MB	1.8 MB
761	c6/560da2	3578578	HHSUITE_SEARCH_BATCH (PFAM_c6560da2)	COMPLETED	0	2026-04-15 14:02:20.272	29.8s	29.6s	345.7%	982.2 MB	5.4 GB	1.4 MB	516 KB
764	66/780103	3580315	HHSUITE_SEARCH_BATCH (PFAM_66780103)	COMPLETED	0	2026-04-15 14:02:24.527	25.8s	25.6s	285.0%	1007.9 MB	5.3 GB	1.4 MB	756.9 KB
757	61/aafb52	3574903	HHSUITE_SEARCH_BATCH (PHROGS_61aafb52)	COMPLETED	0	2026-04-15 14:02:11.802	40.7s	40.5s	307.0%	1.2 GB	1.8 GB	3.4 MB	1.8 MB
374	9a/fdc64c	3375524	ENRICH_MSA_PHROGS (enrich_9afdc64c)	COMPLETED	0	2026-04-15 13:56:59.436	5m 56s	5m 55s	276.2%	2.2 GB	3.1 GB	3.4 MB	23.7 MB
760	bc/d0aec5	3577223	HHSUITE_SEARCH_BATCH (PHROGS_bcd0aec5)	COMPLETED	0	2026-04-15 14:02:17.032	39.4s	39.2s	358.8%	1.1 GB	1.9 GB	3.4 MB	2 MB
767	62/b44973	3583612	HHSUITE_SEARCH_BATCH (PFAM_62b44973)	COMPLETED	0	2026-04-15 14:02:31.995	27s	26.8s	370.2%	913.9 MB	5.4 GB	1.4 MB	966.4 KB
773	2c/cfd27f	3589720	HHSUITE_SEARCH_BATCH (PFAM_2ccfd27f)	COMPLETED	0	2026-04-15 14:02:46.929	17.6s	17.4s	360.7%	843.3 MB	5.4 GB	1.4 MB	564.4 KB
762	14/8d8a75	3579655	HHSUITE_SEARCH_BATCH (ECOD_148d8a75)	COMPLETED	0	2026-04-15 14:02:22.602	44.8s	44.5s	324.7%	1.8 GB	33 GB	8 MB	2.4 MB
770	57/71fb93	3588229	HHSUITE_SEARCH_BATCH (PFAM_5771fb93)	COMPLETED	0	2026-04-15 14:02:43.078	24.7s	24.5s	342.4%	917.2 MB	5.4 GB	1.4 MB	907 KB
769	a8/60df77	3584630	HHSUITE_SEARCH_BATCH (PHROGS_a860df77)	COMPLETED	0	2026-04-15 14:02:33.512	35.4s	35.1s	309.5%	898.7 MB	1.7 GB	3.4 MB	1.6 MB
776	d6/f505ab	3590894	HHSUITE_SEARCH_BATCH (PFAM_d6f505ab)	COMPLETED	0	2026-04-15 14:02:50.064	19.6s	19.2s	331.5%	788.1 MB	5.4 GB	1.4 MB	464.4 KB
772	8a/15630d	3589568	HHSUITE_SEARCH_BATCH (PHROGS_8a15630d)	COMPLETED	0	2026-04-15 14:02:46.700	26s	25.8s	281.8%	787.6 MB	1.6 GB	3.4 MB	1 MB
775	f3/9af3fd	3591094	HHSUITE_SEARCH_BATCH (PHROGS_f39af3fd)	COMPLETED	0	2026-04-15 14:02:50.333	24.8s	24.5s	275.1%	670.6 MB	1.6 GB	3.4 MB	977.9 KB
774	19/53cb50	3588823	HHSUITE_SEARCH_BATCH (ECOD_1953cb50)	COMPLETED	0	2026-04-15 14:02:44.919	30.8s	30.6s	352.9%	1.5 GB	33 GB	8 MB	2.9 MB
779	74/31a911	3593810	HHSUITE_SEARCH_BATCH (PFAM_7431a911)	COMPLETED	0	2026-04-15 14:02:56.467	19.8s	19.6s	332.3%	806.9 MB	5.3 GB	1.4 MB	409.1 KB
766	f6/a09502	3583358	HHSUITE_SEARCH_BATCH (PHROGS_f6a09502)	COMPLETED	0	2026-04-15 14:02:31.396	45s	44.7s	255.1%	840 MB	1.7 GB	3.4 MB	1.3 MB
778	e0/e05208	3593324	HHSUITE_SEARCH_BATCH (PHROGS_e0e05208)	COMPLETED	0	2026-04-15 14:02:55.131	23.4s	23.1s	315.9%	807 MB	1.6 GB	3.4 MB	783.6 KB
777	4f/18e532	3591949	HHSUITE_SEARCH_BATCH (ECOD_4f18e532)	COMPLETED	0	2026-04-15 14:02:52.523	33.3s	32.5s	318.4%	1.4 GB	32.8 GB	8 MB	2.1 MB
768	fa/a7ec8d	3583750	HHSUITE_SEARCH_BATCH (ECOD_faa7ec8d)	COMPLETED	0	2026-04-15 14:02:32.140	54.3s	54.1s	308.6%	1.8 GB	33 GB	8 MB	3.8 MB
765	77/908d4c	3580896	HHSUITE_SEARCH_BATCH (ECOD_77908d4c)	COMPLETED	0	2026-04-15 14:02:25.412	1m 2s	1m 2s	240.4%	2.1 GB	33.1 GB	8 MB	3.6 MB
790	82/1636d7	3602210	HHSUITE_SEARCH_BATCH (PHROGS_821636d7)	COMPLETED	0	2026-04-15 14:03:16.376	12.2s	11.9s	358.9%	620.6 MB	1.5 GB	3.4 MB	689.7 KB
791	13/372cf1	3603443	HHSUITE_SEARCH_BATCH (PFAM_13372cf1)	COMPLETED	0	2026-04-15 14:03:18.544	13.7s	13.5s	314.6%	703.5 MB	5.2 GB	1.4 MB	432 KB
785	3b/a20a44	3600286	HHSUITE_SEARCH_BATCH (PFAM_3ba20a44)	COMPLETED	0	2026-04-15 14:03:12.749	20.3s	20s	358.0%	819.9 MB	5.3 GB	1.4 MB	636.6 KB
787	ed/c0b513	3601310	HHSUITE_SEARCH_BATCH (PHROGS_edc0b513)	COMPLETED	0	2026-04-15 14:03:15.094	18s	17.8s	329.6%	646.1 MB	1.6 GB	3.4 MB	1.1 MB
782	d2/7a22d9	3597075	HHSUITE_SEARCH_BATCH (PFAM_d27a22d9)	COMPLETED	0	2026-04-15 14:03:04.539	29.1s	28.9s	371.4%	936.3 MB	5.4 GB	1.4 MB	824.3 KB
784	07/8a01e5	3599136	HHSUITE_SEARCH_BATCH (PHROGS_078a01e5)	COMPLETED	0	2026-04-15 14:03:09.654	26.9s	26.7s	307.2%	796.6 MB	1.7 GB	3.4 MB	1 MB
788	57/ca0c21	3601721	HHSUITE_SEARCH_BATCH (PFAM_57ca0c21)	COMPLETED	0	2026-04-15 14:03:15.755	21.1s	20.9s	351.2%	798 MB	5.3 GB	1.4 MB	1012.4 KB
780	59/eaafef	3595059	HHSUITE_SEARCH_BATCH (ECOD_59eaafef)	COMPLETED	0	2026-04-15 14:02:59.013	39.5s	39.3s	300.2%	1.5 GB	32.8 GB	8 MB	2.4 MB
771	b7/ffa7a9	3586150	HHSUITE_SEARCH_BATCH (ECOD_b7ffa7a9)	COMPLETED	0	2026-04-15 14:02:37.581	1m 3s	1m 2s	257.6%	2 GB	33.2 GB	8 MB	3.9 MB
797	be/ded790	3609700	HHSUITE_SEARCH_BATCH (PFAM_beded790)	COMPLETED	0	2026-04-15 14:03:33.121	16.9s	16.7s	357.6%	924.7 MB	5.4 GB	1.4 MB	479 KB
794	41/3a49ee	3607362	HHSUITE_SEARCH_BATCH (PFAM_413a49ee)	COMPLETED	0	2026-04-15 14:03:27.293	26.3s	25.8s	336.0%	1 GB	5.4 GB	1.4 MB	902.6 KB
786	1f/2f34e2	3598774	HHSUITE_SEARCH_BATCH (ECOD_1f2f34e2)	COMPLETED	0	2026-04-15 14:03:08.901	46.4s	46.2s	260.6%	1.7 GB	33.1 GB	8 MB	2.3 MB
796	c4/9544d8	3609221	HHSUITE_SEARCH_BATCH (PHROGS_c49544d8)	COMPLETED	0	2026-04-15 14:03:32.271	24s	23.8s	289.7%	895.7 MB	1.7 GB	3.4 MB	935.5 KB
802	a6/8f9646	3612833	HHSUITE_SEARCH_BATCH (PHROGS_a68f9646)	COMPLETED	0	2026-04-15 14:03:38.545	18.5s	18.3s	344.6%	739.7 MB	1.6 GB	3.4 MB	1.1 MB
799	82/f42e91	3610128	HHSUITE_SEARCH_BATCH (PHROGS_82f42e91)	COMPLETED	0	2026-04-15 14:03:33.689	23.9s	23.7s	324.5%	868.4 MB	1.7 GB	3.4 MB	1005.5 KB
789	fe/cc38f9	3602055	HHSUITE_SEARCH_BATCH (ECOD_fecc38f9)	COMPLETED	0	2026-04-15 14:03:16.306	41.7s	41.5s	289.0%	1.6 GB	33 GB	8 MB	3.2 MB
792	26/331282	3606543	HHSUITE_SEARCH_BATCH (ECOD_26331282)	COMPLETED	0	2026-04-15 14:03:25.837	32.2s	32s	259.0%	1.4 GB	32.8 GB	8 MB	1.7 MB
800	05/7ac5ce	3611606	HHSUITE_SEARCH_BATCH (PFAM_057ac5ce)	COMPLETED	0	2026-04-15 14:03:36.595	24.1s	23.9s	262.4%	1006.6 MB	5.4 GB	1.4 MB	317.1 KB
793	1b/417091	3606925	HHSUITE_SEARCH_BATCH (PHROGS_1b417091)	COMPLETED	0	2026-04-15 14:03:26.492	34.9s	34.7s	266.2%	944.7 MB	1.6 GB	3.4 MB	1.5 MB
803	99/8a8d45	3613749	HHSUITE_SEARCH_BATCH (PFAM_998a8d45)	COMPLETED	0	2026-04-15 14:03:40.145	22.7s	22.5s	304.5%	995.7 MB	5.3 GB	1.4 MB	963.7 KB
781	0e/53d611	3597976	HHSUITE_SEARCH_BATCH (PHROGS_0e53d611)	COMPLETED	0	2026-04-15 14:03:07.356	57.5s	57.3s	328.0%	1.2 GB	1.9 GB	3.4 MB	1.9 MB
783	97/d6af71	3598237	HHSUITE_SEARCH_BATCH (ECOD_97d6af71)	COMPLETED	0	2026-04-15 14:03:07.797	58.8s	58.6s	306.3%	2 GB	33.1 GB	8 MB	3.3 MB
798	44/3bcefe	3609530	HHSUITE_SEARCH_BATCH (ECOD_443bcefe)	COMPLETED	0	2026-04-15 14:03:33.016	35s	34.7s	283.0%	1.6 GB	33 GB	8 MB	2 MB
808	57/8c12ed	3619713	HHSUITE_SEARCH_BATCH (PHROGS_578c12ed)	COMPLETED	0	2026-04-15 14:03:57.569	12.9s	12.7s	339.8%	574 MB	1.5 GB	3.4 MB	674.7 KB
809	db/8c7d89	3620110	HHSUITE_SEARCH_BATCH (PFAM_db8c7d89)	COMPLETED	0	2026-04-15 14:03:57.992	16s	15.8s	300.2%	682.4 MB	5.2 GB	1.4 MB	389.4 KB
811	b3/5c1889	3620195	HHSUITE_SEARCH_BATCH (PHROGS_b35c1889)	COMPLETED	0	2026-04-15 14:03:58.037	16.6s	16.4s	349.1%	732.1 MB	1.6 GB	3.4 MB	962.8 KB
812	71/801993	3621697	HHSUITE_SEARCH_BATCH (PFAM_71801993)	COMPLETED	0	2026-04-15 14:04:00.717	16.6s	16.4s	355.4%	773.5 MB	5.3 GB	1.4 MB	520.5 KB
815	96/e9c958	3624341	HHSUITE_SEARCH_BATCH (PFAM_96e9c958)	COMPLETED	0	2026-04-15 14:04:04.904	15s	14.8s	363.4%	847.7 MB	5.2 GB	1.4 MB	409.2 KB
814	7e/3a11c8	3625286	HHSUITE_SEARCH_BATCH (PHROGS_7e3a11c8)	COMPLETED	0	2026-04-15 14:04:06.591	19s	18.7s	307.3%	757.4 MB	1.6 GB	3.4 MB	499.8 KB
795	f7/c918fe	3607767	HHSUITE_SEARCH_BATCH (ECOD_f7c918fe)	COMPLETED	0	2026-04-15 14:03:28.540	57.4s	57.1s	255.6%	2.2 GB	33.2 GB	8 MB	3.4 MB
801	5c/3aed06	3611899	HHSUITE_SEARCH_BATCH (ECOD_5c3aed06)	COMPLETED	0	2026-04-15 14:03:36.823	50.6s	50.4s	218.1%	2 GB	33 GB	8 MB	2.3 MB
817	70/da7506	3626100	HHSUITE_SEARCH_BATCH (PHROGS_70da7506)	COMPLETED	0	2026-04-15 14:04:07.975	20.1s	19.8s	286.5%	695.2 MB	1.5 GB	3.4 MB	1.1 MB
818	c9/5e048c	3628784	HHSUITE_SEARCH_BATCH (PFAM_c95e048c)	COMPLETED	0	2026-04-15 14:04:14.034	16.2s	16s	323.6%	740.5 MB	5.3 GB	1.4 MB	687 KB
810	f3/a0b4f0	3619465	HHSUITE_SEARCH_BATCH (ECOD_f3a0b4f0)	COMPLETED	0	2026-04-15 14:03:57.066	33.6s	33.4s	229.4%	1.4 GB	32.7 GB	8 MB	1.3 MB
813	b9/1e3e39	3622139	HHSUITE_SEARCH_BATCH (ECOD_b91e3e39)	COMPLETED	0	2026-04-15 14:04:01.415	31.5s	31.2s	269.8%	1.4 GB	32.9 GB	8 MB	1.9 MB
806	01/e6d218	3619104	HHSUITE_SEARCH_BATCH (PFAM_01e6d218)	COMPLETED	0	2026-04-15 14:03:56.246	40.3s	40.1s	348.4%	1 GB	5.5 GB	1.4 MB	510 KB
816	19/378028	3622979	HHSUITE_SEARCH_BATCH (ECOD_19378028)	COMPLETED	0	2026-04-15 14:04:02.851	34.8s	34.2s	257.8%	1.7 GB	32.9 GB	8 MB	1.7 MB
827	bc/af6dbb	3635351	HHSUITE_SEARCH_BATCH (PFAM_bcaf6dbb)	COMPLETED	0	2026-04-15 14:04:30.251	13.9s	13.6s	351.1%	713.5 MB	5.3 GB	1.4 MB	257.6 KB
826	09/77fd19	3635635	HHSUITE_SEARCH_BATCH (PHROGS_0977fd19)	COMPLETED	0	2026-04-15 14:04:30.696	17.4s	17.1s	337.9%	718.2 MB	1.6 GB	3.4 MB	736.9 KB
807	af/0b509b	3618766	HHSUITE_SEARCH_BATCH (ECOD_af0b509b)	COMPLETED	0	2026-04-15 14:03:55.309	54.2s	54s	280.1%	1.7 GB	32.9 GB	8 MB	1.7 MB
832	a8/ff6f3b	3639006	HHSUITE_SEARCH_BATCH (PHROGS_a8ff6f3b)	COMPLETED	0	2026-04-15 14:04:37.643	11.9s	11.6s	346.0%	611.2 MB	1.6 GB	3.4 MB	697.6 KB
819	49/d937a5	3627369	HHSUITE_SEARCH_BATCH (ECOD_49d937a5)	COMPLETED	0	2026-04-15 14:04:10.485	39.7s	39.4s	245.3%	1.6 GB	32.9 GB	8 MB	3.1 MB
828	60/90732b	3634488	HHSUITE_SEARCH_BATCH (ECOD_6090732b)	COMPLETED	0	2026-04-15 14:04:28.038	22.9s	22.7s	323.7%	1.2 GB	32.8 GB	8 MB	1.3 MB
824	0d/b7d9eb	3633511	HHSUITE_SEARCH_BATCH (PFAM_0db7d9eb)	COMPLETED	0	2026-04-15 14:04:25.906	25.2s	24.7s	342.3%	939.9 MB	5.3 GB	1.4 MB	727.9 KB
821	52/c0775d	3631364	HHSUITE_SEARCH_BATCH (PFAM_52c0775d)	COMPLETED	0	2026-04-15 14:04:19.894	31.8s	31.6s	337.8%	950.3 MB	5.5 GB	1.4 MB	610.7 KB
805	a0/71b0d2	3618122	HHSUITE_SEARCH_BATCH (PHROGS_a071b0d2)	COMPLETED	0	2026-04-15 14:03:53.629	1m 3s	1m 3s	337.3%	1.3 GB	2 GB	3.4 MB	1.9 MB
804	93/829380	3617321	HHSUITE_SEARCH_BATCH (ECOD_93829380)	COMPLETED	0	2026-04-15 14:03:50.033	1m 7s	1m 7s	241.3%	2.4 GB	33.2 GB	8 MB	4.9 MB
833	2f/b7de82	3642439	HHSUITE_SEARCH_BATCH (PFAM_2fb7de82)	COMPLETED	0	2026-04-15 14:04:48.055	13.4s	13.2s	333.2%	751.9 MB	5.2 GB	1.4 MB	471.7 KB
835	7d/e4a9bf	3642979	HHSUITE_SEARCH_BATCH (PHROGS_7de4a9bf)	COMPLETED	0	2026-04-15 14:04:49.515	12.3s	12s	331.2%	644.5 MB	1.5 GB	3.4 MB	676.5 KB
822	ec/dd5828	3629198	HHSUITE_SEARCH_BATCH (ECOD_ecdd5828)	COMPLETED	0	2026-04-15 14:04:14.657	48.8s	48.6s	322.9%	1.5 GB	32.9 GB	8 MB	2.9 MB
836	97/d248c5	3643448	HHSUITE_SEARCH_BATCH (PFAM_97d248c5)	COMPLETED	0	2026-04-15 14:04:50.144	16.6s	16.4s	286.2%	793.4 MB	5.3 GB	1.4 MB	914.7 KB
838	68/7bc083	3643868	HHSUITE_SEARCH_BATCH (PHROGS_687bc083)	COMPLETED	0	2026-04-15 14:04:50.959	16.6s	16.3s	356.8%	750.3 MB	1.6 GB	3.4 MB	912.9 KB
841	82/cdbe21	3646970	HHSUITE_SEARCH_BATCH (PHROGS_82cdbe21)	COMPLETED	0	2026-04-15 14:04:57.034	11s	10.7s	311.6%	577.5 MB	1.5 GB	3.4 MB	413.7 KB
825	5c/43f9d5	3633310	HHSUITE_SEARCH_BATCH (ECOD_5c43f9d5)	COMPLETED	0	2026-04-15 14:04:25.558	42.5s	42.3s	313.6%	1.9 GB	33.1 GB	8 MB	2.9 MB
839	69/49eaa6	3644026	HHSUITE_SEARCH_BATCH (PFAM_6949eaa6)	COMPLETED	0	2026-04-15 14:04:51.143	17.8s	17.5s	326.9%	789.2 MB	5.3 GB	1.4 MB	533.3 KB
842	66/5aa9d8	3647115	HHSUITE_SEARCH_BATCH (PFAM_665aa9d8)	COMPLETED	0	2026-04-15 14:04:57.228	13.6s	13.3s	245.4%	673.5 MB	5.2 GB	1.4 MB	238.5 KB
834	59/5194ca	3641178	HHSUITE_SEARCH_BATCH (ECOD_595194ca)	COMPLETED	0	2026-04-15 14:04:44.135	27.1s	26.9s	270.4%	1.4 GB	32.7 GB	8 MB	2.5 MB
823	6d/760e98	3634104	HHSUITE_SEARCH_BATCH (PHROGS_6d760e98)	COMPLETED	0	2026-04-15 14:04:27.424	44s	43.8s	247.1%	890.7 MB	1.7 GB	3.4 MB	1.1 MB
844	d6/210af7	3649697	HHSUITE_SEARCH_BATCH (PHROGS_d6210af7)	COMPLETED	0	2026-04-15 14:05:01.823	14.6s	14.4s	335.3%	634.1 MB	1.5 GB	3.4 MB	1.1 MB
830	ff/d6feb3	3636701	HHSUITE_SEARCH_BATCH (PFAM_ffd6feb3)	COMPLETED	0	2026-04-15 14:04:32.897	46s	45.8s	312.9%	1.1 GB	5.5 GB	1.4 MB	669.6 KB
845	69/08c3cb	3650292	HHSUITE_SEARCH_BATCH (PFAM_6908c3cb)	COMPLETED	0	2026-04-15 14:05:03.500	17.6s	17.4s	305.0%	815.5 MB	5.2 GB	1.4 MB	700 KB
840	84/7593d3	3644499	HHSUITE_SEARCH_BATCH (ECOD_847593d3)	COMPLETED	0	2026-04-15 14:04:51.696	33.5s	33.2s	251.1%	1.3 GB	32.8 GB	8 MB	1.6 MB
848	53/23c380	3652083	HHSUITE_SEARCH_BATCH (PFAM_5323c380)	COMPLETED	0	2026-04-15 14:05:07.560	17.8s	17.6s	331.9%	804 MB	5.3 GB	1.4 MB	875.6 KB
854	a4/c2eb9d	3654768	HHSUITE_SEARCH_BATCH (PFAM_a4c2eb9d)	COMPLETED	0	2026-04-15 14:05:11.404	14.7s	14.5s	349.3%	699.1 MB	5.2 GB	1.4 MB	661.8 KB
820	76/5d03e0	3630319	HHSUITE_SEARCH_BATCH (PHROGS_765d03e0)	COMPLETED	0	2026-04-15 14:04:17.296	1m 10s	1m 10s	228.7%	1.2 GB	1.9 GB	3.4 MB	1.7 MB
843	12/fedd92	3649319	HHSUITE_SEARCH_BATCH (ECOD_12fedd92)	COMPLETED	0	2026-04-15 14:05:01.495	26.5s	26.3s	187.2%	1.1 GB	32.6 GB	8 MB	1.2 MB
847	71/8baec1	3652585	HHSUITE_SEARCH_BATCH (PHROGS_718baec1)	COMPLETED	0	2026-04-15 14:05:08.044	20.8s	20.6s	284.3%	675.1 MB	1.5 GB	3.4 MB	1.2 MB
853	a1/50c498	3658732	HHSUITE_SEARCH_BATCH (PHROGS_a150c498)	COMPLETED	0	2026-04-15 14:05:18.862	17.8s	17.6s	270.8%	740 MB	1.5 GB	3.4 MB	808 KB
859	70/8f279c	3661654	HHSUITE_SEARCH_BATCH (PHROGS_708f279c)	COMPLETED	0	2026-04-15 14:05:26.103	18.3s	18.1s	338.7%	696 MB	1.6 GB	3.4 MB	1.2 MB
855	df/d48293	3657445	HHSUITE_SEARCH_BATCH (ECOD_dfd48293)	COMPLETED	0	2026-04-15 14:05:16.438	28.7s	28.5s	323.4%	1.3 GB	32.8 GB	8 MB	3 MB
849	b0/e8ef90	3652618	HHSUITE_SEARCH_BATCH (ECOD_b0e8ef90)	COMPLETED	0	2026-04-15 14:05:08.066	37.5s	37.3s	273.4%	1.7 GB	33.1 GB	8 MB	3.2 MB
851	87/d9fb66	3654661	HHSUITE_SEARCH_BATCH (PFAM_87d9fb66)	COMPLETED	0	2026-04-15 14:05:11.278	34.6s	34.4s	282.1%	953.8 MB	5.4 GB	1.4 MB	589.2 KB
857	55/cd078d	3661217	HHSUITE_SEARCH_BATCH (PFAM_55cd078d)	COMPLETED	0	2026-04-15 14:05:25.344	23.1s	22.9s	333.3%	970.3 MB	5.4 GB	1.4 MB	429.3 KB
860	d2/d89ef0	3662763	HHSUITE_SEARCH_BATCH (PFAM_d2d89ef0)	COMPLETED	0	2026-04-15 14:05:28.040	21s	20.7s	342.7%	794.7 MB	5.3 GB	1.4 MB	951.1 KB
846	f8/bb903b	3651495	HHSUITE_SEARCH_BATCH (ECOD_f8bb903b)	COMPLETED	0	2026-04-15 14:05:06.739	43.4s	43.2s	274.3%	2 GB	33.1 GB	8 MB	4 MB
837	68/ab5214	3643024	HHSUITE_SEARCH_BATCH (ECOD_68ab5214)	COMPLETED	0	2026-04-15 14:04:49.560	1m 3s	1m 3s	183.3%	1.7 GB	33 GB	8 MB	4.1 MB
831	98/ae3941	3638438	HHSUITE_SEARCH_BATCH (ECOD_98ae3941)	COMPLETED	0	2026-04-15 14:04:36.520	1m 17s	1m 17s	293.4%	2.8 GB	33.6 GB	8 MB	3.6 MB
863	63/470417	3666417	HHSUITE_SEARCH_BATCH (PFAM_63470417)	COMPLETED	0	2026-04-15 14:05:36.689	18.7s	18.5s	308.6%	791.3 MB	5.3 GB	1.4 MB	483.2 KB
850	56/7dba22	3653197	HHSUITE_SEARCH_BATCH (PHROGS_567dba22)	COMPLETED	0	2026-04-15 14:05:08.940	46.7s	46.5s	270.0%	1.2 GB	1.9 GB	3.4 MB	1.5 MB
852	7d/3357bc	3654249	HHSUITE_SEARCH_BATCH (ECOD_7d3357bc)	COMPLETED	0	2026-04-15 14:05:10.832	47.3s	47.1s	304.3%	1.9 GB	33.1 GB	8 MB	3.4 MB
869	05/298e81	3670174	HHSUITE_SEARCH_BATCH (PFAM_05298e81)	COMPLETED	0	2026-04-15 14:05:48.459	12s	11.8s	355.4%	732.6 MB	5.3 GB	1.4 MB	531.3 KB
868	28/bd2f49	3670587	HHSUITE_SEARCH_BATCH (PHROGS_28bd2f49)	COMPLETED	0	2026-04-15 14:05:49.009	14.1s	13.9s	314.2%	610.5 MB	1.5 GB	3.4 MB	840.1 KB
874	d8/e404d1	3674289	HHSUITE_SEARCH_BATCH (PHROGS_d8e404d1)	COMPLETED	0	2026-04-15 14:05:55.637	7.8s	7.6s	357.5%	544.9 MB	1.5 GB	3.4 MB	414.4 KB
862	fe/149d61	3668512	HHSUITE_SEARCH_BATCH (PHROGS_fe149d61)	COMPLETED	0	2026-04-15 14:05:44.376	19.8s	19.6s	324.5%	766.8 MB	1.6 GB	3.4 MB	849.5 KB
856	39/56a097	3661123	HHSUITE_SEARCH_BATCH (PHROGS_3956a097)	COMPLETED	0	2026-04-15 14:05:25.207	41.3s	41.1s	252.9%	876.3 MB	1.8 GB	3.4 MB	1.3 MB
858	98/e9e3d7	3659717	HHSUITE_SEARCH_BATCH (ECOD_98e9e3d7)	COMPLETED	0	2026-04-15 14:05:21.101	46s	45.8s	294.9%	2 GB	33.2 GB	8 MB	3.4 MB
875	c3/36e8b9	3675585	HHSUITE_SEARCH_BATCH (PFAM_c336e8b9)	COMPLETED	0	2026-04-15 14:05:58.161	9s	8.8s	293.9%	607.8 MB	5.2 GB	1.4 MB	268.1 KB
864	9e/8d2551	3663288	HHSUITE_SEARCH_BATCH (ECOD_9e8d2551)	COMPLETED	0	2026-04-15 14:05:28.885	38.5s	38.2s	238.6%	1.6 GB	32.9 GB	8 MB	2.1 MB
871	94/11c7a8	3674013	HHSUITE_SEARCH_BATCH (PHROGS_9411c7a8)	COMPLETED	0	2026-04-15 14:05:55.375	14.5s	14.2s	332.1%	591.3 MB	1.5 GB	3.4 MB	990 KB
872	a4/33c973	3672415	HHSUITE_SEARCH_BATCH (PFAM_a433c973)	COMPLETED	0	2026-04-15 14:05:52.764	18.3s	18.1s	305.7%	722.5 MB	5.3 GB	1.4 MB	973.3 KB
861	c1/5ad2f9	3662393	HHSUITE_SEARCH_BATCH (ECOD_c15ad2f9)	COMPLETED	0	2026-04-15 14:05:27.574	45.6s	45.4s	320.5%	1.9 GB	33.3 GB	8 MB	4.4 MB
870	c2/58448b	3671122	HHSUITE_SEARCH_BATCH (ECOD_c258448b)	COMPLETED	0	2026-04-15 14:05:50.189	24.8s	24.6s	314.2%	1.3 GB	32.8 GB	8 MB	2 MB
880	61/bd2207	3679632	HHSUITE_SEARCH_BATCH (PHROGS_61bd2207)	COMPLETED	0	2026-04-15 14:06:06.496	9.6s	9.4s	343.4%	601.1 MB	1.5 GB	3.4 MB	532.9 KB
881	a5/2af148	3680171	HHSUITE_SEARCH_BATCH (PFAM_a52af148)	COMPLETED	0	2026-04-15 14:06:07.192	11.4s	11.1s	309.8%	733.2 MB	5.2 GB	1.4 MB	307.6 KB
876	99/1e39b6	3676647	HHSUITE_SEARCH_BATCH (ECOD_991e39b6)	COMPLETED	0	2026-04-15 14:06:00.448	18.9s	18.6s	243.6%	970.5 MB	32.6 GB	8 MB	1.1 MB
883	c1/804abf	3682334	HHSUITE_SEARCH_BATCH (PHROGS_c1804abf)	COMPLETED	0	2026-04-15 14:06:11.043	8.7s	8.5s	356.6%	573.6 MB	1.5 GB	3.4 MB	536.2 KB
884	ca/7b5a2b	3681681	HHSUITE_SEARCH_BATCH (PFAM_ca7b5a2b)	COMPLETED	0	2026-04-15 14:06:09.848	11.9s	11.7s	268.5%	709.6 MB	5.2 GB	1.4 MB	239.7 KB
877	5c/659ee7	3678180	HHSUITE_SEARCH_BATCH (PHROGS_5c659ee7)	COMPLETED	0	2026-04-15 14:06:03.487	19.3s	19s	284.7%	871.9 MB	1.6 GB	3.4 MB	897.8 KB
878	88/746bba	3677951	HHSUITE_SEARCH_BATCH (PFAM_88746bba)	COMPLETED	0	2026-04-15 14:06:03.081	19.9s	19.6s	293.3%	862.9 MB	5.2 GB	1.4 MB	494.5 KB
886	74/f8c6b0	3683637	HHSUITE_SEARCH_BATCH (PHROGS_74f8c6b0)	COMPLETED	0	2026-04-15 14:06:13.195	11.6s	11.4s	342.6%	636.6 MB	1.5 GB	3.4 MB	890.2 KB
889	8b/3f8fc3	3686528	HHSUITE_SEARCH_BATCH (PHROGS_8b3f8fc3)	COMPLETED	0	2026-04-15 14:06:18.571	9.9s	9.7s	333.6%	566.6 MB	1.5 GB	3.4 MB	502.8 KB
887	7c/6b5b58	3684642	HHSUITE_SEARCH_BATCH (PFAM_7c6b5b58)	COMPLETED	0	2026-04-15 14:06:14.985	15.1s	14.9s	287.3%	739.6 MB	5.2 GB	1.4 MB	570.2 KB
867	f0/c3ac99	3668978	HHSUITE_SEARCH_BATCH (ECOD_f0c3ac99)	COMPLETED	0	2026-04-15 14:05:45.572	45s	44.7s	345.0%	1.6 GB	32.9 GB	8 MB	1.8 MB
866	3d/307fb9	3669181	HHSUITE_SEARCH_BATCH (PFAM_3d307fb9)	COMPLETED	0	2026-04-15 14:05:45.899	45.3s	45.1s	314.7%	1 GB	5.5 GB	1.4 MB	376.2 KB
890	b1/d08a10	3686923	HHSUITE_SEARCH_BATCH (PFAM_b1d08a10)	COMPLETED	0	2026-04-15 14:06:19.314	12s	11.7s	306.7%	698.7 MB	5.1 GB	1.4 MB	600.7 KB
882	77/958fd4	3680119	HHSUITE_SEARCH_BATCH (ECOD_77958fd4)	COMPLETED	0	2026-04-15 14:06:07.120	27.9s	27.7s	186.9%	1.2 GB	32.7 GB	8 MB	1.2 MB
885	26/8dfcb4	3680353	HHSUITE_SEARCH_BATCH (ECOD_268dfcb4)	COMPLETED	0	2026-04-15 14:06:07.353	28.3s	28s	197.4%	1.2 GB	32.7 GB	8 MB	1.3 MB
893	fe/30289c	3688952	HHSUITE_SEARCH_BATCH (PFAM_fe30289c)	COMPLETED	0	2026-04-15 14:06:22.940	12.8s	12.5s	256.3%	660.4 MB	5.2 GB	1.4 MB	474.4 KB
896	ad/33e2b3	3692013	HHSUITE_SEARCH_BATCH (PFAM_ad33e2b3)	COMPLETED	0	2026-04-15 14:06:28.484	8.2s	8s	339.0%	669.8 MB	5.2 GB	1.4 MB	221.1 KB
892	28/85f868	3688740	HHSUITE_SEARCH_BATCH (PHROGS_2885f868)	COMPLETED	0	2026-04-15 14:06:22.755	14s	13.8s	257.6%	595.9 MB	1.5 GB	3.4 MB	755.2 KB
895	98/efc4f8	3690018	HHSUITE_SEARCH_BATCH (PHROGS_98efc4f8)	COMPLETED	0	2026-04-15 14:06:24.831	13.8s	13.6s	242.5%	631.6 MB	1.5 GB	3.4 MB	348.2 KB
894	80/987689	3688234	HHSUITE_SEARCH_BATCH (ECOD_80987689)	COMPLETED	0	2026-04-15 14:06:21.773	17s	16.7s	249.4%	924.2 MB	32.6 GB	8 MB	1.1 MB
898	d9/e4841e	3693171	HHSUITE_SEARCH_BATCH (PHROGS_d9e4841e)	COMPLETED	0	2026-04-15 14:06:30.539	9.9s	9.7s	354.6%	550.3 MB	1.5 GB	3.4 MB	461.4 KB
899	5f/88339f	3693548	HHSUITE_SEARCH_BATCH (PFAM_5f88339f)	COMPLETED	0	2026-04-15 14:06:31.289	9.9s	9.7s	351.9%	609.2 MB	5.2 GB	1.4 MB	220.8 KB
879	98/d0ab8f	3678639	HHSUITE_SEARCH_BATCH (ECOD_98d0ab8f)	COMPLETED	0	2026-04-15 14:06:04.184	37.5s	37.3s	250.9%	1.6 GB	32.9 GB	8 MB	2.4 MB
873	35/cdfaa4	3673040	HHSUITE_SEARCH_BATCH (ECOD_35cdfaa4)	COMPLETED	0	2026-04-15 14:05:53.807	49.4s	49.2s	284.6%	1.8 GB	33 GB	8 MB	4.9 MB
888	eb/c03a5e	3685235	HHSUITE_SEARCH_BATCH (ECOD_ebc03a5e)	COMPLETED	0	2026-04-15 14:06:16.133	30.5s	30.3s	252.2%	1.5 GB	32.9 GB	8 MB	2.8 MB
904	b0/855070	3696862	HHSUITE_SEARCH_BATCH (PHROGS_b0855070)	COMPLETED	0	2026-04-15 14:06:36.766	10.8s	10.6s	308.1%	603.6 MB	1.5 GB	3.4 MB	502.5 KB
907	51/8b0b2e	3698081	HHSUITE_SEARCH_BATCH (PHROGS_518b0b2e)	COMPLETED	0	2026-04-15 14:06:38.736	8.9s	8.7s	322.4%	612.5 MB	1.5 GB	3.4 MB	402.4 KB
911	e9/2f0729	3700485	HHSUITE_SEARCH_BATCH (PFAM_e92f0729)	COMPLETED	0	2026-04-15 14:06:41.730	6.4s	6.2s	337.3%	562.9 MB	5.2 GB	1.4 MB	196.9 KB
905	12/afe4cc	3697973	HHSUITE_SEARCH_BATCH (PFAM_12afe4cc)	COMPLETED	0	2026-04-15 14:06:38.636	9.6s	9.4s	286.0%	582.8 MB	5.2 GB	1.4 MB	139 KB
908	05/bcfc6e	3699356	HHSUITE_SEARCH_BATCH (PFAM_05bcfc6e)	COMPLETED	0	2026-04-15 14:06:40.412	9.4s	9.2s	342.5%	685.7 MB	5.2 GB	1.4 MB	367.4 KB
901	dc/c3b9e0	3695586	HHSUITE_SEARCH_BATCH (PHROGS_dcc3b9e0)	COMPLETED	0	2026-04-15 14:06:35.025	15.3s	15.1s	336.8%	619.6 MB	1.5 GB	3.4 MB	787.7 KB
906	28/90bb5d	3696758	HHSUITE_SEARCH_BATCH (ECOD_2890bb5d)	COMPLETED	0	2026-04-15 14:06:36.697	15s	14.7s	225.5%	717.5 MB	32.5 GB	8 MB	522 KB
902	35/a43b97	3695976	HHSUITE_SEARCH_BATCH (PFAM_35a43b97)	COMPLETED	0	2026-04-15 14:06:35.621	16s	15.8s	328.3%	703.9 MB	5.2 GB	1.4 MB	738.2 KB
910	66/cd9d90	3701377	HHSUITE_SEARCH_BATCH (PHROGS_66cd9d90)	COMPLETED	0	2026-04-15 14:06:43.210	8.5s	8.2s	312.6%	542 MB	1.5 GB	3.4 MB	325.6 KB
900	8b/5ccae4	3693488	HHSUITE_SEARCH_BATCH (ECOD_8b5ccae4)	COMPLETED	0	2026-04-15 14:06:31.220	21.2s	21s	239.0%	851.4 MB	32.5 GB	8 MB	825.9 KB
891	da/c3a7f6	3687306	HHSUITE_SEARCH_BATCH (ECOD_dac3a7f6)	COMPLETED	0	2026-04-15 14:06:19.795	33s	32.7s	246.5%	1.4 GB	32.9 GB	8 MB	2.7 MB
916	f7/2ac9c4	3704692	HHSUITE_SEARCH_BATCH (PHROGS_f72ac9c4)	COMPLETED	0	2026-04-15 14:06:48.228	7.7s	7.5s	353.8%	510.8 MB	1.5 GB	3.4 MB	291.7 KB
912	4d/9e179c	3703587	HHSUITE_SEARCH_BATCH (ECOD_4d9e179c)	COMPLETED	0	2026-04-15 14:06:46.669	10.3s	10s	255.0%	603.7 MB	32.5 GB	8 MB	255.8 KB
917	65/f8ec4f	3705438	HHSUITE_SEARCH_BATCH (PFAM_65f8ec4f)	COMPLETED	0	2026-04-15 14:06:49.820	7.3s	7s	354.8%	546.8 MB	5.2 GB	1.4 MB	133.3 KB
913	35/d22724	3704618	HHSUITE_SEARCH_BATCH (PHROGS_35d22724)	COMPLETED	0	2026-04-15 14:06:48.151	10.2s	10s	334.9%	556.7 MB	1.5 GB	3.4 MB	648.6 KB
920	d7/3f4058	3706835	HHSUITE_SEARCH_BATCH (PFAM_d73f4058)	COMPLETED	0	2026-04-15 14:06:51.662	7.2s	7s	356.9%	567.1 MB	5.2 GB	1.4 MB	238.3 KB
919	96/7a7ae0	3706853	HHSUITE_SEARCH_BATCH (PHROGS_967a7ae0)	COMPLETED	0	2026-04-15 14:06:51.670	7.5s	7.2s	373.8%	546.8 MB	1.5 GB	3.4 MB	544.4 KB
918	18/d9bca6	3705828	HHSUITE_SEARCH_BATCH (ECOD_18d9bca6)	COMPLETED	0	2026-04-15 14:06:50.351	9.5s	9.3s	315.0%	605.7 MB	32.5 GB	8 MB	407.8 KB
865	c4/66b2b3	3668771	HHSUITE_SEARCH_BATCH (PHROGS_c466b2b3)	COMPLETED	0	2026-04-15 14:05:45.188	1m 15s	1m 15s	318.6%	1.3 GB	2.1 GB	3.4 MB	2 MB
914	ac/757ebe	3704245	HHSUITE_SEARCH_BATCH (PFAM_ac757ebe)	COMPLETED	0	2026-04-15 14:06:47.678	15.4s	15.2s	239.9%	691.8 MB	5.2 GB	1.4 MB	402.4 KB
921	a7/338435	3706842	HHSUITE_SEARCH_BATCH (ECOD_a7338435)	COMPLETED	0	2026-04-15 14:06:51.666	11.5s	11.3s	269.6%	705.6 MB	32.5 GB	8 MB	790.7 KB
925	eb/faaf6b	3710742	HHSUITE_SEARCH_BATCH (PHROGS_ebfaaf6b)	COMPLETED	0	2026-04-15 14:06:56.933	10.4s	10.1s	349.1%	643.6 MB	1.5 GB	3.4 MB	388.5 KB
926	94/f0ab05	3712098	HHSUITE_SEARCH_BATCH (PFAM_94f0ab05)	COMPLETED	0	2026-04-15 14:06:58.365	10.5s	10.3s	358.8%	751.5 MB	5.2 GB	1.4 MB	290.9 KB
909	12/694b67	3700118	HHSUITE_SEARCH_BATCH (ECOD_12694b67)	COMPLETED	0	2026-04-15 14:06:41.243	27.7s	27.5s	249.3%	1.2 GB	32.7 GB	8 MB	2 MB
928	43/1a71d5	3712412	HHSUITE_SEARCH_BATCH (PHROGS_431a71d5)	COMPLETED	0	2026-04-15 14:06:58.846	12s	11.8s	362.0%	581.7 MB	1.5 GB	3.4 MB	756.4 KB
903	91/0fabab	3696141	HHSUITE_SEARCH_BATCH (ECOD_910fabab)	COMPLETED	0	2026-04-15 14:06:35.703	37.3s	37s	280.5%	1.6 GB	33 GB	8 MB	2.9 MB
932	17/3d59f2	3715345	HHSUITE_SEARCH_BATCH (PFAM_173d59f2)	COMPLETED	0	2026-04-15 14:07:03.185	10.6s	10.4s	368.6%	654.4 MB	5.1 GB	1.4 MB	252.1 KB
929	5f/0352ad	3713151	HHSUITE_SEARCH_BATCH (PFAM_5f0352ad)	COMPLETED	0	2026-04-15 14:06:59.854	14.5s	14.3s	329.0%	717.7 MB	5.2 GB	1.4 MB	586.4 KB
931	04/acc29f	3715249	HHSUITE_SEARCH_BATCH (PHROGS_04acc29f)	COMPLETED	0	2026-04-15 14:07:03.059	11.3s	11.1s	355.5%	592.5 MB	1.5 GB	3.4 MB	738.5 KB
897	f6/d7a7f9	3692660	HHSUITE_SEARCH_BATCH (ECOD_f6d7a7f9)	COMPLETED	0	2026-04-15 14:06:30.102	44.4s	44.2s	133.0%	1.3 GB	32.6 GB	8 MB	1.3 MB
935	11/b4f678	3717839	HHSUITE_SEARCH_BATCH (PFAM_11b4f678)	COMPLETED	0	2026-04-15 14:07:07.291	8.1s	7.8s	307.7%	565.1 MB	5.2 GB	1.4 MB	248.6 KB
934	aa/e35eb6	3718945	HHSUITE_SEARCH_BATCH (PHROGS_aae35eb6)	COMPLETED	0	2026-04-15 14:07:08.978	8s	7.8s	329.9%	518.3 MB	1.5 GB	3.4 MB	236.8 KB
915	ad/bb9f37	3704105	HHSUITE_SEARCH_BATCH (ECOD_adbb9f37)	COMPLETED	0	2026-04-15 14:06:47.571	30.9s	30.6s	225.5%	1.4 GB	32.8 GB	8 MB	2.2 MB
927	5a/59ebc2	3710945	HHSUITE_SEARCH_BATCH (ECOD_5a59ebc2)	COMPLETED	0	2026-04-15 14:06:57.085	21.6s	21.4s	236.7%	1.1 GB	32.6 GB	8 MB	1011.6 KB
933	dc/bbbe09	3713724	HHSUITE_SEARCH_BATCH (ECOD_dcbbbe09)	COMPLETED	0	2026-04-15 14:07:00.535	19.9s	19.6s	288.7%	877.6 MB	32.5 GB	8 MB	1 MB
937	aa/7909fd	3719948	HHSUITE_SEARCH_BATCH (PHROGS_aa7909fd)	COMPLETED	0	2026-04-15 14:07:10.889	9.6s	9.4s	305.4%	490.7 MB	1.5 GB	3.4 MB	423.3 KB
938	35/8553fb	3720847	HHSUITE_SEARCH_BATCH (PFAM_358553fb)	COMPLETED	0	2026-04-15 14:07:12.971	7.5s	7.3s	340.2%	536 MB	5.2 GB	1.4 MB	108.8 KB
941	9c/0322ed	3721865	HHSUITE_SEARCH_BATCH (PFAM_9c0322ed)	COMPLETED	0	2026-04-15 14:07:14.396	7s	6.7s	353.1%	564.8 MB	5.2 GB	1.4 MB	282.2 KB
943	4d/d1138b	3722686	HHSUITE_SEARCH_BATCH (PHROGS_4dd1138b)	COMPLETED	0	2026-04-15 14:07:15.374	7.6s	7.4s	343.9%	497.6 MB	1.5 GB	3.4 MB	416.1 KB
940	6e/58dfac	3721848	HHSUITE_SEARCH_BATCH (PHROGS_6e58dfac)	COMPLETED	0	2026-04-15 14:07:14.365	9.3s	9s	304.7%	527.6 MB	1.5 GB	3.4 MB	353.3 KB
930	ab/9d8154	3712681	HHSUITE_SEARCH_BATCH (ECOD_ab9d8154)	COMPLETED	0	2026-04-15 14:06:59.144	27.1s	26.9s	301.8%	1.3 GB	32.8 GB	8 MB	2.7 MB
939	05/e9dbde	3721404	HHSUITE_SEARCH_BATCH (ECOD_05e9dbde)	COMPLETED	0	2026-04-15 14:07:13.789	12.6s	12.4s	235.1%	635.1 MB	32.5 GB	8 MB	558.4 KB
936	c9/1c6e83	3718855	HHSUITE_SEARCH_BATCH (ECOD_c91c6e83)	COMPLETED	0	2026-04-15 14:07:08.902	19s	18.8s	211.4%	789 MB	32.5 GB	8 MB	1.3 MB
946	b0/0515a2	3725940	HHSUITE_SEARCH_BATCH (PHROGS_b00515a2)	COMPLETED	0	2026-04-15 14:07:20.423	8.5s	8.2s	307.5%	506.8 MB	1.5 GB	3.4 MB	439.6 KB
949	c2/f664e8	3726084	HHSUITE_SEARCH_BATCH (PHROGS_c2f664e8)	COMPLETED	0	2026-04-15 14:07:20.496	8.5s	8.2s	370.4%	564.7 MB	1.5 GB	3.4 MB	661.7 KB
950	29/2e846a	3726832	HHSUITE_SEARCH_BATCH (PFAM_292e846a)	COMPLETED	0	2026-04-15 14:07:21.393	8.3s	8.1s	365.2%	620.2 MB	5.1 GB	1.4 MB	264.4 KB
944	46/cfd15e	3724476	HHSUITE_SEARCH_BATCH (PFAM_46cfd15e)	COMPLETED	0	2026-04-15 14:07:18.431	11.4s	11.1s	244.3%	670.2 MB	5.2 GB	1.4 MB	371.9 KB
952	fc/74ac4a	3728307	HHSUITE_SEARCH_BATCH (PHROGS_fc74ac4a)	COMPLETED	0	2026-04-15 14:07:23.630	6.4s	6.2s	327.2%	502 MB	1.5 GB	3.4 MB	213.8 KB
953	3d/bde624	3730061	HHSUITE_SEARCH_BATCH (PFAM_3dbde624)	COMPLETED	0	2026-04-15 14:07:26.229	5.8s	5.5s	338.8%	552.5 MB	5.2 GB	1.4 MB	205.1 KB
942	34/b39522	3722030	HHSUITE_SEARCH_BATCH (ECOD_34b39522)	COMPLETED	0	2026-04-15 14:07:14.503	18.5s	18.2s	268.0%	917.2 MB	32.7 GB	8 MB	2.2 MB
947	b3/1e8260	3726082	HHSUITE_SEARCH_BATCH (PFAM_b31e8260)	COMPLETED	0	2026-04-15 14:07:20.491	13.1s	12.9s	247.2%	671.8 MB	5.2 GB	1.4 MB	369 KB
954	13/04edf3	3730151	HHSUITE_SEARCH_BATCH (ECOD_1304edf3)	COMPLETED	0	2026-04-15 14:07:26.357	8.9s	8.7s	269.6%	632.7 MB	32.5 GB	8 MB	661.3 KB
959	aa/d4ea0b	3732835	HHSUITE_SEARCH_BATCH (PFAM_aad4ea0b)	COMPLETED	0	2026-04-15 14:07:29.796	7.8s	7.6s	295.3%	602.5 MB	5.2 GB	1.4 MB	218.9 KB
955	09/a52d21	3731144	HHSUITE_SEARCH_BATCH (PHROGS_09a52d21)	COMPLETED	0	2026-04-15 14:07:27.914	9.9s	9.6s	346.2%	566.4 MB	1.5 GB	3.4 MB	512.9 KB
958	b2/bc32b8	3733131	HHSUITE_SEARCH_BATCH (PHROGS_b2bc32b8)	COMPLETED	0	2026-04-15 14:07:30.041	7.8s	7.6s	298.5%	488.7 MB	1.5 GB	3.4 MB	242.7 KB
956	33/aab1fb	3731905	HHSUITE_SEARCH_BATCH (PFAM_33aab1fb)	COMPLETED	0	2026-04-15 14:07:28.879	9.3s	9.1s	366.2%	619.5 MB	5.2 GB	1.4 MB	322.1 KB
951	18/387b97	3727939	HHSUITE_SEARCH_BATCH (ECOD_18387b97)	COMPLETED	0	2026-04-15 14:07:23.004	15.8s	15.5s	297.1%	853.6 MB	32.5 GB	8 MB	1.1 MB
961	83/a9c15f	3735431	HHSUITE_SEARCH_BATCH (PHROGS_83a9c15f)	COMPLETED	0	2026-04-15 14:07:33.590	8.2s	8s	340.6%	535.8 MB	1.5 GB	3.4 MB	397.1 KB
948	9a/7706da	3724807	HHSUITE_SEARCH_BATCH (ECOD_9a7706da)	COMPLETED	0	2026-04-15 14:07:18.707	24.3s	24s	251.7%	1.3 GB	32.8 GB	8 MB	1.7 MB
962	50/64d44a	3734793	HHSUITE_SEARCH_BATCH (PFAM_5064d44a)	COMPLETED	0	2026-04-15 14:07:32.957	10.6s	10.4s	284.1%	686.7 MB	5.2 GB	1.4 MB	343 KB
965	77/aa6e5e	3736449	HHSUITE_SEARCH_BATCH (PFAM_77aa6e5e)	COMPLETED	0	2026-04-15 14:07:35.300	8.7s	8.5s	299.8%	640.5 MB	5.2 GB	1.4 MB	326.5 KB
923	2b/073f1f	3707665	HHSUITE_SEARCH_BATCH (PFAM_2b073f1f)	COMPLETED	0	2026-04-15 14:06:52.473	52.5s	52.2s	279.7%	955.7 MB	5.4 GB	1.4 MB	262.3 KB
960	73/786c38	3732672	HHSUITE_SEARCH_BATCH (ECOD_73786c38)	COMPLETED	0	2026-04-15 14:07:29.721	15.6s	15.3s	223.3%	772.7 MB	32.5 GB	8 MB	1 MB
964	34/9cf80d	3737872	HHSUITE_SEARCH_BATCH (PHROGS_349cf80d)	COMPLETED	0	2026-04-15 14:07:37.614	8.2s	7.7s	321.0%	519.9 MB	1.5 GB	3.4 MB	582.3 KB
945	2f/451647	3723685	HHSUITE_SEARCH_BATCH (ECOD_2f451647)	COMPLETED	0	2026-04-15 14:07:16.987	30.7s	30.4s	159.2%	1.2 GB	32.8 GB	8 MB	1.4 MB
971	7f/18a9b4	3741532	HHSUITE_SEARCH_BATCH (PFAM_7f18a9b4)	COMPLETED	0	2026-04-15 14:07:42.993	5s	4.8s	337.4%	509.4 MB	5.2 GB	1.4 MB	76.3 KB
967	cd/e41f45	3738182	HHSUITE_SEARCH_BATCH (PHROGS_cde41f45)	COMPLETED	0	2026-04-15 14:07:37.846	10.2s	10s	302.1%	543.5 MB	1.5 GB	3.4 MB	451 KB
970	df/2f3e21	3742025	HHSUITE_SEARCH_BATCH (PHROGS_df2f3e21)	COMPLETED	0	2026-04-15 14:07:43.585	5.6s	5.4s	342.2%	481.8 MB	1.5 GB	3.4 MB	243.6 KB
968	0b/1cd572	3738685	HHSUITE_SEARCH_BATCH (PFAM_0b1cd572)	COMPLETED	0	2026-04-15 14:07:38.205	11.8s	11.5s	266.0%	667.5 MB	5.2 GB	1.4 MB	476.2 KB
957	a0/8db199	3731975	HHSUITE_SEARCH_BATCH (ECOD_a08db199)	COMPLETED	0	2026-04-15 14:07:28.954	22.2s	22s	247.1%	935.9 MB	32.6 GB	8 MB	1.2 MB
974	4f/95c5c3	3743051	HHSUITE_SEARCH_BATCH (PFAM_4f95c5c3)	COMPLETED	0	2026-04-15 14:07:44.954	7.1s	6.9s	360.3%	587.9 MB	5.2 GB	1.4 MB	354.8 KB
973	71/e5a38d	3743346	HHSUITE_SEARCH_BATCH (PHROGS_71e5a38d)	COMPLETED	0	2026-04-15 14:07:45.312	7.9s	7.6s	304.7%	490.3 MB	1.5 GB	3.4 MB	340.2 KB
977	43/f5b680	3743788	HHSUITE_SEARCH_BATCH (PFAM_43f5b680)	COMPLETED	0	2026-04-15 14:07:45.782	8.9s	8.7s	330.8%	641.4 MB	5.1 GB	1.4 MB	179 KB
972	e4/5dba83	3740838	HHSUITE_SEARCH_BATCH (ECOD_e45dba83)	COMPLETED	0	2026-04-15 14:07:41.800	13.9s	13.7s	176.4%	684.7 MB	32.5 GB	8 MB	411.1 KB
966	af/ddf990	3738133	HHSUITE_SEARCH_BATCH (ECOD_afddf990)	COMPLETED	0	2026-04-15 14:07:37.804	18.7s	18.5s	210.7%	914 MB	32.6 GB	8 MB	1.1 MB
924	92/802caf	3708004	HHSUITE_SEARCH_BATCH (ECOD_92802caf)	COMPLETED	0	2026-04-15 14:06:52.763	1m 6s	1m 6s	262.5%	1.4 GB	32.9 GB	8 MB	1.5 MB
976	6a/fd4313	3745070	HHSUITE_SEARCH_BATCH (PHROGS_6afd4313)	COMPLETED	0	2026-04-15 14:07:47.676	11.7s	11.5s	308.1%	650.2 MB	1.5 GB	3.4 MB	422 KB
980	18/bc55ea	3745436	HHSUITE_SEARCH_BATCH (PFAM_18bc55ea)	COMPLETED	0	2026-04-15 14:07:48.030	11.6s	11.4s	211.0%	650.7 MB	5.2 GB	1.4 MB	123.8 KB
979	fa/361c1b	3746318	HHSUITE_SEARCH_BATCH (PHROGS_fa361c1b)	COMPLETED	0	2026-04-15 14:07:49.229	10.5s	10.3s	262.4%	591.8 MB	1.5 GB	3.4 MB	339.7 KB
978	66/c99372	3745332	HHSUITE_SEARCH_BATCH (ECOD_66c99372)	COMPLETED	0	2026-04-15 14:07:47.965	12.5s	12.3s	299.3%	766.7 MB	32.5 GB	8 MB	870.8 KB
982	1a/a2912a	3749115	HHSUITE_SEARCH_BATCH (PHROGS_1aa2912a)	COMPLETED	0	2026-04-15 14:07:53.204	8.2s	8s	333.4%	524.5 MB	1.5 GB	3.4 MB	464 KB
983	69/566e48	3747619	HHSUITE_SEARCH_BATCH (PFAM_69566e48)	COMPLETED	0	2026-04-15 14:07:51.137	12.4s	12.1s	227.8%	667.4 MB	5.2 GB	1.4 MB	337.1 KB
985	a2/69ae30	3750905	HHSUITE_SEARCH_BATCH (PHROGS_a269ae30)	COMPLETED	0	2026-04-15 14:07:55.703	7.8s	7.6s	343.4%	533.3 MB	1.5 GB	3.4 MB	388.3 KB
986	20/b193b3	3751276	HHSUITE_SEARCH_BATCH (PFAM_20b193b3)	COMPLETED	0	2026-04-15 14:07:56.488	7.2s	7s	327.0%	616.8 MB	5.1 GB	1.4 MB	206.7 KB
975	1e/e2cfe3	3742358	HHSUITE_SEARCH_BATCH (ECOD_1ee2cfe3)	COMPLETED	0	2026-04-15 14:07:44.044	20.8s	20.6s	234.0%	907.4 MB	32.6 GB	8 MB	2.4 MB
988	7e/fdc573	3752638	HHSUITE_SEARCH_BATCH (PHROGS_7efdc573)	COMPLETED	0	2026-04-15 14:07:58.590	6.7s	6.5s	340.3%	521.6 MB	1.5 GB	3.4 MB	271.7 KB
969	3b/9327c6	3739095	HHSUITE_SEARCH_BATCH (ECOD_3b9327c6)	COMPLETED	0	2026-04-15 14:07:38.760	26.8s	26.6s	192.4%	1.1 GB	32.7 GB	8 MB	1.9 MB
981	d5/8939b5	3746969	HHSUITE_SEARCH_BATCH (ECOD_d58939b5)	COMPLETED	0	2026-04-15 14:07:49.962	16.3s	16s	179.7%	780.3 MB	32.5 GB	8 MB	513 KB
989	65/53ff7c	3753268	HHSUITE_SEARCH_BATCH (PFAM_6553ff7c)	COMPLETED	0	2026-04-15 14:07:59.399	7.1s	6.9s	338.7%	598 MB	5.2 GB	1.4 MB	252.4 KB
987	0d/6e98d9	3750301	HHSUITE_SEARCH_BATCH (ECOD_0d6e98d9)	COMPLETED	0	2026-04-15 14:07:54.721	12.7s	12.5s	294.7%	825.4 MB	32.6 GB	8 MB	1.3 MB
991	b2/48c87e	3753698	HHSUITE_SEARCH_BATCH (PHROGS_b248c87e)	COMPLETED	0	2026-04-15 14:07:59.747	9.7s	9.5s	278.6%	518.4 MB	1.5 GB	3.4 MB	383.6 KB
992	a9/f255cb	3754328	HHSUITE_SEARCH_BATCH (PFAM_a9f255cb)	COMPLETED	0	2026-04-15 14:08:00.504	9.6s	9.4s	299.4%	671.1 MB	5.2 GB	1.4 MB	248.9 KB
1003	55/0edfae	3761237	HHSUITE_SEARCH_BATCH (PHROGS_550edfae)	COMPLETED	0	2026-04-15 14:08:09.466	2.4s	2.2s	321.4%	414.9 MB	1.5 GB	3.4 MB	106.1 KB
997	2a/5ce7ab	3757911	HHSUITE_SEARCH_BATCH (PHROGS_2a5ce7ab)	COMPLETED	0	2026-04-15 14:08:05.330	7s	6.8s	297.0%	509.8 MB	1.5 GB	3.4 MB	260.5 KB
990	61/a289b4	3753533	HHSUITE_SEARCH_BATCH (ECOD_61a289b4)	COMPLETED	0	2026-04-15 14:07:59.680	12.8s	12.6s	280.7%	833.7 MB	32.5 GB	8 MB	1.2 MB
1000	46/c65514	3758750	HHSUITE_SEARCH_BATCH (PHROGS_46c65514)	COMPLETED	0	2026-04-15 14:08:06.273	6.4s	6s	298.2%	479.8 MB	1.5 GB	3.4 MB	285 KB
1001	76/b7465d	3759677	HHSUITE_SEARCH_BATCH (PFAM_76b7465d)	COMPLETED	0	2026-04-15 14:08:07.457	5.2s	5s	327.7%	495.5 MB	5.1 GB	1.4 MB	187.2 KB
995	65/2aed46	3756348	HHSUITE_SEARCH_BATCH (PFAM_652aed46)	COMPLETED	0	2026-04-15 14:08:03.501	10.1s	9.9s	263.5%	859.9 MB	5.3 GB	1.4 MB	238.5 KB
994	01/57be16	3756543	HHSUITE_SEARCH_BATCH (PHROGS_0157be16)	COMPLETED	0	2026-04-15 14:08:03.670	10.3s	10.1s	276.1%	623.1 MB	1.5 GB	3.4 MB	341.6 KB
1007	b5/6d3f26	3763401	HHSUITE_SEARCH_BATCH (PFAM_b56d3f26)	COMPLETED	0	2026-04-15 14:08:12.341	2.2s	2s	308.9%	419.4 MB	5.2 GB	1.4 MB	120.6 KB
998	e8/269959	3758106	HHSUITE_SEARCH_BATCH (PFAM_e8269959)	COMPLETED	0	2026-04-15 14:08:05.561	9.2s	9s	255.7%	601.3 MB	5.2 GB	1.4 MB	274.7 KB
1006	01/4d3634	3763660	HHSUITE_SEARCH_BATCH (PHROGS_014d3634)	COMPLETED	0	2026-04-15 14:08:12.494	2.4s	2.2s	312.4%	443.5 MB	1.5 GB	3.4 MB	118.4 KB
1002	30/5733c1	3758926	HHSUITE_SEARCH_BATCH (ECOD_305733c1)	COMPLETED	0	2026-04-15 14:08:06.506	8.8s	8.6s	218.9%	572.9 MB	32.5 GB	8 MB	349.6 KB
922	ce/4512f5	3709947	HHSUITE_SEARCH_BATCH (PHROGS_ce4512f5)	COMPLETED	0	2026-04-15 14:06:55.979	1m 20s	1m 20s	297.9%	1.3 GB	2.1 GB	3.4 MB	1.6 MB
1008	27/007865	3763806	HHSUITE_SEARCH_BATCH (ECOD_27007865)	COMPLETED	0	2026-04-15 14:08:12.631	3.6s	3.4s	234.1%	495.5 MB	32.5 GB	8 MB	487.4 KB
1004	66/11eb3f	3761821	HHSUITE_SEARCH_BATCH (PFAM_6611eb3f)	COMPLETED	0	2026-04-15 14:08:10.123	7s	6.8s	125.8%	519.3 MB	5.2 GB	1.4 MB	110.7 KB
1009	0c/347981	3765210	HHSUITE_SEARCH_BATCH (PHROGS_0c347981)	COMPLETED	0	2026-04-15 14:08:13.986	3.2s	3s	271.7%	448.6 MB	1.5 GB	3.4 MB	383.9 KB
1010	b1/f99542	3764872	HHSUITE_SEARCH_BATCH (PFAM_b1f99542)	COMPLETED	0	2026-04-15 14:08:13.655	4.5s	4.3s	191.3%	515.7 MB	5.2 GB	1.4 MB	225.2 KB
984	d2/03b8a3	3748283	HHSUITE_SEARCH_BATCH (ECOD_d203b8a3)	COMPLETED	0	2026-04-15 14:07:52.059	28s	27.7s	172.0%	1.1 GB	32.6 GB	8 MB	1.2 MB
1012	45/46f6b4	3765617	HHSUITE_SEARCH_BATCH (PHROGS_4546f6b4)	COMPLETED	0	2026-04-15 14:08:14.528	6.5s	6.3s	279.8%	492 MB	1.5 GB	3.4 MB	332 KB
1013	2c/494a1e	3765874	HHSUITE_SEARCH_BATCH (PFAM_2c494a1e)	COMPLETED	0	2026-04-15 14:08:14.806	7.9s	7.7s	238.7%	588.8 MB	5.2 GB	1.4 MB	290.4 KB
1015	d1/91e753	3766580	HHSUITE_SEARCH_BATCH (PHROGS_d191e753)	COMPLETED	0	2026-04-15 14:08:15.299	8s	7.8s	309.4%	505.4 MB	1.5 GB	3.4 MB	330.5 KB
1021	8d/452d14	3770054	HHSUITE_SEARCH_BATCH (PHROGS_8d452d14)	COMPLETED	0	2026-04-15 14:08:20.029	6.4s	6.2s	314.4%	500.2 MB	1.5 GB	3.4 MB	449.8 KB
993	84/e3ed32	3755072	HHSUITE_SEARCH_BATCH (ECOD_84e3ed32)	COMPLETED	0	2026-04-15 14:08:01.409	26.2s	25.9s	170.0%	1.1 GB	32.6 GB	8 MB	1.2 MB
1016	af/9a5a03	3766892	HHSUITE_SEARCH_BATCH (PFAM_af9a5a03)	COMPLETED	0	2026-04-15 14:08:15.899	11.7s	11.5s	224.2%	659.8 MB	5.2 GB	1.4 MB	344.2 KB
1019	95/a2956a	3767839	HHSUITE_SEARCH_BATCH (PFAM_95a2956a)	COMPLETED	0	2026-04-15 14:08:17.092	10.6s	10.3s	294.2%	763 MB	5.1 GB	1.4 MB	493.6 KB
996	4a/caaf0a	3756393	HHSUITE_SEARCH_BATCH (ECOD_4acaaf0a)	COMPLETED	0	2026-04-15 14:08:03.547	24.2s	24s	222.2%	1.4 GB	32.8 GB	8 MB	1.4 MB
1022	58/49d7f3	3772202	HHSUITE_SEARCH_BATCH (PFAM_5849d7f3)	COMPLETED	0	2026-04-15 14:08:22.696	5.8s	5.6s	309.5%	553.1 MB	5.2 GB	1.4 MB	314.4 KB
999	31/3f4af0	3757398	HHSUITE_SEARCH_BATCH (ECOD_313f4af0)	COMPLETED	0	2026-04-15 14:08:04.820	23.7s	23.5s	184.7%	1.1 GB	32.7 GB	8 MB	1.3 MB
1018	14/397e48	3768828	HHSUITE_SEARCH_BATCH (PHROGS_14397e48)	COMPLETED	0	2026-04-15 14:08:18.170	11.8s	11.6s	251.6%	635 MB	1.5 GB	3.4 MB	807.9 KB
963	d6/885b35	3734229	HHSUITE_SEARCH_BATCH (ECOD_d6885b35)	COMPLETED	0	2026-04-15 14:07:31.987	58.5s	58.3s	116.4%	1.5 GB	32.8 GB	8 MB	1.5 MB
1014	0d/7ee224	3766067	HHSUITE_SEARCH_BATCH (ECOD_0d7ee224)	COMPLETED	0	2026-04-15 14:08:14.922	17.8s	17.6s	192.3%	939.1 MB	32.7 GB	8 MB	1.5 MB
1026	00/0b3f51	3772499	HHSUITE_SEARCH_BATCH (ECOD_000b3f51)	COMPLETED	0	2026-04-15 14:08:23.266	10.1s	9.9s	285.5%	741.1 MB	32.5 GB	8 MB	1.2 MB
1031	ff/94415a	3776158	HHSUITE_SEARCH_BATCH (PFAM_ff94415a)	COMPLETED	0	2026-04-15 14:08:28.573	5.9s	5.7s	348.1%	553 MB	5.2 GB	1.4 MB	203.2 KB
1025	56/71f4ae	3774316	HHSUITE_SEARCH_BATCH (PFAM_5671f4ae)	COMPLETED	0	2026-04-15 14:08:26.449	8.1s	7.9s	291.2%	650.7 MB	5.2 GB	1.4 MB	558.3 KB
1027	88/0df0c8	3775529	HHSUITE_SEARCH_BATCH (PHROGS_880df0c8)	COMPLETED	0	2026-04-15 14:08:27.783	7.5s	7.3s	334.6%	510.7 MB	1.5 GB	3.4 MB	533.8 KB
1030	36/944731	3777277	HHSUITE_SEARCH_BATCH (PHROGS_36944731)	COMPLETED	0	2026-04-15 14:08:29.997	6.3s	6s	343.0%	476.7 MB	1.5 GB	3.4 MB	278.7 KB
1028	16/e7b781	3775249	HHSUITE_SEARCH_BATCH (PFAM_16e7b781)	COMPLETED	0	2026-04-15 14:08:27.665	8.9s	8.7s	350.8%	598.5 MB	5.2 GB	1.4 MB	459.4 KB
1024	d4/ef7bb5	3774984	HHSUITE_SEARCH_BATCH (PHROGS_d4ef7bb5)	COMPLETED	0	2026-04-15 14:08:27.563	9s	8.8s	297.2%	552.6 MB	1.5 GB	3.4 MB	935.1 KB
1023	af/818bdf	3770853	HHSUITE_SEARCH_BATCH (ECOD_af818bdf)	COMPLETED	0	2026-04-15 14:08:21.073	17s	16.8s	130.1%	683.8 MB	32.5 GB	8 MB	1 MB
1011	01/982345	3763874	HHSUITE_SEARCH_BATCH (ECOD_01982345)	COMPLETED	0	2026-04-15 14:08:12.672	26.2s	26s	54.2%	734.8 MB	32.5 GB	8 MB	648.9 KB
1033	0a/342161	3778915	HHSUITE_SEARCH_BATCH (PHROGS_0a342161)	COMPLETED	0	2026-04-15 14:08:32.767	8.4s	8.2s	322.6%	527.8 MB	1.5 GB	3.4 MB	757.1 KB
1039	66/f19f32	3781701	HHSUITE_SEARCH_BATCH (PHROGS_66f19f32)	COMPLETED	0	2026-04-15 14:08:36.261	6s	5.8s	323.3%	494.5 MB	1.5 GB	3.4 MB	326.1 KB
1032	93/92b4ab	3776129	HHSUITE_SEARCH_BATCH (ECOD_9392b4ab)	COMPLETED	0	2026-04-15 14:08:28.543	14.2s	13.9s	223.0%	821.7 MB	32.5 GB	8 MB	529.4 KB
1037	33/63bae0	3780423	HHSUITE_SEARCH_BATCH (PFAM_3363bae0)	COMPLETED	0	2026-04-15 14:08:34.550	9.5s	9.3s	272.5%	621.1 MB	5.2 GB	1.4 MB	369 KB
1036	65/016186	3781067	HHSUITE_SEARCH_BATCH (PHROGS_65016186)	COMPLETED	0	2026-04-15 14:08:35.303	9s	8.4s	301.6%	521.8 MB	1.5 GB	3.4 MB	522 KB
1020	5c/ee75bf	3768098	HHSUITE_SEARCH_BATCH (ECOD_5cee75bf)	COMPLETED	0	2026-04-15 14:08:17.218	27.2s	27s	214.9%	1.3 GB	32.8 GB	8 MB	1.7 MB
1040	8f/220d7a	3781968	HHSUITE_SEARCH_BATCH (PFAM_8f220d7a)	COMPLETED	0	2026-04-15 14:08:36.596	8.3s	8.1s	255.4%	628.8 MB	5.2 GB	1.4 MB	272.1 KB
1034	b6/8c2b8c	3779632	HHSUITE_SEARCH_BATCH (PFAM_b68c2b8c)	COMPLETED	0	2026-04-15 14:08:33.376	11.9s	11.7s	288.7%	742.2 MB	5.2 GB	1.4 MB	689.5 KB
1042	2f/9d23cd	3783779	HHSUITE_SEARCH_BATCH (PHROGS_2f9d23cd)	COMPLETED	0	2026-04-15 14:08:38.889	7.2s	7s	305.7%	499.1 MB	1.5 GB	3.4 MB	485.8 KB
1045	47/ecf784	3786407	HHSUITE_SEARCH_BATCH (PHROGS_47ecf784)	COMPLETED	0	2026-04-15 14:08:42.707	6.5s	6.3s	311.8%	578.1 MB	1.4 GB	3.4 MB	478.6 KB
1043	35/9624a7	3785272	HHSUITE_SEARCH_BATCH (PFAM_359624a7)	COMPLETED	0	2026-04-15 14:08:41.199	9s	8.8s	243.0%	632.2 MB	5.2 GB	1.4 MB	266.3 KB
1046	6e/5243d2	3787278	HHSUITE_SEARCH_BATCH (PFAM_6e5243d2)	COMPLETED	0	2026-04-15 14:08:44.091	6.6s	6.4s	313.3%	664.1 MB	5.2 GB	1.4 MB	399.5 KB
1029	a5/2f129d	3775032	HHSUITE_SEARCH_BATCH (ECOD_a52f129d)	COMPLETED	0	2026-04-15 14:08:27.604	23.6s	23.4s	197.3%	950.1 MB	32.6 GB	8 MB	1.4 MB
1017	48/058371	3767333	HHSUITE_SEARCH_BATCH (ECOD_48058371)	COMPLETED	0	2026-04-15 14:08:16.197	35.4s	35.2s	168.0%	1.5 GB	32.8 GB	8 MB	2.5 MB
1051	88/c5232e	3788488	HHSUITE_SEARCH_BATCH (PHROGS_88c5232e)	COMPLETED	0	2026-04-15 14:08:45.287	6.6s	6.3s	345.6%	523.4 MB	1.5 GB	3.4 MB	631.7 KB
1048	6b/5b3d41	3787835	HHSUITE_SEARCH_BATCH (PHROGS_6b5b3d41)	COMPLETED	0	2026-04-15 14:08:44.455	7.9s	7.7s	313.0%	558.5 MB	1.5 GB	3.4 MB	664.3 KB
1005	01/034a82	3762855	HHSUITE_SEARCH_BATCH (ECOD_01034a82)	COMPLETED	0	2026-04-15 14:08:11.858	43.1s	42.9s	54.0%	901.9 MB	32.5 GB	8 MB	557.4 KB
1052	6e/08bdc2	3789153	HHSUITE_SEARCH_BATCH (PFAM_6e08bdc2)	COMPLETED	0	2026-04-15 14:08:46.095	9.6s	9.3s	264.7%	665.6 MB	5.2 GB	1.4 MB	654.3 KB
1049	d1/fc51da	3787594	HHSUITE_SEARCH_BATCH (PFAM_d1fc51da)	COMPLETED	0	2026-04-15 14:08:44.270	11.5s	11.3s	272.4%	736.5 MB	5.2 GB	1.4 MB	478.8 KB
1041	21/9076c4	3781958	HHSUITE_SEARCH_BATCH (ECOD_219076c4)	COMPLETED	0	2026-04-15 14:08:36.582	19.6s	19.4s	184.5%	1 GB	32.7 GB	8 MB	574.7 KB
1035	8d/03e8c8	3777511	HHSUITE_SEARCH_BATCH (ECOD_8d03e8c8)	COMPLETED	0	2026-04-15 14:08:30.509	26.3s	26.1s	256.9%	1.4 GB	32.9 GB	8 MB	3 MB
1054	8b/9c9b95	3792135	HHSUITE_SEARCH_BATCH (PHROGS_8b9c9b95)	COMPLETED	0	2026-04-15 14:08:50.735	6.5s	6.2s	290.8%	487.6 MB	1.5 GB	3.4 MB	396.6 KB
1057	c5/89cc41	3793192	HHSUITE_SEARCH_BATCH (PHROGS_c589cc41)	COMPLETED	0	2026-04-15 14:08:51.844	6.1s	5.9s	332.9%	511.1 MB	1.5 GB	3.4 MB	585.1 KB
1058	ef/0b7139	3793552	HHSUITE_SEARCH_BATCH (PFAM_ef0b7139)	COMPLETED	0	2026-04-15 14:08:52.357	5.7s	5.5s	316.2%	598.4 MB	5.1 GB	1.4 MB	487.8 KB
1047	77/01b307	3786079	HHSUITE_SEARCH_BATCH (ECOD_7701b307)	COMPLETED	0	2026-04-15 14:08:42.293	16s	15.8s	205.7%	1.1 GB	32.6 GB	8 MB	903.6 KB
1055	40/c2d352	3792519	HHSUITE_SEARCH_BATCH (PFAM_40c2d352)	COMPLETED	0	2026-04-15 14:08:51.226	7.7s	7.5s	248.8%	596.9 MB	5.2 GB	1.4 MB	319.2 KB
1038	97/3f5598	3780370	HHSUITE_SEARCH_BATCH (ECOD_973f5598)	COMPLETED	0	2026-04-15 14:08:34.480	26.1s	25.9s	197.6%	1.1 GB	32.6 GB	8 MB	1.4 MB
1060	e6/5470d1	3795303	HHSUITE_SEARCH_BATCH (PHROGS_e65470d1)	COMPLETED	0	2026-04-15 14:08:54.997	6.1s	5.9s	313.5%	469.2 MB	1.5 GB	3.4 MB	304.9 KB
1061	5a/2d8980	3796001	HHSUITE_SEARCH_BATCH (PFAM_5a2d8980)	COMPLETED	0	2026-04-15 14:08:55.776	6.6s	6.4s	274.6%	531.4 MB	5.2 GB	1.4 MB	200.5 KB
1044	96/abea73	3783227	HHSUITE_SEARCH_BATCH (ECOD_96abea73)	COMPLETED	0	2026-04-15 14:08:38.036	24.5s	24.3s	122.3%	988.8 MB	32.6 GB	8 MB	525.6 KB
1063	86/dc0289	3796374	HHSUITE_SEARCH_BATCH (PHROGS_86dc0289)	COMPLETED	0	2026-04-15 14:08:56.220	6.8s	6.6s	313.2%	549.4 MB	1.5 GB	3.4 MB	502.7 KB
1066	86/f20152	3797836	HHSUITE_SEARCH_BATCH (PHROGS_86f20152)	COMPLETED	0	2026-04-15 14:08:57.988	5.2s	4.9s	305.9%	478 MB	1.5 GB	3.4 MB	187.6 KB
1067	12/c3e110	3798380	HHSUITE_SEARCH_BATCH (PFAM_12c3e110)	COMPLETED	0	2026-04-15 14:08:58.264	6.9s	6.7s	222.2%	586.7 MB	5.2 GB	1.4 MB	198.7 KB
1056	f6/a6bee0	3791722	HHSUITE_SEARCH_BATCH (ECOD_f6a6bee0)	COMPLETED	0	2026-04-15 14:08:50.237	15.4s	15.2s	236.5%	1 GB	32.6 GB	8 MB	1.7 MB
1069	d7/c1f632	3800653	HHSUITE_SEARCH_BATCH (PHROGS_d7c1f632)	COMPLETED	0	2026-04-15 14:09:01.122	5.4s	5.2s	342.4%	512.7 MB	1.5 GB	3.4 MB	321 KB
1072	cf/f83646	3801605	HHSUITE_SEARCH_BATCH (PHROGS_cff83646)	COMPLETED	0	2026-04-15 14:09:02.337	4.3s	4.1s	342.0%	466.7 MB	1.5 GB	3.4 MB	203.1 KB
1073	cf/ebfab2	3801939	HHSUITE_SEARCH_BATCH (PFAM_cfebfab2)	COMPLETED	0	2026-04-15 14:09:02.586	4.3s	4.1s	304.6%	480.8 MB	5.2 GB	1.4 MB	140.9 KB
1064	1e/7a9341	3797244	HHSUITE_SEARCH_BATCH (PFAM_1e7a9341)	COMPLETED	0	2026-04-15 14:08:57.199	9.7s	9.5s	300.3%	653.8 MB	5.2 GB	1.4 MB	456.7 KB
1070	f8/17cf2e	3800269	HHSUITE_SEARCH_BATCH (PFAM_f817cf2e)	COMPLETED	0	2026-04-15 14:09:00.589	7s	6.8s	284.6%	643.8 MB	5.2 GB	1.4 MB	232.3 KB
1053	3e/6e5a62	3791129	HHSUITE_SEARCH_BATCH (ECOD_3e6e5a62)	COMPLETED	0	2026-04-15 14:08:49.241	18.8s	18.6s	198.6%	1.1 GB	32.6 GB	8 MB	1.6 MB
1074	e0/7d5365	3802324	HHSUITE_SEARCH_BATCH (ECOD_e07d5365)	COMPLETED	0	2026-04-15 14:09:03.032	5.1s	4.9s	288.0%	553.4 MB	32.5 GB	8 MB	296.1 KB
1050	64/3f6dce	3788232	HHSUITE_SEARCH_BATCH (ECOD_643f6dce)	COMPLETED	0	2026-04-15 14:08:44.931	23.9s	23.7s	216.9%	1.4 GB	32.7 GB	8 MB	1.5 MB
1062	3c/a98b84	3795698	HHSUITE_SEARCH_BATCH (ECOD_3ca98b84)	COMPLETED	0	2026-04-15 14:08:55.651	14.2s	14s	193.3%	873 MB	32.6 GB	8 MB	621.1 KB
1075	6a/6b09b0	3804412	HHSUITE_SEARCH_BATCH (PHROGS_6a6b09b0)	COMPLETED	0	2026-04-15 14:09:05.633	5.6s	5.4s	285.0%	497.8 MB	1.5 GB	3.4 MB	518 KB
1079	3d/bbbbbd	3805560	HHSUITE_SEARCH_BATCH (PFAM_3dbbbbbd)	COMPLETED	0	2026-04-15 14:09:06.840	4.9s	4.7s	349.1%	519.9 MB	5.2 GB	1.4 MB	83 KB
1078	c7/a58560	3805099	HHSUITE_SEARCH_BATCH (PHROGS_c7a58560)	COMPLETED	0	2026-04-15 14:09:06.502	5.8s	5.6s	346.9%	493.4 MB	1.5 GB	3.4 MB	325.1 KB
1081	45/d5a79b	3806392	HHSUITE_SEARCH_BATCH (PHROGS_45d5a79b)	COMPLETED	0	2026-04-15 14:09:07.600	5.2s	5s	329.9%	484.9 MB	1.5 GB	3.4 MB	210.5 KB
1082	1e/55bb3c	3806797	HHSUITE_SEARCH_BATCH (PFAM_1e55bb3c)	COMPLETED	0	2026-04-15 14:09:08.080	4.8s	4.6s	343.9%	509.8 MB	5.2 GB	1.4 MB	73.1 KB
1083	8f/73adcd	3805728	HHSUITE_SEARCH_BATCH (ECOD_8f73adcd)	COMPLETED	0	2026-04-15 14:09:06.902	6.2s	6s	275.3%	537.1 MB	32.5 GB	8 MB	163.8 KB
1256	ba/8fab28	3808170	HHSUITE_SEARCH_BATCH (PFAM_ba8fab28)	COMPLETED	0	2026-04-15 14:09:09.826	3.4s	3.2s	358.1%	482.7 MB	5.2 GB	1.4 MB	274.2 KB
1084	22/a2b0c5	3807463	HHSUITE_SEARCH_BATCH (PHROGS_22a2b0c5)	COMPLETED	0	2026-04-15 14:09:08.817	5s	4.8s	371.2%	464.9 MB	1.5 GB	3.4 MB	331 KB
1076	dd/258131	3803868	HHSUITE_SEARCH_BATCH (PFAM_dd258131)	COMPLETED	0	2026-04-15 14:09:05.210	10s	9.8s	191.7%	672.6 MB	5.1 GB	1.4 MB	407.7 KB
1071	13/fa6da8	3798916	HHSUITE_SEARCH_BATCH (ECOD_13fa6da8)	COMPLETED	0	2026-04-15 14:08:58.945	16.6s	16.4s	189.9%	1.1 GB	32.6 GB	8 MB	1.1 MB
1068	ac/d29a09	3797888	HHSUITE_SEARCH_BATCH (ECOD_acd29a09)	COMPLETED	0	2026-04-15 14:08:58.028	17.9s	17.7s	145.3%	872.9 MB	32.5 GB	8 MB	828.9 KB
1085	0b/8c022c	3809193	HHSUITE_SEARCH_BATCH (PFAM_0b8c022c)	COMPLETED	0	2026-04-15 14:09:11.236	6.3s	6.1s	328.4%	539.7 MB	5.2 GB	1.4 MB	269.7 KB
1091	7b/7fa991	3810709	HHSUITE_SEARCH_BATCH (PFAM_7b7fa991)	COMPLETED	0	2026-04-15 14:09:12.881	5.3s	5.1s	334.9%	517.8 MB	5.2 GB	1.4 MB	222.6 KB
1080	bb/24e79c	3805268	HHSUITE_SEARCH_BATCH (ECOD_bb24e79c)	COMPLETED	0	2026-04-15 14:09:06.619	11.8s	11.6s	230.9%	746.9 MB	32.5 GB	8 MB	609.2 KB
1090	c7/17c88b	3811263	HHSUITE_SEARCH_BATCH (PHROGS_c717c88b)	COMPLETED	0	2026-04-15 14:09:13.257	5.5s	5.2s	346.5%	477.5 MB	1.4 GB	3.4 MB	292 KB
1087	90/c67740	3809605	HHSUITE_SEARCH_BATCH (PHROGS_90c67740)	COMPLETED	0	2026-04-15 14:09:11.755	7.4s	7.2s	297.4%	506.3 MB	1.5 GB	3.4 MB	410.1 KB
1097	17/d454ca	3813484	HHSUITE_SEARCH_BATCH (PFAM_17d454ca)	COMPLETED	0	2026-04-15 14:09:15.969	5.2s	4.9s	300.6%	537.8 MB	5.2 GB	1.4 MB	206 KB
1093	9c/fd1223	3812782	HHSUITE_SEARCH_BATCH (PHROGS_9cfd1223)	COMPLETED	0	2026-04-15 14:09:15.180	6.2s	6s	330.1%	503.4 MB	1.5 GB	3.4 MB	478.2 KB
1077	96/f368fa	3802420	HHSUITE_SEARCH_BATCH (ECOD_96f368fa)	COMPLETED	0	2026-04-15 14:09:03.143	18.4s	18.2s	160.2%	1 GB	32.6 GB	8 MB	630.9 KB
1094	62/3ddb74	3813120	HHSUITE_SEARCH_BATCH (PFAM_623ddb74)	COMPLETED	0	2026-04-15 14:09:15.582	6.1s	5.9s	333.1%	608.1 MB	5.2 GB	1.4 MB	424.5 KB
1092	9e/7f3839	3811044	HHSUITE_SEARCH_BATCH (ECOD_9e7f3839)	COMPLETED	0	2026-04-15 14:09:13.127	8.6s	8.4s	255.3%	631.4 MB	32.4 GB	8 MB	810.4 KB
1088	72/203585	3810091	HHSUITE_SEARCH_BATCH (PFAM_72203585)	COMPLETED	0	2026-04-15 14:09:12.318	9.9s	9.7s	266.5%	662.2 MB	5.3 GB	1.4 MB	346.8 KB
1096	f1/7153fa	3814712	HHSUITE_SEARCH_BATCH (PHROGS_f17153fa)	COMPLETED	0	2026-04-15 14:09:17.580	4.9s	4.7s	321.0%	508.8 MB	1.5 GB	3.4 MB	317.1 KB
1086	4e/ca735e	3806913	HHSUITE_SEARCH_BATCH (ECOD_4eca735e)	COMPLETED	0	2026-04-15 14:09:08.148	14.6s	14.4s	291.9%	962.2 MB	32.6 GB	8 MB	1.6 MB
1100	2e/c7dae8	3815845	HHSUITE_SEARCH_BATCH (PFAM_2ec7dae8)	COMPLETED	0	2026-04-15 14:09:18.717	4.1s	3.9s	327.7%	515.9 MB	5.2 GB	1.4 MB	89.7 KB
1065	76/f91aa7	3796910	HHSUITE_SEARCH_BATCH (ECOD_76f91aa7)	COMPLETED	0	2026-04-15 14:08:56.853	26.9s	26.7s	237.4%	1.6 GB	32.9 GB	8 MB	2.3 MB
1099	eb/30d479	3816257	HHSUITE_SEARCH_BATCH (PHROGS_eb30d479)	COMPLETED	0	2026-04-15 14:09:19.193	4.7s	4.5s	342.9%	469.5 MB	1.5 GB	3.4 MB	206.6 KB
1101	d3/d643e5	3815562	HHSUITE_SEARCH_BATCH (ECOD_d3d643e5)	COMPLETED	0	2026-04-15 14:09:18.427	5.8s	5.6s	281.0%	546.8 MB	32.5 GB	8 MB	182.7 KB
1106	5a/f5fc48	3818300	HHSUITE_SEARCH_BATCH (PFAM_5af5fc48)	COMPLETED	0	2026-04-15 14:09:21.709	3.7s	3.5s	348.0%	494 MB	5.2 GB	1.4 MB	66 KB
1095	ef/5a4829	3811778	HHSUITE_SEARCH_BATCH (ECOD_ef5a4829)	COMPLETED	0	2026-04-15 14:09:13.847	11.7s	11.5s	275.7%	882.6 MB	32.5 GB	8 MB	1.6 MB
1098	83/d4cc66	3815176	HHSUITE_SEARCH_BATCH (ECOD_83d4cc66)	COMPLETED	0	2026-04-15 14:09:18.179	7.7s	7.5s	229.1%	621.5 MB	32.5 GB	8 MB	693.9 KB
1105	30/de026f	3818320	HHSUITE_SEARCH_BATCH (PHROGS_30de026f)	COMPLETED	0	2026-04-15 14:09:21.721	5s	4.7s	354.3%	480.3 MB	1.4 GB	3.4 MB	289.4 KB
1108	cf/6032ce	3819229	HHSUITE_SEARCH_BATCH (PHROGS_cf6032ce)	COMPLETED	0	2026-04-15 14:09:22.524	5.1s	4.9s	349.1%	498.3 MB	1.5 GB	3.4 MB	365 KB
1103	df/56f595	3817613	HHSUITE_SEARCH_BATCH (PFAM_df56f595)	COMPLETED	0	2026-04-15 14:09:21.133	6.7s	6.5s	348.6%	578.1 MB	5.2 GB	1.4 MB	454.4 KB
1102	54/aa8fa5	3817796	HHSUITE_SEARCH_BATCH (PHROGS_54aa8fa5)	COMPLETED	0	2026-04-15 14:09:21.391	6.5s	6.3s	356.4%	508.9 MB	1.5 GB	3.4 MB	606.7 KB
1107	f4/2cb2d2	3818903	HHSUITE_SEARCH_BATCH (ECOD_f42cb2d2)	COMPLETED	0	2026-04-15 14:09:22.266	5.9s	5.6s	271.7%	542.4 MB	32.4 GB	8 MB	134.5 KB
1112	78/608d47	3821319	HHSUITE_SEARCH_BATCH (PFAM_78608d47)	COMPLETED	0	2026-04-15 14:09:24.208	4.5s	4.3s	360.2%	525.1 MB	5.2 GB	1.4 MB	156.9 KB
1109	49/ae7740	3819827	HHSUITE_SEARCH_BATCH (PFAM_49ae7740)	COMPLETED	0	2026-04-15 14:09:22.861	7s	6.7s	279.1%	608.3 MB	5.2 GB	1.4 MB	361.6 KB
1111	36/24d0be	3820791	HHSUITE_SEARCH_BATCH (PHROGS_3624d0be)	COMPLETED	0	2026-04-15 14:09:23.897	6s	5.8s	360.5%	490.8 MB	1.5 GB	3.4 MB	306.7 KB
1113	fd/317de7	3820625	HHSUITE_SEARCH_BATCH (ECOD_fd317de7)	COMPLETED	0	2026-04-15 14:09:23.802	7.9s	7.6s	285.3%	592.9 MB	32.5 GB	8 MB	344 KB
1118	0c/bc981e	3823463	HHSUITE_SEARCH_BATCH (PFAM_0cbc981e)	COMPLETED	0	2026-04-15 14:09:26.705	5.4s	5.2s	357.5%	550.7 MB	5.2 GB	1.4 MB	188.7 KB
1120	9e/3fb864	3824682	HHSUITE_SEARCH_BATCH (PHROGS_9e3fb864)	COMPLETED	0	2026-04-15 14:09:27.917	4.5s	4.3s	357.2%	485.6 MB	1.5 GB	3.4 MB	262.1 KB
1114	60/3000b2	3822770	HHSUITE_SEARCH_BATCH (PHROGS_603000b2)	COMPLETED	0	2026-04-15 14:09:25.871	6.9s	6.7s	330.1%	506.2 MB	1.5 GB	3.4 MB	587 KB
1123	82/db14d3	3825014	HHSUITE_SEARCH_BATCH (PHROGS_82db14d3)	COMPLETED	0	2026-04-15 14:09:28.129	5.1s	4.8s	339.7%	507.2 MB	1.5 GB	3.4 MB	267.3 KB
1104	74/792a22	3818106	HHSUITE_SEARCH_BATCH (ECOD_74792a22)	COMPLETED	0	2026-04-15 14:09:21.550	12s	11.8s	300.2%	847.5 MB	32.6 GB	8 MB	1.6 MB
1115	eb/a7c8e1	3822159	HHSUITE_SEARCH_BATCH (PFAM_eba7c8e1)	COMPLETED	0	2026-04-15 14:09:25.383	8.2s	8s	251.4%	622.2 MB	5.2 GB	1.4 MB	430.1 KB
1124	b4/956141	3825591	HHSUITE_SEARCH_BATCH (PFAM_b4956141)	COMPLETED	0	2026-04-15 14:09:28.742	5s	4.7s	345.6%	535.4 MB	5.2 GB	1.4 MB	166.3 KB
1127	7a/dd68df	3826558	HHSUITE_SEARCH_BATCH (PFAM_7add68df)	COMPLETED	0	2026-04-15 14:09:29.910	4.9s	4.7s	317.6%	511 MB	5.2 GB	1.4 MB	203.9 KB
1121	48/6080c2	3824533	HHSUITE_SEARCH_BATCH (PFAM_486080c2)	COMPLETED	0	2026-04-15 14:09:27.864	7s	6.8s	286.8%	666.2 MB	5.1 GB	1.4 MB	259.2 KB
1119	32/4a1898	3824306	HHSUITE_SEARCH_BATCH (ECOD_324a1898)	COMPLETED	0	2026-04-15 14:09:27.676	8.9s	8.7s	239.9%	697.6 MB	32.5 GB	8 MB	406.4 KB
1125	3b/5252a6	3826442	HHSUITE_SEARCH_BATCH (ECOD_3b5252a6)	COMPLETED	0	2026-04-15 14:09:29.819	7s	6.8s	321.4%	613 MB	32.5 GB	8 MB	373.4 KB
1126	27/cf9b50	3828344	HHSUITE_SEARCH_BATCH (PHROGS_27cf9b50)	COMPLETED	0	2026-04-15 14:09:32.113	5.1s	4.9s	321.6%	472 MB	1.5 GB	3.4 MB	218.4 KB
1128	6c/5f7f2a	3828096	HHSUITE_SEARCH_BATCH (ECOD_6c5f7f2a)	COMPLETED	0	2026-04-15 14:09:31.665	5.7s	5.5s	280.5%	536.3 MB	32.5 GB	8 MB	296.3 KB
1133	de/720ce8	3830116	HHSUITE_SEARCH_BATCH (PFAM_de720ce8)	COMPLETED	0	2026-04-15 14:09:33.571	4.3s	4s	328.7%	487.7 MB	5.2 GB	1.4 MB	135.8 KB
1110	b9/33b76d	3819696	HHSUITE_SEARCH_BATCH (ECOD_b933b76d)	COMPLETED	0	2026-04-15 14:09:22.779	15.2s	14.9s	202.3%	911.3 MB	32.5 GB	8 MB	801.9 KB
1132	67/303edb	3830115	HHSUITE_SEARCH_BATCH (PHROGS_67303edb)	COMPLETED	0	2026-04-15 14:09:33.568	4.9s	4.7s	329.8%	462.2 MB	1.4 GB	3.4 MB	159.7 KB
1089	e7/162cda	3810599	HHSUITE_SEARCH_BATCH (ECOD_e7162cda)	COMPLETED	0	2026-04-15 14:09:12.819	26s	25.8s	213.4%	1.2 GB	32.8 GB	8 MB	1.5 MB
1129	f7/b61ac0	3828892	HHSUITE_SEARCH_BATCH (PHROGS_f7b61ac0)	COMPLETED	0	2026-04-15 14:09:32.444	6.9s	6.7s	280.9%	503.8 MB	1.5 GB	3.4 MB	515.6 KB
1135	e1/14563b	3831323	HHSUITE_SEARCH_BATCH (PHROGS_e114563b)	COMPLETED	0	2026-04-15 14:09:34.840	5s	4.7s	352.9%	474 MB	1.5 GB	3.4 MB	241.2 KB
1136	53/69f812	3831346	HHSUITE_SEARCH_BATCH (PFAM_5369f812)	COMPLETED	0	2026-04-15 14:09:34.851	6.7s	6.5s	266.5%	583.4 MB	5.2 GB	1.4 MB	168.1 KB
1130	a5/16d224	3829278	HHSUITE_SEARCH_BATCH (PFAM_a516d224)	COMPLETED	0	2026-04-15 14:09:32.803	10s	9.8s	244.7%	677 MB	5.3 GB	1.4 MB	496.6 KB
1116	95/2cc22e	3822356	HHSUITE_SEARCH_BATCH (ECOD_952cc22e)	COMPLETED	0	2026-04-15 14:09:25.564	17.4s	17.2s	202.2%	1 GB	32.5 GB	8 MB	1.1 MB
1141	ed/c783e1	3834161	HHSUITE_SEARCH_BATCH (PHROGS_edc783e1)	COMPLETED	0	2026-04-15 14:09:37.940	5.1s	4.9s	344.9%	482.5 MB	1.5 GB	3.4 MB	541 KB
1138	5d/29d93c	3833437	HHSUITE_SEARCH_BATCH (PHROGS_5d29d93c)	COMPLETED	0	2026-04-15 14:09:37.181	5.9s	5.7s	315.0%	499.3 MB	1.5 GB	3.4 MB	512.7 KB
1142	3a/3b9ad1	3834022	HHSUITE_SEARCH_BATCH (PFAM_3a3b9ad1)	COMPLETED	0	2026-04-15 14:09:37.851	5.5s	5.3s	303.1%	526 MB	5.1 GB	1.4 MB	362.9 KB
1145	c6/f06ab7	3835779	HHSUITE_SEARCH_BATCH (PFAM_c6f06ab7)	COMPLETED	0	2026-04-15 14:09:39.376	4.3s	4s	294.0%	520.6 MB	5.2 GB	1.4 MB	217 KB
1144	7a/896012	3836147	HHSUITE_SEARCH_BATCH (PHROGS_7a896012)	COMPLETED	0	2026-04-15 14:09:39.865	3.9s	3.6s	324.8%	485.5 MB	1.5 GB	3.4 MB	226.5 KB
1146	9e/a482f3	3835148	HHSUITE_SEARCH_BATCH (ECOD_9ea482f3)	COMPLETED	0	2026-04-15 14:09:38.865	7.3s	7.1s	263.5%	763.3 MB	32.5 GB	8 MB	658.6 KB
1139	38/8b553d	3832984	HHSUITE_SEARCH_BATCH (PFAM_388b553d)	COMPLETED	0	2026-04-15 14:09:36.847	9.7s	9.5s	206.6%	636.7 MB	5.2 GB	1.4 MB	408 KB
1148	38/26cbb9	3837513	HHSUITE_SEARCH_BATCH (PFAM_3826cbb9)	COMPLETED	0	2026-04-15 14:09:41.581	5.3s	5.1s	355.5%	551.4 MB	5.2 GB	1.4 MB	350.8 KB
1147	bc/770f57	3838803	HHSUITE_SEARCH_BATCH (PHROGS_bc770f57)	COMPLETED	0	2026-04-15 14:09:42.982	5.1s	4.9s	359.3%	478.5 MB	1.5 GB	3.4 MB	359.2 KB
1150	11/026ee0	3839024	HHSUITE_SEARCH_BATCH (PHROGS_11026ee0)	COMPLETED	0	2026-04-15 14:09:43.116	5.1s	4.9s	352.0%	490.4 MB	1.5 GB	3.4 MB	565.8 KB
1154	d1/41e070	3839910	HHSUITE_SEARCH_BATCH (PFAM_d141e070)	COMPLETED	0	2026-04-15 14:09:43.652	4.9s	4.7s	369.8%	502.2 MB	5.2 GB	1.4 MB	135.8 KB
1151	2d/98f164	3839621	HHSUITE_SEARCH_BATCH (PFAM_2d98f164)	COMPLETED	0	2026-04-15 14:09:43.360	5.8s	5.6s	325.1%	656.2 MB	5.2 GB	1.4 MB	376.1 KB
1153	7c/7a1968	3839988	HHSUITE_SEARCH_BATCH (PHROGS_7c7a1968)	COMPLETED	0	2026-04-15 14:09:43.728	5.5s	5.3s	340.3%	470.5 MB	1.5 GB	3.4 MB	305.2 KB
1134	c9/572f42	3830414	HHSUITE_SEARCH_BATCH (ECOD_c9572f42)	COMPLETED	0	2026-04-15 14:09:33.733	15.8s	15.6s	146.5%	686 MB	32.5 GB	8 MB	812.4 KB
1149	d0/b11a05	3838585	HHSUITE_SEARCH_BATCH (ECOD_d0b11a05)	COMPLETED	0	2026-04-15 14:09:42.854	7.7s	7.5s	315.9%	747.1 MB	32.5 GB	8 MB	636.3 KB
1157	b2/6eb5b3	3842574	HHSUITE_SEARCH_BATCH (PFAM_b26eb5b3)	COMPLETED	0	2026-04-15 14:09:46.862	4.1s	3.6s	320.5%	532.4 MB	5.2 GB	1.4 MB	92.7 KB
1160	b2/1ffcea	3844189	HHSUITE_SEARCH_BATCH (PFAM_b21ffcea)	COMPLETED	0	2026-04-15 14:09:48.545	3.2s	3s	325.2%	455.8 MB	5.2 GB	1.4 MB	62 KB
1156	28/ab63a0	3843520	HHSUITE_SEARCH_BATCH (PHROGS_28ab63a0)	COMPLETED	0	2026-04-15 14:09:48.102	5s	4.8s	319.2%	482.6 MB	1.5 GB	3.4 MB	216.8 KB
1159	9d/73eb1e	3844524	HHSUITE_SEARCH_BATCH (PHROGS_9d73eb1e)	COMPLETED	0	2026-04-15 14:09:49.147	4.3s	4.1s	292.0%	451.4 MB	1.5 GB	3.4 MB	152.5 KB
1161	fc/f4e39c	3843663	HHSUITE_SEARCH_BATCH (ECOD_fcf4e39c)	COMPLETED	0	2026-04-15 14:09:48.186	5.3s	5.1s	222.7%	514.6 MB	32.5 GB	8 MB	132.9 KB
1137	c9/85d28f	3832817	HHSUITE_SEARCH_BATCH (ECOD_c985d28f)	COMPLETED	0	2026-04-15 14:09:36.621	17s	16.8s	181.1%	1021.5 MB	32.5 GB	8 MB	656.5 KB
1155	02/7698de	3841857	HHSUITE_SEARCH_BATCH (ECOD_027698de)	COMPLETED	0	2026-04-15 14:09:46.181	9s	8.8s	290.4%	651.2 MB	32.5 GB	8 MB	622.3 KB
1166	cb/fbd6e3	3846824	HHSUITE_SEARCH_BATCH (PFAM_cbfbd6e3)	COMPLETED	0	2026-04-15 14:09:51.711	4.2s	4s	302.6%	481.3 MB	5.2 GB	1.4 MB	213.3 KB
1162	a6/ba5b3d	3844719	HHSUITE_SEARCH_BATCH (PHROGS_a6ba5b3d)	COMPLETED	0	2026-04-15 14:09:49.272	7.1s	6.9s	292.5%	517.1 MB	1.5 GB	3.4 MB	514.2 KB
1143	3e/0fcca0	3834820	HHSUITE_SEARCH_BATCH (ECOD_3e0fcca0)	COMPLETED	0	2026-04-15 14:09:38.510	18s	17.8s	151.0%	756.4 MB	32.5 GB	8 MB	1.4 MB
1163	09/5b83b5	3845186	HHSUITE_SEARCH_BATCH (PFAM_095b83b5)	COMPLETED	0	2026-04-15 14:09:49.523	7.5s	7.3s	322.8%	608.1 MB	5.2 GB	1.4 MB	412.6 KB
1167	01/ac3ba9	3846292	HHSUITE_SEARCH_BATCH (ECOD_01ac3ba9)	COMPLETED	0	2026-04-15 14:09:50.999	6.3s	6.1s	256.0%	545.8 MB	32.5 GB	8 MB	298 KB
1165	02/6d486b	3847790	HHSUITE_SEARCH_BATCH (PHROGS_026d486b)	COMPLETED	0	2026-04-15 14:09:53.077	4.6s	4.4s	308.6%	484.1 MB	1.5 GB	3.4 MB	172.2 KB
1172	c0/6bb00c	3849644	HHSUITE_SEARCH_BATCH (PFAM_c06bb00c)	COMPLETED	0	2026-04-15 14:09:55.223	2.5s	2.3s	346.2%	464.4 MB	5.2 GB	1.4 MB	20.1 KB
1059	09/91419d	3792931	HHSUITE_SEARCH_BATCH (ECOD_0991419d)	COMPLETED	0	2026-04-15 14:08:51.563	1m 6s	1m 6s	69.0%	1.3 GB	32.5 GB	8 MB	1.5 MB
1169	f0/c901d5	3848329	HHSUITE_SEARCH_BATCH (PFAM_f0c901d5)	COMPLETED	0	2026-04-15 14:09:53.660	4.3s	4.1s	341.2%	485.4 MB	5.2 GB	1.4 MB	108.2 KB
1158	b7/b26c0e	3842341	HHSUITE_SEARCH_BATCH (ECOD_b7b26c0e)	COMPLETED	0	2026-04-15 14:09:46.602	11.9s	11.7s	199.1%	798.5 MB	32.5 GB	8 MB	1001.6 KB
1168	76/042930	3848114	HHSUITE_SEARCH_BATCH (PHROGS_76042930)	COMPLETED	0	2026-04-15 14:09:53.447	5.6s	5.3s	304.3%	474.1 MB	1.5 GB	3.4 MB	198.6 KB
1171	ce/73e8c7	3850091	HHSUITE_SEARCH_BATCH (PHROGS_ce73e8c7)	COMPLETED	0	2026-04-15 14:09:55.931	3.3s	3s	348.6%	436 MB	1.5 GB	3.4 MB	55.8 KB
1173	32/0dd98c	3850476	HHSUITE_SEARCH_BATCH (ECOD_320dd98c)	COMPLETED	0	2026-04-15 14:09:56.372	3.2s	3s	296.4%	468.8 MB	32.5 GB	8 MB	18.9 KB
1152	ab/3f48a1	3838967	HHSUITE_SEARCH_BATCH (ECOD_ab3f48a1)	COMPLETED	0	2026-04-15 14:09:43.076	16.7s	16.5s	218.3%	1.1 GB	32.6 GB	8 MB	956.7 KB
1175	9b/fd2a07	3851125	HHSUITE_SEARCH_BATCH (PFAM_9bfd2a07)	COMPLETED	0	2026-04-15 14:09:57.052	4.7s	4.5s	347.6%	536.6 MB	5.2 GB	1.4 MB	268.7 KB
1140	da/e8bf79	3833680	HHSUITE_SEARCH_BATCH (ECOD_dae8bf79)	COMPLETED	0	2026-04-15 14:09:37.339	24.7s	24.4s	149.0%	1.2 GB	32.6 GB	8 MB	1.6 MB
1181	e7/6aff57	3851789	HHSUITE_SEARCH_BATCH (PFAM_e76aff57)	COMPLETED	0	2026-04-15 14:09:57.651	4.5s	4.3s	315.5%	488.6 MB	5.2 GB	1.4 MB	222.6 KB
1174	2c/38e0f6	3850722	HHSUITE_SEARCH_BATCH (PHROGS_2c38e0f6)	COMPLETED	0	2026-04-15 14:09:56.501	5.7s	5.5s	309.2%	516.8 MB	1.5 GB	3.4 MB	408.4 KB
1180	a8/a761e2	3852297	HHSUITE_SEARCH_BATCH (PHROGS_a8a761e2)	COMPLETED	0	2026-04-15 14:09:57.946	5.4s	5.1s	311.6%	478.3 MB	1.5 GB	3.4 MB	514 KB
1177	7b/535d8c	3852866	HHSUITE_SEARCH_BATCH (PHROGS_7b535d8c)	COMPLETED	0	2026-04-15 14:09:58.527	5.2s	5s	301.2%	504.3 MB	1.5 GB	3.4 MB	351.4 KB
1176	a9/573198	3851454	HHSUITE_SEARCH_BATCH (ECOD_a9573198)	COMPLETED	0	2026-04-15 14:09:57.341	6.7s	6.5s	325.6%	676 MB	32.5 GB	8 MB	604 KB
1182	6d/6767d9	3851984	HHSUITE_SEARCH_BATCH (ECOD_6d6767d9)	COMPLETED	0	2026-04-15 14:09:57.817	7.1s	6.9s	252.9%	604.3 MB	32.5 GB	8 MB	354.2 KB
1183	8d/c05292	3854290	HHSUITE_SEARCH_BATCH (PHROGS_8dc05292)	COMPLETED	0	2026-04-15 14:09:59.825	5.4s	5.1s	292.2%	496.8 MB	1.5 GB	3.4 MB	590 KB
1184	7f/1ab71d	3854045	HHSUITE_SEARCH_BATCH (PFAM_7f1ab71d)	COMPLETED	0	2026-04-15 14:09:59.587	5.6s	5.4s	260.6%	532.4 MB	5.1 GB	1.4 MB	254.8 KB
1178	24/10ffbc	3853396	HHSUITE_SEARCH_BATCH (PFAM_2410ffbc)	COMPLETED	0	2026-04-15 14:09:59.026	6.4s	6.1s	270.5%	560.6 MB	5.2 GB	1.4 MB	233 KB
1164	eb/889a7a	3845821	HHSUITE_SEARCH_BATCH (ECOD_eb889a7a)	COMPLETED	0	2026-04-15 14:09:50.536	14.9s	14.7s	268.6%	1 GB	32.6 GB	8 MB	1.2 MB
1186	9d/941917	3855738	HHSUITE_SEARCH_BATCH (PHROGS_9d941917)	COMPLETED	0	2026-04-15 14:10:01.788	5.2s	4.9s	314.0%	475.7 MB	1.5 GB	3.4 MB	265.6 KB
1185	f1/e54ff4	3853719	HHSUITE_SEARCH_BATCH (ECOD_f1e54ff4)	COMPLETED	0	2026-04-15 14:09:59.203	8.1s	7.9s	224.9%	622.8 MB	32.5 GB	8 MB	356.1 KB
1131	2c/0b600c	3829613	HHSUITE_SEARCH_BATCH (ECOD_2c0b600c)	COMPLETED	0	2026-04-15 14:09:33.198	34.3s	34s	142.9%	1.3 GB	32.7 GB	8 MB	1.1 MB
1170	94/bcad83	3848176	HHSUITE_SEARCH_BATCH (ECOD_94bcad83)	COMPLETED	0	2026-04-15 14:09:53.517	14.1s	13.9s	154.2%	678.2 MB	32.5 GB	8 MB	642.7 KB
1190	7f/7b1aea	3856549	HHSUITE_SEARCH_BATCH (PFAM_7f7b1aea)	COMPLETED	0	2026-04-15 14:10:02.239	5.4s	5.2s	283.4%	533.1 MB	5.2 GB	1.4 MB	328.8 KB
1192	f9/69b2b3	3858090	HHSUITE_SEARCH_BATCH (PHROGS_f969b2b3)	COMPLETED	0	2026-04-15 14:10:04.083	3.7s	3.5s	337.2%	452.7 MB	1.4 GB	3.4 MB	145.4 KB
1193	b9/928a0c	3858914	HHSUITE_SEARCH_BATCH (PFAM_b9928a0c)	COMPLETED	0	2026-04-15 14:10:04.949	3.4s	3.2s	334.0%	443.3 MB	5.1 GB	1.4 MB	102 KB
1187	3c/4c11cf	3856063	HHSUITE_SEARCH_BATCH (PFAM_3c4c11cf)	COMPLETED	0	2026-04-15 14:10:02.002	6.7s	6.5s	249.5%	543.5 MB	5.2 GB	1.4 MB	223.7 KB
1194	e0/611178	3859205	HHSUITE_SEARCH_BATCH (ECOD_e0611178)	COMPLETED	0	2026-04-15 14:10:05.179	3.8s	3.5s	311.5%	491.9 MB	32.5 GB	8 MB	152.5 KB
1189	d6/6af51a	3857838	HHSUITE_SEARCH_BATCH (PHROGS_d66af51a)	COMPLETED	0	2026-04-15 14:10:03.752	5.7s	5.4s	314.4%	495.6 MB	1.5 GB	3.4 MB	545.3 KB
1196	3d/9376da	3859301	HHSUITE_SEARCH_BATCH (PFAM_3d9376da)	COMPLETED	0	2026-04-15 14:10:05.231	4.4s	4.1s	363.3%	481.2 MB	5.1 GB	1.4 MB	232 KB
1195	7e/7e9a04	3859599	HHSUITE_SEARCH_BATCH (PHROGS_7e7e9a04)	COMPLETED	0	2026-04-15 14:10:05.414	4.8s	4.5s	338.9%	473.9 MB	1.5 GB	3.4 MB	322 KB
1191	b6/e6fbfe	3857428	HHSUITE_SEARCH_BATCH (ECOD_b6e6fbfe)	COMPLETED	0	2026-04-15 14:10:03.321	7.1s	6.8s	309.2%	639.1 MB	32.5 GB	8 MB	687.5 KB
1179	67/6dfe3b	3851934	HHSUITE_SEARCH_BATCH (ECOD_676dfe3b)	COMPLETED	0	2026-04-15 14:09:57.776	13.2s	12.9s	200.0%	778.2 MB	32.5 GB	8 MB	1.1 MB
1201	ba/9f118c	3861900	HHSUITE_SEARCH_BATCH (PHROGS_ba9f118c)	COMPLETED	0	2026-04-15 14:10:07.639	4.2s	4s	335.3%	466.4 MB	1.5 GB	3.4 MB	131.7 KB
1202	be/e3506e	3861878	HHSUITE_SEARCH_BATCH (PFAM_bee3506e)	COMPLETED	0	2026-04-15 14:10:07.627	4.3s	4s	325.6%	500.9 MB	5.2 GB	1.4 MB	129 KB
1198	5b/419332	3861048	HHSUITE_SEARCH_BATCH (PHROGS_5b419332)	COMPLETED	0	2026-04-15 14:10:06.941	6.1s	5.9s	329.8%	517.6 MB	1.5 GB	3.4 MB	557.2 KB
1205	7e/3e4bfa	3863674	HHSUITE_SEARCH_BATCH (PFAM_7e3e4bfa)	COMPLETED	0	2026-04-15 14:10:08.935	4.5s	4.2s	340.7%	489.3 MB	5.2 GB	1.4 MB	315.2 KB
1208	75/ea2e4c	3864124	HHSUITE_SEARCH_BATCH (PFAM_75ea2e4c)	COMPLETED	0	2026-04-15 14:10:09.411	4.1s	3.9s	348.2%	511.5 MB	5.1 GB	1.4 MB	197 KB
1204	e9/02dac4	3863301	HHSUITE_SEARCH_BATCH (PHROGS_e902dac4)	COMPLETED	0	2026-04-15 14:10:08.733	4.9s	4.7s	331.3%	477.1 MB	1.4 GB	3.4 MB	524.8 KB
1207	e3/268947	3864234	HHSUITE_SEARCH_BATCH (PHROGS_e3268947)	COMPLETED	0	2026-04-15 14:10:09.586	4.4s	4.1s	369.7%	467.6 MB	1.4 GB	3.4 MB	331.2 KB
1206	74/8254ee	3862823	HHSUITE_SEARCH_BATCH (ECOD_748254ee)	COMPLETED	0	2026-04-15 14:10:08.396	6.4s	6.2s	292.9%	594.4 MB	32.5 GB	8 MB	505.5 KB
1210	3b/042a0d	3865258	HHSUITE_SEARCH_BATCH (PHROGS_3b042a0d)	COMPLETED	0	2026-04-15 14:10:10.395	4.6s	4.3s	330.2%	464 MB	1.5 GB	3.4 MB	125.5 KB
1211	2e/c41ad7	3865801	HHSUITE_SEARCH_BATCH (PFAM_2ec41ad7)	COMPLETED	0	2026-04-15 14:10:10.977	4.2s	3.9s	329.8%	473.7 MB	5.2 GB	1.4 MB	84.7 KB
1213	80/4bba2b	3866647	HHSUITE_SEARCH_BATCH (PHROGS_804bba2b)	COMPLETED	0	2026-04-15 14:10:11.902	3.4s	3.2s	349.1%	453.1 MB	1.5 GB	3.4 MB	116.9 KB
1203	9e/8f8886	3862289	HHSUITE_SEARCH_BATCH (ECOD_9e8f8886)	COMPLETED	0	2026-04-15 14:10:07.803	8.7s	8.5s	190.0%	598.8 MB	32.4 GB	8 MB	675.5 KB
1199	d5/0461c6	3861332	HHSUITE_SEARCH_BATCH (PFAM_d50461c6)	COMPLETED	0	2026-04-15 14:10:07.347	9.2s	9s	239.4%	702 MB	5.2 GB	1.4 MB	359.9 KB
1214	b1/dd3735	3868285	HHSUITE_SEARCH_BATCH (PFAM_b1dd3735)	COMPLETED	0	2026-04-15 14:10:13.420	3.2s	2.9s	329.6%	478.1 MB	5.2 GB	1.4 MB	65 KB
1197	2c/ce5f0e	3859793	HHSUITE_SEARCH_BATCH (ECOD_2cce5f0e)	COMPLETED	0	2026-04-15 14:10:05.477	11.4s	11.1s	209.2%	777.3 MB	32.6 GB	8 MB	1.2 MB
2218	d1/664f68	3871799	UNPACK_HHR (unpack_PHROGS_11462337)	COMPLETED	0	2026-04-15 14:10:16.604	257ms	25ms	77.6%	3.4 MB	4.4 MB	99.7 KB	151.4 KB
1212	f3/86358b	3866588	HHSUITE_SEARCH_BATCH (ECOD_f386358b)	COMPLETED	0	2026-04-15 14:10:11.866	5.5s	5.2s	298.9%	571.7 MB	32.5 GB	8 MB	319.1 KB
1216	cb/9dcb94	3869067	HHSUITE_SEARCH_BATCH (PHROGS_cb9dcb94)	COMPLETED	0	2026-04-15 14:10:13.969	3.9s	3.7s	314.9%	465.6 MB	1.5 GB	3.4 MB	199.7 KB
1215	6b/036120	3867770	HHSUITE_SEARCH_BATCH (ECOD_6b036120)	COMPLETED	0	2026-04-15 14:10:13.087	4.9s	4.7s	231.4%	526.1 MB	32.5 GB	8 MB	131.2 KB
1218	ba/3e1933	3868613	HHSUITE_SEARCH_BATCH (ECOD_ba3e1933)	COMPLETED	0	2026-04-15 14:10:13.659	4.5s	4.3s	271.9%	508.9 MB	32.5 GB	8 MB	188.2 KB
1217	5c/28dc84	3869743	HHSUITE_SEARCH_BATCH (PFAM_5c28dc84)	COMPLETED	0	2026-04-15 14:10:14.802	3.4s	3.2s	317.5%	456.3 MB	5.2 GB	1.4 MB	102.4 KB
1188	08/0acdf9	3856274	HHSUITE_SEARCH_BATCH (ECOD_080acdf9)	COMPLETED	0	2026-04-15 14:10:02.149	16.1s	15.9s	200.6%	1015.1 MB	32.5 GB	8 MB	1.3 MB
1220	52/d33f38	3868435	HHSUITE_SEARCH_BATCH (PFAM_52d33f38)	COMPLETED	0	2026-04-15 14:10:13.561	4.8s	4.6s	306.4%	557.9 MB	5.2 GB	1.4 MB	163 KB
1223	d7/a5118c	3870607	HHSUITE_SEARCH_BATCH (PFAM_d7a5118c)	COMPLETED	0	2026-04-15 14:10:15.331	3.9s	3.7s	336.6%	517.1 MB	5.2 GB	1.4 MB	355.3 KB
1209	89/b0eb66	3865013	HHSUITE_SEARCH_BATCH (ECOD_89b0eb66)	COMPLETED	0	2026-04-15 14:10:10.182	9.3s	9s	200.8%	625.3 MB	32.5 GB	8 MB	332.3 KB
1219	32/1e5e3f	3870390	HHSUITE_SEARCH_BATCH (PHROGS_321e5e3f)	COMPLETED	0	2026-04-15 14:10:15.230	4.6s	4.4s	323.1%	488.8 MB	1.5 GB	3.4 MB	246.4 KB
1222	09/29fea3	3871786	HHSUITE_SEARCH_BATCH (PHROGS_0929fea3)	COMPLETED	0	2026-04-15 14:10:16.598	4s	3.7s	312.3%	475.2 MB	1.5 GB	3.4 MB	439.5 KB
1226	6a/44da73	3872343	HHSUITE_SEARCH_BATCH (PFAM_6a44da73)	COMPLETED	0	2026-04-15 14:10:16.865	4s	3.7s	309.7%	490.3 MB	5.2 GB	1.4 MB	172 KB
1225	bc/75e46b	3872287	HHSUITE_SEARCH_BATCH (PHROGS_bc75e46b)	COMPLETED	0	2026-04-15 14:10:16.831	4.3s	4.1s	313.2%	453.9 MB	1.5 GB	3.4 MB	175 KB
1229	60/ee5dbf	3873462	HHSUITE_SEARCH_BATCH (PFAM_60ee5dbf)	COMPLETED	0	2026-04-15 14:10:17.922	3.5s	3.3s	348.8%	440.3 MB	5.2 GB	1.4 MB	174 KB
1231	7d/c1a544	3874132	HHSUITE_SEARCH_BATCH (PHROGS_7dc1a544)	COMPLETED	0	2026-04-15 14:10:18.200	3.9s	3.7s	317.7%	474 MB	1.5 GB	3.4 MB	104.2 KB
1228	ef/29d443	3874122	HHSUITE_SEARCH_BATCH (PHROGS_ef29d443)	COMPLETED	0	2026-04-15 14:10:18.189	4.1s	3.8s	335.0%	458.3 MB	1.5 GB	3.4 MB	194.1 KB
1232	44/5fc250	3874254	HHSUITE_SEARCH_BATCH (PFAM_445fc250)	COMPLETED	0	2026-04-15 14:10:18.275	4.1s	3.8s	299.2%	503.8 MB	5.2 GB	1.4 MB	121.9 KB
1230	69/8d7415	3873500	HHSUITE_SEARCH_BATCH (ECOD_698d7415)	COMPLETED	0	2026-04-15 14:10:17.958	4.4s	4.2s	294.3%	519.9 MB	32.5 GB	8 MB	184.8 KB
1224	d7/bbcd36	3871697	HHSUITE_SEARCH_BATCH (ECOD_d7bbcd36)	COMPLETED	0	2026-04-15 14:10:16.550	6.9s	6.6s	239.6%	598.6 MB	32.5 GB	8 MB	833.3 KB
1227	b0/d08a4e	3872961	HHSUITE_SEARCH_BATCH (ECOD_b0d08a4e)	COMPLETED	0	2026-04-15 14:10:17.340	6.5s	6.2s	295.0%	616.7 MB	32.5 GB	8 MB	764.4 KB
1234	d9/6f9959	3875573	HHSUITE_SEARCH_BATCH (PHROGS_d96f9959)	COMPLETED	0	2026-04-15 14:10:19.484	4.8s	4.5s	314.8%	474 MB	1.5 GB	3.4 MB	297.4 KB
1236	73/f4facb	3875417	HHSUITE_SEARCH_BATCH (ECOD_73f4facb)	COMPLETED	0	2026-04-15 14:10:19.281	5.1s	4.8s	309.9%	596.3 MB	32.5 GB	8 MB	275.5 KB
1235	df/bc718b	3876111	HHSUITE_SEARCH_BATCH (PFAM_dfbc718b)	COMPLETED	0	2026-04-15 14:10:19.817	4.6s	4.3s	320.6%	496.2 MB	5.2 GB	1.4 MB	92.2 KB
1244	6f/bde334	3878715	HHSUITE_SEARCH_BATCH (PFAM_6fbde334)	COMPLETED	0	2026-04-15 14:10:22.339	3.2s	3s	344.7%	451.2 MB	5.2 GB	1.4 MB	89.1 KB
1237	e1/2cfb45	3876651	HHSUITE_SEARCH_BATCH (PHROGS_e12cfb45)	COMPLETED	0	2026-04-15 14:10:20.575	5.3s	5.1s	286.4%	516.8 MB	1.5 GB	3.4 MB	841.5 KB
1243	06/9c2060	3878799	HHSUITE_SEARCH_BATCH (PHROGS_069c2060)	COMPLETED	0	2026-04-15 14:10:22.382	3.8s	3.6s	338.8%	460.1 MB	1.5 GB	3.4 MB	150.3 KB
1241	38/85e50e	3877732	HHSUITE_SEARCH_BATCH (PFAM_3885e50e)	COMPLETED	0	2026-04-15 14:10:21.415	5.5s	5.2s	259.5%	516 MB	5.1 GB	1.4 MB	225.6 KB
1238	a7/d84eb6	3877464	HHSUITE_SEARCH_BATCH (PFAM_a7d84eb6)	COMPLETED	0	2026-04-15 14:10:21.163	6s	5.8s	266.6%	564.1 MB	5.2 GB	1.4 MB	488.6 KB
1249	ce/247359	3880991	HHSUITE_SEARCH_BATCH (PHROGS_ce247359)	COMPLETED	0	2026-04-15 14:10:24.403	2.8s	2.6s	351.5%	463.8 MB	1.5 GB	3.4 MB	368.7 KB
1245	2a/2b92a5	3879859	HHSUITE_SEARCH_BATCH (ECOD_2a2b92a5)	COMPLETED	0	2026-04-15 14:10:23.457	3.9s	3.6s	303.4%	508.4 MB	32.5 GB	8 MB	119.2 KB
1239	41/eb8991	3877169	HHSUITE_SEARCH_BATCH (ECOD_41eb8991)	COMPLETED	0	2026-04-15 14:10:20.827	6.6s	6.4s	263.6%	617.6 MB	32.5 GB	8 MB	884.9 KB
1248	f2/9dd0d1	3880330	HHSUITE_SEARCH_BATCH (ECOD_f29dd0d1)	COMPLETED	0	2026-04-15 14:10:23.807	3.7s	3.4s	340.6%	528.4 MB	32.5 GB	8 MB	441.3 KB
1242	c6/4896bd	3878385	HHSUITE_SEARCH_BATCH (ECOD_c64896bd)	COMPLETED	0	2026-04-15 14:10:22.117	5.5s	5.3s	273.0%	584.1 MB	32.5 GB	8 MB	461.3 KB
1240	4b/f8f8e7	3878628	HHSUITE_SEARCH_BATCH (PHROGS_4bf8f8e7)	COMPLETED	0	2026-04-15 14:10:22.277	5.5s	5.2s	297.5%	480.6 MB	1.5 GB	3.4 MB	437.7 KB
1247	53/315f88	3880949	HHSUITE_SEARCH_BATCH (PFAM_53315f88)	COMPLETED	0	2026-04-15 14:10:24.364	3.6s	3.4s	338.4%	505.5 MB	5.2 GB	1.4 MB	260.7 KB
1250	28/c8ed40	3882091	HHSUITE_SEARCH_BATCH (PFAM_28c8ed40)	COMPLETED	0	2026-04-15 14:10:25.589	2.5s	2.3s	356.6%	518.1 MB	5.2 GB	1.4 MB	183.1 KB
1246	e2/69121f	3880793	HHSUITE_SEARCH_BATCH (PHROGS_e269121f)	COMPLETED	0	2026-04-15 14:10:24.263	4.2s	3.9s	316.9%	474.7 MB	1.5 GB	3.4 MB	317.5 KB
1251	1d/d0c4af	3882611	HHSUITE_SEARCH_BATCH (ECOD_1dd0c4af)	COMPLETED	0	2026-04-15 14:10:25.879	4s	3.8s	258.7%	556.9 MB	32.5 GB	8 MB	197.1 KB
1233	ce/e0a593	3874480	HHSUITE_SEARCH_BATCH (ECOD_cee0a593)	COMPLETED	0	2026-04-15 14:10:18.383	11.5s	11.3s	165.3%	641.3 MB	32.5 GB	8 MB	488.2 KB
1253	a8/20eaae	3882912	HHSUITE_SEARCH_BATCH (PFAM_a820eaae)	COMPLETED	0	2026-04-15 14:10:26.191	3.7s	3.5s	367.6%	516.8 MB	5.1 GB	1.4 MB	86.4 KB
1200	62/e31e36	3861462	HHSUITE_SEARCH_BATCH (ECOD_62e31e36)	COMPLETED	0	2026-04-15 14:10:07.456	22.9s	22.7s	140.8%	1 GB	32.6 GB	8 MB	579.5 KB
1254	77/d06643	3883599	HHSUITE_SEARCH_BATCH (ECOD_77d06643)	COMPLETED	0	2026-04-15 14:10:26.893	3.7s	3.5s	333.9%	495.9 MB	32.5 GB	8 MB	74 KB
1259	86/41a39e	3884313	HHSUITE_SEARCH_BATCH (PFAM_8641a39e)	COMPLETED	0	2026-04-15 14:10:27.426	3.9s	3.6s	328.8%	505 MB	5.2 GB	1.4 MB	90.1 KB
1252	c9/3ce6e6	3883834	HHSUITE_SEARCH_BATCH (PHROGS_c93ce6e6)	COMPLETED	0	2026-04-15 14:10:27.192	4.3s	4.1s	357.9%	487 MB	1.5 GB	3.4 MB	194.2 KB
1262	d4/fcc29a	3885482	HHSUITE_SEARCH_BATCH (PFAM_d4fcc29a)	COMPLETED	0	2026-04-15 14:10:28.110	3.7s	3.4s	333.4%	463.3 MB	5.2 GB	1.4 MB	125.2 KB
1261	3f/dac832	3885345	HHSUITE_SEARCH_BATCH (PHROGS_3fdac832)	COMPLETED	0	2026-04-15 14:10:27.989	3.8s	3.6s	326.1%	451.7 MB	1.5 GB	3.4 MB	203.7 KB
1258	fb/840066	3884815	HHSUITE_SEARCH_BATCH (PHROGS_fb840066)	COMPLETED	0	2026-04-15 14:10:27.658	4.3s	4.1s	321.2%	455.8 MB	1.5 GB	3.4 MB	127.9 KB
1257	e6/f1dae0	3883912	HHSUITE_SEARCH_BATCH (ECOD_e6f1dae0)	COMPLETED	0	2026-04-15 14:10:27.253	4.7s	4.5s	332.7%	558.5 MB	32.5 GB	8 MB	295.7 KB
1255	98/d9144f	3884077	HHSUITE_SEARCH_BATCH (PHROGS_98d9144f)	COMPLETED	0	2026-04-15 14:10:27.318	5s	4.8s	351.2%	498.9 MB	1.5 GB	3.4 MB	372.1 KB
1263	a5/68838e	3885039	HHSUITE_SEARCH_BATCH (ECOD_a568838e)	COMPLETED	0	2026-04-15 14:10:27.777	4.9s	4.7s	305.9%	523.4 MB	32.5 GB	8 MB	232.6 KB
1265	6f/2f2ac0	3885870	HHSUITE_SEARCH_BATCH (PFAM_6f2f2ac0)	COMPLETED	0	2026-04-15 14:10:28.440	5s	4.8s	345.9%	544.3 MB	5.2 GB	1.4 MB	254.7 KB
1267	c8/fc1732	3887152	HHSUITE_SEARCH_BATCH (PHROGS_c8fc1732)	COMPLETED	0	2026-04-15 14:10:29.925	4.3s	4.1s	325.0%	449.7 MB	1.5 GB	3.4 MB	260.5 KB
1264	62/028d36	3887090	HHSUITE_SEARCH_BATCH (PHROGS_62028d36)	COMPLETED	0	2026-04-15 14:10:29.883	4.8s	4.5s	341.2%	485.3 MB	1.5 GB	3.4 MB	442.1 KB
1268	d0/2c3227	3887810	HHSUITE_SEARCH_BATCH (PFAM_d02c3227)	COMPLETED	0	2026-04-15 14:10:30.390	4.7s	4.4s	292.1%	477.8 MB	5.2 GB	1.4 MB	178.5 KB
1270	8d/0a7c07	3888776	HHSUITE_SEARCH_BATCH (PHROGS_8d0a7c07)	COMPLETED	0	2026-04-15 14:10:31.302	4.4s	4.1s	350.5%	504.1 MB	1.5 GB	3.4 MB	275.2 KB
1269	8d/e9300d	3887968	HHSUITE_SEARCH_BATCH (ECOD_8de9300d)	COMPLETED	0	2026-04-15 14:10:30.596	5.3s	5.1s	298.9%	528.2 MB	32.5 GB	8 MB	178.9 KB
1276	b2/7e4f61	3890671	HHSUITE_SEARCH_BATCH (PHROGS_b27e4f61)	COMPLETED	0	2026-04-15 14:10:32.703	3.9s	3.6s	359.6%	473.4 MB	1.5 GB	3.4 MB	141.6 KB
1273	25/39d8d8	3889787	HHSUITE_SEARCH_BATCH (PHROGS_2539d8d8)	COMPLETED	0	2026-04-15 14:10:31.983	4.9s	4.6s	286.4%	473.7 MB	1.4 GB	3.4 MB	244.1 KB
1277	e3/bd3d94	3891414	HHSUITE_SEARCH_BATCH (PFAM_e3bd3d94)	COMPLETED	0	2026-04-15 14:10:33.458	3.6s	3.4s	322.8%	500.3 MB	5.2 GB	1.4 MB	84.6 KB
1221	20/4db3d2	3870125	HHSUITE_SEARCH_BATCH (ECOD_204db3d2)	COMPLETED	0	2026-04-15 14:10:15.036	22s	21.8s	127.9%	817 MB	32.5 GB	8 MB	693.2 KB
1280	13/5c33ef	3892485	HHSUITE_SEARCH_BATCH (PFAM_135c33ef)	COMPLETED	0	2026-04-15 14:10:34.645	2.5s	2.3s	292.5%	475 MB	5.2 GB	1.4 MB	136.4 KB
1278	8d/4a03f7	3890366	HHSUITE_SEARCH_BATCH (ECOD_8d4a03f7)	COMPLETED	0	2026-04-15 14:10:32.321	5s	4.7s	294.7%	534 MB	32.5 GB	8 MB	363.3 KB
1281	7f/8396e1	3892095	HHSUITE_SEARCH_BATCH (ECOD_7f8396e1)	COMPLETED	0	2026-04-15 14:10:34.268	3.3s	3s	272.9%	505.1 MB	32.5 GB	8 MB	204.9 KB
1279	d0/eafba8	3892922	HHSUITE_SEARCH_BATCH (PHROGS_d0eafba8)	COMPLETED	0	2026-04-15 14:10:35.082	2.5s	2.3s	333.5%	466.1 MB	1.5 GB	3.4 MB	239.9 KB
1266	2a/a64f59	3887126	HHSUITE_SEARCH_BATCH (ECOD_2aa64f59)	COMPLETED	0	2026-04-15 14:10:29.908	7.8s	7.5s	271.8%	674 MB	32.5 GB	8 MB	879.7 KB
1260	e2/ccd75e	3884447	HHSUITE_SEARCH_BATCH (ECOD_e2ccd75e)	COMPLETED	0	2026-04-15 14:10:27.472	10.2s	10s	177.4%	693.4 MB	32.5 GB	8 MB	512.2 KB
1283	fb/1de72a	3893893	HHSUITE_SEARCH_BATCH (PFAM_fb1de72a)	COMPLETED	0	2026-04-15 14:10:35.928	2.1s	1.9s	346.6%	429.6 MB	5.2 GB	1.4 MB	83.4 KB
1284	7c/94afae	3893570	HHSUITE_SEARCH_BATCH (ECOD_7c94afae)	COMPLETED	0	2026-04-15 14:10:35.684	2.8s	2.6s	301.0%	489.8 MB	32.5 GB	8 MB	152 KB
1282	08/c5d36c	3894658	HHSUITE_SEARCH_BATCH (PHROGS_08c5d36c)	COMPLETED	0	2026-04-15 14:10:36.655	2.8s	2.6s	321.2%	441 MB	1.5 GB	3.4 MB	137.5 KB
1292	4e/4c1f44	3896299	HHSUITE_SEARCH_BATCH (PFAM_4e4c1f44)	COMPLETED	0	2026-04-15 14:10:37.575	2.3s	2.1s	323.6%	405.8 MB	5.2 GB	1.4 MB	181 KB
1286	3c/f73e0a	3895210	HHSUITE_SEARCH_BATCH (PFAM_3cf73e0a)	COMPLETED	0	2026-04-15 14:10:37.068	2.9s	2.7s	278.3%	465.8 MB	5.2 GB	1.4 MB	157.8 KB
1285	59/ec0e6e	3895220	HHSUITE_SEARCH_BATCH (PHROGS_59ec0e6e)	COMPLETED	0	2026-04-15 14:10:37.072	3s	2.7s	323.7%	466.1 MB	1.5 GB	3.4 MB	357.9 KB
1291	87/ca86cc	3896498	HHSUITE_SEARCH_BATCH (PHROGS_87ca86cc)	COMPLETED	0	2026-04-15 14:10:37.693	2.5s	2.2s	333.1%	446.4 MB	1.5 GB	3.4 MB	98.5 KB
1293	d1/8f1f96	3896465	HHSUITE_SEARCH_BATCH (ECOD_d18f1f96)	COMPLETED	0	2026-04-15 14:10:37.666	3.1s	2.9s	273.8%	474.7 MB	32.5 GB	8 MB	448.3 KB
1287	2c/948f97	3894896	HHSUITE_SEARCH_BATCH (ECOD_2c948f97)	COMPLETED	0	2026-04-15 14:10:36.869	4.4s	4.2s	208.5%	539.9 MB	32.5 GB	8 MB	140.9 KB
1274	3b/888546	3889383	HHSUITE_SEARCH_BATCH (PFAM_3b888546)	COMPLETED	0	2026-04-15 14:10:31.784	9.5s	9.3s	190.6%	643.8 MB	5.1 GB	1.4 MB	263.3 KB
1271	35/1dffdb	3889354	HHSUITE_SEARCH_BATCH (PFAM_351dffdb)	COMPLETED	0	2026-04-15 14:10:31.767	9.6s	9.4s	186.6%	684.6 MB	5.2 GB	1.4 MB	219.5 KB
1289	62/70bc6e	3895438	HHSUITE_SEARCH_BATCH (PFAM_6270bc6e)	COMPLETED	0	2026-04-15 14:10:37.153	4.3s	4.1s	351.5%	552.5 MB	5.2 GB	1.4 MB	328.8 KB
2324	98/fbfe3c	3900657	UNPACK_HHR (unpack_ECOD_04b73a65)	COMPLETED	0	2026-04-15 14:10:41.290	288ms	27ms	69.6%	3.4 MB	4.4 MB	99.7 KB	294.5 KB
1288	de/7b6e96	3896231	HHSUITE_SEARCH_BATCH (PHROGS_de7b6e96)	COMPLETED	0	2026-04-15 14:10:37.523	4.2s	4s	367.6%	515.7 MB	1.5 GB	3.4 MB	249.4 KB
1294	b8/b90c48	3897643	HHSUITE_SEARCH_BATCH (PHROGS_b8b90c48)	COMPLETED	0	2026-04-15 14:10:38.465	4s	3.8s	322.4%	464.9 MB	1.5 GB	3.4 MB	261.7 KB
1300	3f/80b1d9	3899544	HHSUITE_SEARCH_BATCH (PHROGS_3f80b1d9)	COMPLETED	0	2026-04-15 14:10:40.169	2.6s	2.4s	337.4%	465.9 MB	1.5 GB	3.4 MB	261.1 KB
1295	a1/417ea2	3898536	HHSUITE_SEARCH_BATCH (PFAM_a1417ea2)	COMPLETED	0	2026-04-15 14:10:39.494	4.3s	4.1s	310.9%	491.7 MB	5.2 GB	1.4 MB	217.7 KB
1301	f3/3474ae	3900246	HHSUITE_SEARCH_BATCH (PFAM_f33474ae)	COMPLETED	0	2026-04-15 14:10:40.761	3.3s	3.1s	287.3%	476.1 MB	5.2 GB	1.4 MB	258.7 KB
1304	3f/0c17dc	3901376	HHSUITE_SEARCH_BATCH (PFAM_3f0c17dc)	COMPLETED	0	2026-04-15 14:10:41.582	2.6s	2.3s	339.2%	485.8 MB	5.2 GB	1.4 MB	204.5 KB
1303	ff/881cfb	3900835	HHSUITE_SEARCH_BATCH (PHROGS_ff881cfb)	COMPLETED	0	2026-04-15 14:10:41.369	2.8s	2.6s	352.8%	460.9 MB	1.5 GB	3.4 MB	314.7 KB
1305	ea/3eafe4	3901049	HHSUITE_SEARCH_BATCH (ECOD_ea3eafe4)	COMPLETED	0	2026-04-15 14:10:41.455	2.9s	2.7s	329.4%	523.3 MB	32.5 GB	8 MB	223.2 KB
1306	7c/10d84c	3901668	HHSUITE_SEARCH_BATCH (PHROGS_7c10d84c)	COMPLETED	0	2026-04-15 14:10:41.757	2.8s	2.5s	343.0%	472.3 MB	1.5 GB	3.4 MB	311.5 KB
1307	b4/9265ee	3902319	HHSUITE_SEARCH_BATCH (PFAM_b49265ee)	COMPLETED	0	2026-04-15 14:10:42.433	2.4s	2.1s	350.1%	405.5 MB	5.2 GB	1.4 MB	164.2 KB
1297	00/7599bf	3898992	HHSUITE_SEARCH_BATCH (PHROGS_007599bf)	COMPLETED	0	2026-04-15 14:10:39.901	5s	4.8s	318.2%	486.3 MB	1.5 GB	3.4 MB	537.3 KB
1298	b1/0a172b	3899183	HHSUITE_SEARCH_BATCH (PFAM_b10a172b)	COMPLETED	0	2026-04-15 14:10:40.027	5.2s	5s	287.8%	536 MB	5.2 GB	1.4 MB	322.6 KB
1308	a3/bfff61	3902716	HHSUITE_SEARCH_BATCH (ECOD_a3bfff61)	COMPLETED	0	2026-04-15 14:10:42.756	3.1s	2.8s	321.1%	539.7 MB	32.4 GB	8 MB	152 KB
1309	4a/3bca08	3903579	HHSUITE_SEARCH_BATCH (PHROGS_4a3bca08)	COMPLETED	0	2026-04-15 14:10:43.829	2.6s	2.4s	309.8%	462.8 MB	1.5 GB	3.4 MB	256.5 KB
1310	c7/c42bd7	3904040	HHSUITE_SEARCH_BATCH (PFAM_c7c42bd7)	COMPLETED	0	2026-04-15 14:10:44.140	2.7s	2.5s	262.2%	468.1 MB	5.2 GB	1.4 MB	136.2 KB
1313	78/ab61f1	3904560	HHSUITE_SEARCH_BATCH (PFAM_78ab61f1)	COMPLETED	0	2026-04-15 14:10:44.394	2.8s	2.6s	299.1%	469.6 MB	5.2 GB	1.4 MB	276 KB
1290	26/1df2dd	3895728	HHSUITE_SEARCH_BATCH (ECOD_261df2dd)	COMPLETED	0	2026-04-15 14:10:37.279	10.2s	10s	195.1%	726.6 MB	32.5 GB	8 MB	747.7 KB
1312	96/fe4132	3904769	HHSUITE_SEARCH_BATCH (PHROGS_96fe4132)	COMPLETED	0	2026-04-15 14:10:44.554	2.9s	2.7s	310.8%	463.4 MB	1.5 GB	3.4 MB	287.6 KB
1314	d8/de4cba	3904088	HHSUITE_SEARCH_BATCH (ECOD_d8de4cba)	COMPLETED	0	2026-04-15 14:10:44.175	3.4s	3.2s	269.4%	487.8 MB	32.5 GB	8 MB	202.7 KB
1311	ef/1f675f	3903956	HHSUITE_SEARCH_BATCH (ECOD_ef1f675f)	COMPLETED	0	2026-04-15 14:10:44.104	3.5s	3.3s	249.0%	538.6 MB	32.5 GB	8 MB	196.2 KB
1315	02/dccd5f	3905126	HHSUITE_SEARCH_BATCH (PHROGS_02dccd5f)	COMPLETED	0	2026-04-15 14:10:44.791	2.9s	2.7s	291.5%	467.7 MB	1.5 GB	3.4 MB	280.7 KB
1318	30/f1b8cc	3906233	HHSUITE_SEARCH_BATCH (PHROGS_30f1b8cc)	COMPLETED	0	2026-04-15 14:10:45.819	2.6s	2.4s	345.1%	458.6 MB	1.5 GB	3.4 MB	64.6 KB
1316	f9/ed9fb0	3905644	HHSUITE_SEARCH_BATCH (PFAM_f9ed9fb0)	COMPLETED	0	2026-04-15 14:10:45.237	3.7s	3.5s	250.5%	511.7 MB	5.2 GB	1.4 MB	195.3 KB
1319	39/e97a24	3906750	HHSUITE_SEARCH_BATCH (PFAM_39e97a24)	COMPLETED	0	2026-04-15 14:10:46.476	2.8s	2.6s	277.1%	477.6 MB	5.2 GB	1.4 MB	105.6 KB
1299	20/96713f	3899018	HHSUITE_SEARCH_BATCH (ECOD_2096713f)	COMPLETED	0	2026-04-15 14:10:39.930	9.4s	9.2s	271.8%	752.8 MB	32.5 GB	8 MB	1.3 MB
1317	b0/51b3ba	3905219	HHSUITE_SEARCH_BATCH (ECOD_b051b3ba)	COMPLETED	0	2026-04-15 14:10:44.889	4.9s	4.7s	237.3%	639.2 MB	32.5 GB	8 MB	724.1 KB
1322	79/345a02	3907805	HHSUITE_SEARCH_BATCH (PFAM_79345a02)	COMPLETED	0	2026-04-15 14:10:47.440	2.4s	2.2s	292.8%	460.3 MB	5.2 GB	1.4 MB	45.7 KB
1321	1a/7715d7	3907622	HHSUITE_SEARCH_BATCH (PHROGS_1a7715d7)	COMPLETED	0	2026-04-15 14:10:47.236	2.7s	2.4s	324.3%	446.4 MB	1.5 GB	3.4 MB	119.2 KB
1325	cc/4a00ad	3908521	HHSUITE_SEARCH_BATCH (PFAM_cc4a00ad)	COMPLETED	0	2026-04-15 14:10:47.715	2.2s	2s	355.3%	398.2 MB	5.2 GB	1.4 MB	69.4 KB
1324	bd/750910	3908423	HHSUITE_SEARCH_BATCH (PHROGS_bd750910)	COMPLETED	0	2026-04-15 14:10:47.658	2.4s	2.2s	362.1%	443.1 MB	1.5 GB	3.4 MB	161.7 KB
1323	bb/12a887	3907820	HHSUITE_SEARCH_BATCH (ECOD_bb12a887)	COMPLETED	0	2026-04-15 14:10:47.447	2.8s	2.6s	294.6%	493.2 MB	32.5 GB	8 MB	79.9 KB
1326	d4/e6c15a	3908144	HHSUITE_SEARCH_BATCH (ECOD_d4e6c15a)	COMPLETED	0	2026-04-15 14:10:47.552	2.7s	2.5s	306.9%	490.1 MB	32.5 GB	8 MB	91.1 KB
1327	cc/e8db6b	3909247	HHSUITE_SEARCH_BATCH (PHROGS_cce8db6b)	COMPLETED	0	2026-04-15 14:10:48.392	2.2s	2s	347.2%	407.3 MB	1.5 GB	3.4 MB	80.3 KB
1329	1e/9e6b26	3909878	HHSUITE_SEARCH_BATCH (ECOD_1e9e6b26)	COMPLETED	0	2026-04-15 14:10:48.929	2.4s	2.2s	305.0%	464.2 MB	32.5 GB	8 MB	87.5 KB
1331	89/362277	3910305	HHSUITE_SEARCH_BATCH (PFAM_89362277)	COMPLETED	0	2026-04-15 14:10:49.313	2.2s	2s	337.4%	413.4 MB	5.1 GB	1.4 MB	70.3 KB
1328	45/90399a	3910197	HHSUITE_SEARCH_BATCH (PFAM_4590399a)	COMPLETED	0	2026-04-15 14:10:49.242	2.4s	2.2s	274.2%	448.9 MB	5.2 GB	1.4 MB	111.5 KB
1332	93/f0f258	3910819	HHSUITE_SEARCH_BATCH (ECOD_93f0f258)	COMPLETED	0	2026-04-15 14:10:49.792	2.2s	1.9s	313.1%	429.4 MB	32.5 GB	8 MB	45.9 KB
1330	e5/183c07	3910864	HHSUITE_SEARCH_BATCH (PHROGS_e5183c07)	COMPLETED	0	2026-04-15 14:10:49.835	2.7s	2.5s	353.7%	439.7 MB	1.5 GB	3.4 MB	121.8 KB
1338	92/5050d8	3911837	HHSUITE_SEARCH_BATCH (ECOD_925050d8)	COMPLETED	0	2026-04-15 14:10:50.242	2.3s	2.1s	328.6%	424.1 MB	32.5 GB	8 MB	27.3 KB
1333	7d/3ae57a	3910982	HHSUITE_SEARCH_BATCH (PHROGS_7d3ae57a)	COMPLETED	0	2026-04-15 14:10:49.895	2.8s	2.6s	313.5%	470.6 MB	1.5 GB	3.4 MB	394 KB
1336	f6/2cc164	3912340	HHSUITE_SEARCH_BATCH (PHROGS_f62cc164)	COMPLETED	0	2026-04-15 14:10:50.585	2.6s	2.4s	316.5%	457.9 MB	1.4 GB	3.4 MB	71.7 KB
1302	4f/09203b	3900650	HHSUITE_SEARCH_BATCH (ECOD_4f09203b)	COMPLETED	0	2026-04-15 14:10:41.284	12s	11.7s	124.8%	710 MB	32.5 GB	8 MB	924.9 KB
1337	f6/0874be	3911887	HHSUITE_SEARCH_BATCH (PFAM_f60874be)	COMPLETED	0	2026-04-15 14:10:50.275	3s	2.8s	239.1%	467.5 MB	5.1 GB	1.4 MB	39.2 KB
1334	a9/809e96	3911142	HHSUITE_SEARCH_BATCH (PFAM_a9809e96)	COMPLETED	0	2026-04-15 14:10:49.940	3.4s	3.2s	260.2%	473.3 MB	5.2 GB	1.4 MB	334.6 KB
1339	f9/e97272	3912892	HHSUITE_SEARCH_BATCH (PHROGS_f9e97272)	COMPLETED	0	2026-04-15 14:10:51.320	2.1s	1.9s	350.3%	419.5 MB	1.5 GB	3.4 MB	44 KB
1340	06/d98904	3913214	HHSUITE_SEARCH_BATCH (PFAM_06d98904)	COMPLETED	0	2026-04-15 14:10:51.552	2s	1.8s	320.5%	420.4 MB	5.2 GB	1.4 MB	61 KB
1296	41/ebf129	3897104	HHSUITE_SEARCH_BATCH (ECOD_41ebf129)	COMPLETED	0	2026-04-15 14:10:37.989	15.7s	15.4s	175.8%	702.5 MB	32.5 GB	8 MB	513.4 KB
1341	42/6b8b1e	3913335	HHSUITE_SEARCH_BATCH (ECOD_426b8b1e)	COMPLETED	0	2026-04-15 14:10:51.627	2.6s	2.4s	282.8%	492 MB	32.5 GB	8 MB	88.6 KB
1342	6e/75247f	3913684	HHSUITE_SEARCH_BATCH (PHROGS_6e75247f)	COMPLETED	0	2026-04-15 14:10:51.951	3s	2.8s	286.5%	468.6 MB	1.5 GB	3.4 MB	453.9 KB
1345	80/369456	3914627	HHSUITE_SEARCH_BATCH (PHROGS_80369456)	COMPLETED	0	2026-04-15 14:10:52.739	2.5s	2.3s	325.7%	462.7 MB	1.5 GB	3.4 MB	279.7 KB
1320	5b/e686f9	3907215	HHSUITE_SEARCH_BATCH (ECOD_5be686f9)	COMPLETED	0	2026-04-15 14:10:46.809	8.6s	8.3s	152.1%	661.8 MB	32.5 GB	8 MB	640.3 KB
1346	eb/9cc590	3915160	HHSUITE_SEARCH_BATCH (PFAM_eb9cc590)	COMPLETED	0	2026-04-15 14:10:53.262	2.5s	2.3s	299.0%	491.1 MB	5.2 GB	1.4 MB	178.7 KB
1352	03/9831c9	3916209	HHSUITE_SEARCH_BATCH (PFAM_039831c9)	COMPLETED	0	2026-04-15 14:10:53.692	2.1s	1.9s	338.8%	435.6 MB	5.2 GB	1.4 MB	142.2 KB
1343	79/1a01b0	3914165	HHSUITE_SEARCH_BATCH (PFAM_791a01b0)	COMPLETED	0	2026-04-15 14:10:52.512	3.4s	3.2s	262.5%	483.1 MB	5.2 GB	1.4 MB	288.3 KB
1347	c0/0945a0	3915036	HHSUITE_SEARCH_BATCH (ECOD_c00945a0)	COMPLETED	0	2026-04-15 14:10:53.193	3.1s	2.9s	291.3%	513.6 MB	32.5 GB	8 MB	200.8 KB
1275	4e/cc8d4b	3889821	HHSUITE_SEARCH_BATCH (ECOD_4ecc8d4b)	COMPLETED	0	2026-04-15 14:10:31.992	24.5s	24.3s	143.3%	1.2 GB	32.6 GB	8 MB	878.8 KB
1344	e9/a65575	3914163	HHSUITE_SEARCH_BATCH (ECOD_e9a65575)	COMPLETED	0	2026-04-15 14:10:52.507	4.1s	3.8s	234.8%	543.5 MB	32.5 GB	8 MB	227.5 KB
1353	77/f19477	3916048	HHSUITE_SEARCH_BATCH (ECOD_77f19477)	COMPLETED	0	2026-04-15 14:10:53.586	3.1s	2.9s	257.0%	516.5 MB	32.5 GB	8 MB	144.7 KB
1351	b1/7d6c13	3916683	HHSUITE_SEARCH_BATCH (PHROGS_b17d6c13)	COMPLETED	0	2026-04-15 14:10:54.243	2.7s	2.5s	329.4%	457.1 MB	1.5 GB	3.4 MB	245.2 KB
1349	9f/846767	3915693	HHSUITE_SEARCH_BATCH (PFAM_9f846767)	COMPLETED	0	2026-04-15 14:10:53.449	3.6s	3.4s	304.2%	471.3 MB	5.1 GB	1.4 MB	130.4 KB
1348	71/3d8930	3915330	HHSUITE_SEARCH_BATCH (PHROGS_713d8930)	COMPLETED	0	2026-04-15 14:10:53.319	3.8s	3.6s	301.2%	449.2 MB	1.5 GB	3.4 MB	233.7 KB
1350	f3/2690a8	3915257	HHSUITE_SEARCH_BATCH (ECOD_f32690a8)	COMPLETED	0	2026-04-15 14:10:53.292	4.4s	4.1s	276.0%	493.8 MB	32.5 GB	8 MB	213.9 KB
1355	41/fe52b5	3917678	HHSUITE_SEARCH_BATCH (PFAM_41fe52b5)	COMPLETED	0	2026-04-15 14:10:55.242	3.2s	3s	336.9%	465 MB	5.2 GB	1.4 MB	231.9 KB
1354	dd/b821ba	3917422	HHSUITE_SEARCH_BATCH (PHROGS_ddb821ba)	COMPLETED	0	2026-04-15 14:10:54.959	3.6s	3.4s	306.0%	452.6 MB	1.5 GB	3.4 MB	129.7 KB
1361	ac/ca9595	3919452	HHSUITE_SEARCH_BATCH (PFAM_acca9595)	COMPLETED	0	2026-04-15 14:10:56.564	3.2s	3s	340.4%	467.8 MB	5.2 GB	1.4 MB	76.5 KB
1357	40/2079c9	3918678	HHSUITE_SEARCH_BATCH (PHROGS_402079c9)	COMPLETED	0	2026-04-15 14:10:55.919	4s	3.8s	336.7%	483.2 MB	1.5 GB	3.4 MB	373.6 KB
1335	83/a36de4	3911579	HHSUITE_SEARCH_BATCH (ECOD_83a36de4)	COMPLETED	0	2026-04-15 14:10:50.104	9.9s	9.7s	100.5%	615 MB	32.5 GB	8 MB	596.9 KB
1360	6e/830cec	3919133	HHSUITE_SEARCH_BATCH (PHROGS_6e830cec)	COMPLETED	0	2026-04-15 14:10:56.307	3.7s	3.5s	346.4%	465.4 MB	1.5 GB	3.4 MB	161.5 KB
1359	65/15f058	3918392	HHSUITE_SEARCH_BATCH (ECOD_6515f058)	COMPLETED	0	2026-04-15 14:10:55.815	4.4s	4.2s	282.1%	521.9 MB	32.5 GB	8 MB	432.7 KB
1362	f3/84436b	3919314	HHSUITE_SEARCH_BATCH (ECOD_f384436b)	COMPLETED	0	2026-04-15 14:10:56.514	3.9s	3.6s	321.6%	508 MB	32.5 GB	8 MB	192.5 KB
1358	d5/69542c	3918402	HHSUITE_SEARCH_BATCH (PFAM_d569542c)	COMPLETED	0	2026-04-15 14:10:55.826	4.6s	4.3s	289.7%	513.2 MB	5.2 GB	1.4 MB	199.2 KB
1363	02/edf103	3919816	HHSUITE_SEARCH_BATCH (PHROGS_02edf103)	COMPLETED	0	2026-04-15 14:10:56.712	4s	3.8s	356.2%	460.6 MB	1.5 GB	3.4 MB	346.4 KB
1365	2b/669d55	3920158	HHSUITE_SEARCH_BATCH (ECOD_2b669d55)	COMPLETED	0	2026-04-15 14:10:56.986	3.9s	3.7s	312.5%	517.9 MB	32.5 GB	8 MB	169.1 KB
1364	96/08ad63	3920209	HHSUITE_SEARCH_BATCH (PFAM_9608ad63)	COMPLETED	0	2026-04-15 14:10:57.042	3.9s	3.6s	321.0%	498.6 MB	5.2 GB	1.4 MB	151.7 KB
1356	a8/919374	3917770	HHSUITE_SEARCH_BATCH (ECOD_a8919374)	COMPLETED	0	2026-04-15 14:10:55.364	6.2s	6s	235.6%	589 MB	32.5 GB	8 MB	565.8 KB
1371	eb/e7e70f	3921889	HHSUITE_SEARCH_BATCH (ECOD_ebe7e70f)	COMPLETED	0	2026-04-15 14:10:58.541	3.2s	2.9s	324.4%	477.1 MB	32.5 GB	8 MB	115.4 KB
1367	cc/851252	3920355	HHSUITE_SEARCH_BATCH (PFAM_cc851252)	COMPLETED	0	2026-04-15 14:10:57.112	4.9s	4.7s	298.5%	555.6 MB	5.2 GB	1.4 MB	343.1 KB
1366	a3/dc8a0d	3921041	HHSUITE_SEARCH_BATCH (PHROGS_a3dc8a0d)	COMPLETED	0	2026-04-15 14:10:57.664	4.7s	4.4s	298.2%	474.8 MB	1.5 GB	3.4 MB	506.4 KB
1370	1f/27abd2	3923275	HHSUITE_SEARCH_BATCH (PFAM_1f27abd2)	COMPLETED	0	2026-04-15 14:10:59.952	3s	2.8s	328.6%	468.9 MB	5.2 GB	1.4 MB	101.3 KB
1369	38/c5c442	3922884	HHSUITE_SEARCH_BATCH (PHROGS_38c5c442)	COMPLETED	0	2026-04-15 14:10:59.764	3.5s	3.2s	321.4%	448.2 MB	1.5 GB	3.4 MB	122.6 KB
1368	91/20093e	3921843	HHSUITE_SEARCH_BATCH (ECOD_9120093e)	COMPLETED	0	2026-04-15 14:10:58.485	5.3s	5.1s	276.3%	591.5 MB	32.5 GB	8 MB	572.6 KB
1372	15/03c571	3923401	HHSUITE_SEARCH_BATCH (PHROGS_1503c571)	COMPLETED	0	2026-04-15 14:11:00.022	4s	3.8s	338.1%	483.4 MB	1.5 GB	3.4 MB	254.9 KB
1272	39/b998dd	3888974	HHSUITE_SEARCH_BATCH (ECOD_39b998dd)	COMPLETED	0	2026-04-15 14:10:31.505	32.6s	32.4s	94.3%	1.1 GB	32.6 GB	8 MB	589.8 KB
1373	dd/bbdddd	3923893	HHSUITE_SEARCH_BATCH (PFAM_ddbbdddd)	COMPLETED	0	2026-04-15 14:11:00.240	4.2s	3.9s	337.0%	537.7 MB	5.2 GB	1.4 MB	206.7 KB
1375	a0/8ecc9d	3924120	HHSUITE_SEARCH_BATCH (PHROGS_a08ecc9d)	COMPLETED	0	2026-04-15 14:11:00.398	4.1s	3.8s	317.4%	483.6 MB	1.5 GB	3.4 MB	394.9 KB
1376	f5/f866c4	3924699	HHSUITE_SEARCH_BATCH (PFAM_f5f866c4)	COMPLETED	0	2026-04-15 14:11:00.733	4.2s	4s	303.4%	498.7 MB	5.2 GB	1.4 MB	203 KB
1378	78/243500	3924871	HHSUITE_SEARCH_BATCH (PHROGS_78243500)	COMPLETED	0	2026-04-15 14:11:00.914	4.4s	4.2s	351.4%	493.1 MB	1.5 GB	3.4 MB	628.6 KB
1379	bc/bf1abe	3925727	HHSUITE_SEARCH_BATCH (PFAM_bcbf1abe)	COMPLETED	0	2026-04-15 14:11:01.604	4.4s	4.2s	377.4%	523.8 MB	5.2 GB	1.4 MB	484 KB
1381	a5/ecdabd	3926702	HHSUITE_SEARCH_BATCH (PHROGS_a5ecdabd)	COMPLETED	0	2026-04-15 14:11:02.351	4.3s	4.1s	275.8%	470.9 MB	1.5 GB	3.4 MB	197.4 KB
1384	c9/b1a6fc	3927273	HHSUITE_SEARCH_BATCH (PHROGS_c9b1a6fc)	COMPLETED	0	2026-04-15 14:11:03.004	3.8s	3.5s	304.9%	464.7 MB	1.5 GB	3.4 MB	254 KB
1386	c4/1a2b49	3927604	HHSUITE_SEARCH_BATCH (ECOD_c41a2b49)	COMPLETED	0	2026-04-15 14:11:03.228	4s	3.7s	287.5%	528.6 MB	32.4 GB	8 MB	485.9 KB
1385	5e/4df3b8	3928214	HHSUITE_SEARCH_BATCH (PFAM_5e4df3b8)	COMPLETED	0	2026-04-15 14:11:03.798	3.6s	3.3s	291.5%	517.8 MB	5.2 GB	1.4 MB	177.4 KB
1377	7c/23f134	3924119	HHSUITE_SEARCH_BATCH (ECOD_7c23f134)	COMPLETED	0	2026-04-15 14:11:00.394	7.2s	6.9s	233.1%	599.4 MB	32.5 GB	8 MB	265.4 KB
1387	91/e7def4	3928498	HHSUITE_SEARCH_BATCH (PHROGS_91e7def4)	COMPLETED	0	2026-04-15 14:11:04.043	3.8s	3.6s	351.0%	453.5 MB	1.5 GB	3.4 MB	194.6 KB
1389	00/bac2ef	3928567	HHSUITE_SEARCH_BATCH (ECOD_00bac2ef)	COMPLETED	0	2026-04-15 14:11:04.096	3.8s	3.6s	327.3%	479.1 MB	32.5 GB	8 MB	134.5 KB
1388	07/81cef6	3929113	HHSUITE_SEARCH_BATCH (PFAM_0781cef6)	COMPLETED	0	2026-04-15 14:11:04.410	3.5s	3.3s	364.1%	479.5 MB	5.2 GB	1.4 MB	74.4 KB
1374	5f/990c9b	3923437	HHSUITE_SEARCH_BATCH (ECOD_5f990c9b)	COMPLETED	0	2026-04-15 14:11:00.040	8s	7.7s	238.8%	789.6 MB	32.5 GB	8 MB	680.9 KB
1390	7e/b4c9b2	3929189	HHSUITE_SEARCH_BATCH (PHROGS_7eb4c9b2)	COMPLETED	0	2026-04-15 14:11:04.482	3.9s	3.4s	296.1%	465.2 MB	1.5 GB	3.4 MB	293.7 KB
1391	ef/c9ada6	3929726	HHSUITE_SEARCH_BATCH (PFAM_efc9ada6)	COMPLETED	0	2026-04-15 14:11:04.955	3.5s	3.3s	287.7%	487 MB	5.2 GB	1.4 MB	177.3 KB
1382	83/6c423c	3926258	HHSUITE_SEARCH_BATCH (PFAM_836c423c)	COMPLETED	0	2026-04-15 14:11:02.034	7s	6.7s	185.7%	609 MB	5.2 GB	1.4 MB	190 KB
1393	68/e7357c	3930805	HHSUITE_SEARCH_BATCH (PHROGS_68e7357c)	COMPLETED	0	2026-04-15 14:11:06.006	3.4s	3.1s	340.3%	464.9 MB	1.5 GB	3.4 MB	274.9 KB
1394	94/288772	3931637	HHSUITE_SEARCH_BATCH (PFAM_94288772)	COMPLETED	0	2026-04-15 14:11:06.782	3.2s	3s	346.5%	466.3 MB	5.2 GB	1.4 MB	191.9 KB
1400	a4/574a46	3933145	HHSUITE_SEARCH_BATCH (PFAM_a4574a46)	COMPLETED	0	2026-04-15 14:11:07.895	2.6s	2.4s	360.7%	458.5 MB	5.2 GB	1.4 MB	54.6 KB
1401	16/0be604	3933244	HHSUITE_SEARCH_BATCH (ECOD_160be604)	COMPLETED	0	2026-04-15 14:11:07.925	3.1s	2.9s	335.8%	472.9 MB	32.5 GB	8 MB	118 KB
1396	ee/217e39	3932339	HHSUITE_SEARCH_BATCH (PHROGS_ee217e39)	COMPLETED	0	2026-04-15 14:11:07.392	3.9s	3.7s	300.6%	470.3 MB	1.5 GB	3.4 MB	262.7 KB
1399	d6/a1dc7f	3933304	HHSUITE_SEARCH_BATCH (PHROGS_d6a1dc7f)	COMPLETED	0	2026-04-15 14:11:07.947	3.4s	3.2s	321.8%	441.6 MB	1.5 GB	3.4 MB	106.7 KB
1397	1c/28d3a8	3932064	HHSUITE_SEARCH_BATCH (PFAM_1c28d3a8)	COMPLETED	0	2026-04-15 14:11:07.214	4.3s	4.1s	255.5%	520 MB	5.1 GB	1.4 MB	180.7 KB
1395	be/fded6f	3931453	HHSUITE_SEARCH_BATCH (ECOD_befded6f)	COMPLETED	0	2026-04-15 14:11:06.671	5s	4.8s	247.2%	581.2 MB	32.5 GB	8 MB	217.9 KB
1380	4b/d57af7	3924909	HHSUITE_SEARCH_BATCH (ECOD_4bd57af7)	COMPLETED	0	2026-04-15 14:11:00.935	10.9s	10.6s	211.1%	760.9 MB	32.5 GB	8 MB	1.1 MB
1403	36/4bf0d7	3933416	HHSUITE_SEARCH_BATCH (PFAM_364bf0d7)	COMPLETED	0	2026-04-15 14:11:07.995	4.2s	4s	288.8%	509.6 MB	5.2 GB	1.4 MB	264 KB
1402	4c/2c0468	3934172	HHSUITE_SEARCH_BATCH (PHROGS_4c2c0468)	COMPLETED	0	2026-04-15 14:11:08.432	3.9s	3.7s	305.8%	477.1 MB	1.5 GB	3.4 MB	300.5 KB
1405	d9/13aab0	3934875	HHSUITE_SEARCH_BATCH (PHROGS_d913aab0)	COMPLETED	0	2026-04-15 14:11:09.017	3.5s	3.3s	331.6%	444.9 MB	1.5 GB	3.4 MB	191.6 KB
1406	47/abe699	3935903	HHSUITE_SEARCH_BATCH (PFAM_47abe699)	COMPLETED	0	2026-04-15 14:11:09.964	2.6s	2.4s	344.7%	462.4 MB	5.2 GB	1.4 MB	70.8 KB
1407	99/cbe2b9	3935338	HHSUITE_SEARCH_BATCH (ECOD_99cbe2b9)	COMPLETED	0	2026-04-15 14:11:09.396	3.4s	3.2s	303.1%	462.1 MB	32.5 GB	8 MB	132 KB
1404	bc/d83a07	3934212	HHSUITE_SEARCH_BATCH (ECOD_bcd83a07)	COMPLETED	0	2026-04-15 14:11:08.462	4.7s	4.5s	279.5%	600.5 MB	32.5 GB	8 MB	790.5 KB
1408	88/2f88fa	3936438	HHSUITE_SEARCH_BATCH (PHROGS_882f88fa)	COMPLETED	0	2026-04-15 14:11:10.524	3.2s	3s	350.7%	440.8 MB	1.4 GB	3.4 MB	176.5 KB
1409	c1/a784ab	3937032	HHSUITE_SEARCH_BATCH (PFAM_c1a784ab)	COMPLETED	0	2026-04-15 14:11:11.044	2.9s	2.6s	367.6%	459.8 MB	5.2 GB	1.4 MB	105.4 KB
1412	75/39d296	3937777	HHSUITE_SEARCH_BATCH (PFAM_7539d296)	COMPLETED	0	2026-04-15 14:11:11.531	2.5s	2.3s	363.5%	469.5 MB	5.2 GB	1.4 MB	32.9 KB
1411	1a/cd988f	3937980	HHSUITE_SEARCH_BATCH (PHROGS_1acd988f)	COMPLETED	0	2026-04-15 14:11:11.704	2.9s	2.7s	355.2%	454.9 MB	1.5 GB	3.4 MB	57.8 KB
1413	1e/37ddc8	3937531	HHSUITE_SEARCH_BATCH (ECOD_1e37ddc8)	COMPLETED	0	2026-04-15 14:11:11.384	3.3s	3.1s	330.8%	488.8 MB	32.5 GB	8 MB	230.9 KB
1398	60/a5904b	3932695	HHSUITE_SEARCH_BATCH (ECOD_60a5904b)	COMPLETED	0	2026-04-15 14:11:07.582	7.1s	6.9s	236.6%	797 MB	32.6 GB	8 MB	710.5 KB
1410	d9/2c9bcd	3937275	HHSUITE_SEARCH_BATCH (ECOD_d92c9bcd)	COMPLETED	0	2026-04-15 14:11:11.251	3.5s	3.3s	332.4%	478.2 MB	32.5 GB	8 MB	299.4 KB
1415	b6/16ec8c	3938265	HHSUITE_SEARCH_BATCH (PFAM_b616ec8c)	COMPLETED	0	2026-04-15 14:11:11.836	3s	2.8s	375.6%	493.1 MB	5.2 GB	1.4 MB	64.7 KB
1392	7a/17bed0	3930078	HHSUITE_SEARCH_BATCH (ECOD_7a17bed0)	COMPLETED	0	2026-04-15 14:11:05.321	10.5s	10.2s	151.5%	666.7 MB	32.6 GB	8 MB	686.6 KB
1414	aa/fc5aff	3938688	HHSUITE_SEARCH_BATCH (PHROGS_aafc5aff)	COMPLETED	0	2026-04-15 14:11:12.178	3.6s	3.4s	358.2%	481.2 MB	1.5 GB	3.4 MB	162.3 KB
1420	8d/a891d9	3940205	HHSUITE_SEARCH_BATCH (PHROGS_8da891d9)	COMPLETED	0	2026-04-15 14:11:13.147	3.7s	3.5s	315.2%	450.8 MB	1.5 GB	3.4 MB	171.9 KB
1417	c9/ed5ccc	3939260	HHSUITE_SEARCH_BATCH (PHROGS_c9ed5ccc)	COMPLETED	0	2026-04-15 14:11:12.569	4.4s	4.1s	295.2%	474.1 MB	1.5 GB	3.4 MB	462 KB
1421	46/b0f9eb	3940582	HHSUITE_SEARCH_BATCH (PFAM_46b0f9eb)	COMPLETED	0	2026-04-15 14:11:13.707	3.3s	3.1s	335.4%	457 MB	5.1 GB	1.4 MB	113.4 KB
1423	0f/63fda5	3941002	HHSUITE_SEARCH_BATCH (PHROGS_0f63fda5)	COMPLETED	0	2026-04-15 14:11:14.016	3.1s	2.8s	335.3%	443.2 MB	1.5 GB	3.4 MB	74.6 KB
1424	cd/be8faf	3941710	HHSUITE_SEARCH_BATCH (PFAM_cdbe8faf)	COMPLETED	0	2026-04-15 14:11:14.668	2.6s	2.4s	354.5%	456.9 MB	5.1 GB	1.4 MB	53.1 KB
1427	56/f2b7a8	3941866	HHSUITE_SEARCH_BATCH (PFAM_56f2b7a8)	COMPLETED	0	2026-04-15 14:11:14.723	2.9s	2.7s	332.3%	456.6 MB	5.2 GB	1.4 MB	130.4 KB
1418	d2/f520af	3939104	HHSUITE_SEARCH_BATCH (PFAM_d2f520af)	COMPLETED	0	2026-04-15 14:11:12.514	5.4s	5.2s	229.3%	522.4 MB	5.2 GB	1.4 MB	283.6 KB
1426	8f/4df896	3941941	HHSUITE_SEARCH_BATCH (PHROGS_8f4df896)	COMPLETED	0	2026-04-15 14:11:14.765	3.3s	3s	321.8%	446.6 MB	1.5 GB	3.4 MB	200.7 KB
1422	6e/9c439c	3940914	HHSUITE_SEARCH_BATCH (ECOD_6e9c439c)	COMPLETED	0	2026-04-15 14:11:13.941	4.2s	3.9s	288.4%	517.5 MB	32.5 GB	8 MB	222.2 KB
1425	0b/a054be	3941630	HHSUITE_SEARCH_BATCH (ECOD_0ba054be)	COMPLETED	0	2026-04-15 14:11:14.598	3.7s	3.5s	290.9%	492.7 MB	32.5 GB	8 MB	96 KB
1430	3e/eb6be9	3943133	HHSUITE_SEARCH_BATCH (PFAM_3eeb6be9)	COMPLETED	0	2026-04-15 14:11:15.796	2.5s	2.3s	325.7%	451.2 MB	5.2 GB	1.4 MB	35.7 KB
1429	9d/542bef	3943114	HHSUITE_SEARCH_BATCH (PHROGS_9d542bef)	COMPLETED	0	2026-04-15 14:11:15.777	3s	2.7s	335.5%	445.2 MB	1.5 GB	3.4 MB	70.3 KB
1428	f4/efdb84	3942200	HHSUITE_SEARCH_BATCH (ECOD_f4efdb84)	COMPLETED	0	2026-04-15 14:11:14.869	3.9s	3.7s	297.7%	523.2 MB	32.5 GB	8 MB	161.4 KB
1419	5b/820b09	3939728	HHSUITE_SEARCH_BATCH (ECOD_5b820b09)	COMPLETED	0	2026-04-15 14:11:12.825	6.1s	5.8s	238.1%	577.5 MB	32.5 GB	8 MB	619 KB
1416	50/787603	3938883	HHSUITE_SEARCH_BATCH (ECOD_50787603)	COMPLETED	0	2026-04-15 14:11:12.342	6.6s	6.4s	182.2%	550.9 MB	32.5 GB	8 MB	240.3 KB
1436	a1/e6c589	3945508	HHSUITE_SEARCH_BATCH (PFAM_a1e6c589)	COMPLETED	0	2026-04-15 14:11:17.615	2.5s	2.3s	351.0%	489.9 MB	5.2 GB	1.4 MB	51.8 KB
1431	07/4ef323	3944115	HHSUITE_SEARCH_BATCH (ECOD_074ef323)	COMPLETED	0	2026-04-15 14:11:16.871	3.5s	3.2s	291.1%	464.3 MB	32.5 GB	8 MB	95.1 KB
1435	6e/ea7622	3945209	HHSUITE_SEARCH_BATCH (PHROGS_6eea7622)	COMPLETED	0	2026-04-15 14:11:17.310	3.1s	2.9s	359.3%	462.3 MB	1.5 GB	3.4 MB	95.7 KB
1437	53/65006e	3945763	HHSUITE_SEARCH_BATCH (ECOD_5365006e)	COMPLETED	0	2026-04-15 14:11:17.931	2.8s	2.6s	322.6%	483.6 MB	32.4 GB	8 MB	48.5 KB
1433	2e/e54364	3944283	HHSUITE_SEARCH_BATCH (PFAM_2ee54364)	COMPLETED	0	2026-04-15 14:11:16.986	3.9s	3.7s	329.3%	530.9 MB	5.2 GB	1.4 MB	269.2 KB
1383	97/679017	3925941	HHSUITE_SEARCH_BATCH (ECOD_97679017)	COMPLETED	0	2026-04-15 14:11:01.713	19.3s	19.1s	131.4%	971.6 MB	32.5 GB	8 MB	327.2 KB
1432	68/b7f999	3944355	HHSUITE_SEARCH_BATCH (PHROGS_68b7f999)	COMPLETED	0	2026-04-15 14:11:17.019	4.1s	3.9s	337.5%	483.4 MB	1.5 GB	3.4 MB	376.2 KB
1434	d4/10fd96	3944586	HHSUITE_SEARCH_BATCH (ECOD_d410fd96)	COMPLETED	0	2026-04-15 14:11:17.075	4.3s	4.1s	330.5%	542 MB	32.5 GB	8 MB	419.5 KB
1438	df/4b2a5c	3946589	HHSUITE_SEARCH_BATCH (PHROGS_df4b2a5c)	COMPLETED	0	2026-04-15 14:11:18.300	3.2s	3s	357.1%	461.4 MB	1.5 GB	3.4 MB	280.6 KB
1441	ee/d135c5	3946658	HHSUITE_SEARCH_BATCH (PHROGS_eed135c5)	COMPLETED	0	2026-04-15 14:11:18.321	3.7s	3.5s	359.5%	465.8 MB	1.5 GB	3.4 MB	206.6 KB
1444	f4/888955	3947441	HHSUITE_SEARCH_BATCH (PHROGS_f4888955)	COMPLETED	0	2026-04-15 14:11:18.932	3.3s	3s	351.1%	453.7 MB	1.5 GB	3.4 MB	182.8 KB
1442	b1/072c89	3947179	HHSUITE_SEARCH_BATCH (PFAM_b1072c89)	COMPLETED	0	2026-04-15 14:11:18.777	3.6s	3.4s	351.8%	502.1 MB	5.2 GB	1.4 MB	122.4 KB
1446	68/ae4d0d	3947501	HHSUITE_SEARCH_BATCH (ECOD_68ae4d0d)	COMPLETED	0	2026-04-15 14:11:18.962	3.7s	3.4s	329.8%	528.4 MB	32.5 GB	8 MB	259.4 KB
1445	ec/5b9014	3948589	HHSUITE_SEARCH_BATCH (PFAM_ec5b9014)	COMPLETED	0	2026-04-15 14:11:20.108	2.7s	2.5s	351.9%	494.4 MB	5.2 GB	1.4 MB	121.9 KB
1439	c7/2286c2	3945987	HHSUITE_SEARCH_BATCH (PFAM_c72286c2)	COMPLETED	0	2026-04-15 14:11:18.098	4.7s	4.5s	258.7%	513.7 MB	5.2 GB	1.4 MB	276.8 KB
1448	2d/ccbe82	3949630	HHSUITE_SEARCH_BATCH (PFAM_2dccbe82)	COMPLETED	0	2026-04-15 14:11:20.774	2.7s	2.5s	336.6%	454.8 MB	5.2 GB	1.4 MB	46.8 KB
1449	8c/bdb7fb	3948976	HHSUITE_SEARCH_BATCH (ECOD_8cbdb7fb)	COMPLETED	0	2026-04-15 14:11:20.405	3.2s	2.9s	288.8%	473 MB	32.5 GB	8 MB	56.1 KB
1447	e7/afb64a	3948813	HHSUITE_SEARCH_BATCH (PHROGS_e7afb64a)	COMPLETED	0	2026-04-15 14:11:20.327	3.5s	3.2s	312.7%	442 MB	1.5 GB	3.4 MB	118.9 KB
1454	ad/2d75fd	3950545	HHSUITE_SEARCH_BATCH (PFAM_ad2d75fd)	COMPLETED	0	2026-04-15 14:11:21.415	2.8s	2.5s	336.5%	464.1 MB	5.2 GB	1.4 MB	41.2 KB
1443	fb/616bb6	3947164	HHSUITE_SEARCH_BATCH (ECOD_fb616bb6)	COMPLETED	0	2026-04-15 14:11:18.758	5.6s	5.4s	263.5%	589.1 MB	32.5 GB	8 MB	691 KB
1455	ee/95eedc	3950731	HHSUITE_SEARCH_BATCH (ECOD_ee95eedc)	COMPLETED	0	2026-04-15 14:11:21.544	3.3s	3.1s	311.7%	467.9 MB	32.5 GB	8 MB	41.1 KB
1451	16/f5be2a	3949913	HHSUITE_SEARCH_BATCH (PFAM_16f5be2a)	COMPLETED	0	2026-04-15 14:11:21.049	4.1s	3.9s	314.6%	491.9 MB	5.2 GB	1.4 MB	212.7 KB
1450	52/179405	3950097	HHSUITE_SEARCH_BATCH (PHROGS_52179405)	COMPLETED	0	2026-04-15 14:11:21.121	4.1s	3.9s	323.8%	472.9 MB	1.5 GB	3.4 MB	357.7 KB
1453	fe/4657f8	3951235	HHSUITE_SEARCH_BATCH (PHROGS_fe4657f8)	COMPLETED	0	2026-04-15 14:11:22.062	3.3s	3s	351.6%	431 MB	1.5 GB	3.4 MB	111.5 KB
1460	da/68bf5e	3952484	HHSUITE_SEARCH_BATCH (PFAM_da68bf5e)	COMPLETED	0	2026-04-15 14:11:22.816	2.6s	2.3s	319.0%	452.9 MB	5.1 GB	1.4 MB	34.6 KB
1456	60/40b244	3951515	HHSUITE_SEARCH_BATCH (PHROGS_6040b244)	COMPLETED	0	2026-04-15 14:11:22.232	3.3s	3.1s	326.2%	445.4 MB	1.5 GB	3.4 MB	323.9 KB
1452	05/85c7e7	3949716	HHSUITE_SEARCH_BATCH (ECOD_0585c7e7)	COMPLETED	0	2026-04-15 14:11:20.881	4.8s	4.6s	317.3%	560.8 MB	32.5 GB	8 MB	262.3 KB
1457	56/341c04	3952176	HHSUITE_SEARCH_BATCH (PFAM_56341c04)	COMPLETED	0	2026-04-15 14:11:22.657	3.1s	2.9s	315.3%	487.4 MB	5.2 GB	1.4 MB	291.6 KB
1461	b0/41784b	3953323	HHSUITE_SEARCH_BATCH (ECOD_b041784b)	COMPLETED	0	2026-04-15 14:11:23.486	2.3s	2.1s	319.5%	421 MB	32.5 GB	8 MB	33.1 KB
1459	03/70c3e6	3952502	HHSUITE_SEARCH_BATCH (PHROGS_0370c3e6)	COMPLETED	0	2026-04-15 14:11:22.822	3.1s	2.8s	318.1%	443.9 MB	1.5 GB	3.4 MB	120.8 KB
1463	e1/02d6f3	3953839	HHSUITE_SEARCH_BATCH (PFAM_e102d6f3)	COMPLETED	0	2026-04-15 14:11:23.859	2.8s	2.5s	319.3%	452.1 MB	5.2 GB	1.4 MB	49.6 KB
1462	30/112c06	3953409	HHSUITE_SEARCH_BATCH (PHROGS_30112c06)	COMPLETED	0	2026-04-15 14:11:23.565	3.1s	2.8s	341.3%	443.9 MB	1.5 GB	3.4 MB	122.7 KB
1440	56/e05aec	3945908	HHSUITE_SEARCH_BATCH (ECOD_56e05aec)	COMPLETED	0	2026-04-15 14:11:18.039	8.7s	8.5s	161.7%	660.1 MB	32.5 GB	8 MB	510.2 KB
1467	57/5b71f3	3954447	HHSUITE_SEARCH_BATCH (ECOD_575b71f3)	COMPLETED	0	2026-04-15 14:11:24.376	2.6s	2.4s	337.8%	489.9 MB	32.5 GB	8 MB	60.3 KB
1464	63/ad9d22	3954272	HHSUITE_SEARCH_BATCH (ECOD_63ad9d22)	COMPLETED	0	2026-04-15 14:11:24.201	3.2s	2.9s	317.9%	470.7 MB	32.5 GB	8 MB	83.8 KB
1466	b8/f16582	3955075	HHSUITE_SEARCH_BATCH (PFAM_b8f16582)	COMPLETED	0	2026-04-15 14:11:24.892	2.9s	2.6s	296.8%	477.5 MB	5.2 GB	1.4 MB	55 KB
1472	f3/9fc6b6	3956407	HHSUITE_SEARCH_BATCH (PFAM_f39fc6b6)	COMPLETED	0	2026-04-15 14:11:25.664	2.7s	2.4s	356.4%	461.6 MB	5.2 GB	1.4 MB	43.1 KB
1473	fd/ee7d6e	3956210	HHSUITE_SEARCH_BATCH (ECOD_fdee7d6e)	COMPLETED	0	2026-04-15 14:11:25.566	2.8s	2.6s	337.8%	467.8 MB	32.5 GB	8 MB	26.9 KB
1465	9d/ab4726	3955366	HHSUITE_SEARCH_BATCH (PHROGS_9dab4726)	COMPLETED	0	2026-04-15 14:11:25.163	3.3s	3.1s	359.8%	454.1 MB	1.5 GB	3.4 MB	71 KB
1458	a1/bd2620	3951788	HHSUITE_SEARCH_BATCH (ECOD_a1bd2620)	COMPLETED	0	2026-04-15 14:11:22.394	6.2s	5.9s	236.0%	737.8 MB	32.5 GB	8 MB	473.6 KB
1469	76/010649	3955391	HHSUITE_SEARCH_BATCH (PFAM_76010649)	COMPLETED	0	2026-04-15 14:11:25.194	3.7s	3.5s	347.8%	506.9 MB	5.2 GB	1.4 MB	85.2 KB
1468	cc/3812e7	3955746	HHSUITE_SEARCH_BATCH (PHROGS_cc3812e7)	COMPLETED	0	2026-04-15 14:11:25.358	3.6s	3.4s	344.1%	490.9 MB	1.5 GB	3.4 MB	183.2 KB
1476	3d/c03e07	3956681	HHSUITE_SEARCH_BATCH (ECOD_3dc03e07)	COMPLETED	0	2026-04-15 14:11:25.826	3.3s	3s	324.2%	468.8 MB	32.4 GB	8 MB	33.4 KB
1471	9f/8b67c2	3956615	HHSUITE_SEARCH_BATCH (PHROGS_9f8b67c2)	COMPLETED	0	2026-04-15 14:11:25.782	3.4s	3.1s	343.8%	444.8 MB	1.5 GB	3.4 MB	93.1 KB
1474	24/fcd063	3956978	HHSUITE_SEARCH_BATCH (PHROGS_24fcd063)	COMPLETED	0	2026-04-15 14:11:25.922	3.3s	3s	352.8%	437.3 MB	1.5 GB	3.4 MB	69.4 KB
1470	50/ae7945	3955960	HHSUITE_SEARCH_BATCH (ECOD_50ae7945)	COMPLETED	0	2026-04-15 14:11:25.428	3.8s	3.6s	315.9%	509.1 MB	32.5 GB	8 MB	73.4 KB
1475	85/c3e782	3957752	HHSUITE_SEARCH_BATCH (PFAM_85c3e782)	COMPLETED	0	2026-04-15 14:11:26.663	2.8s	2.5s	348.5%	454.8 MB	5.2 GB	1.4 MB	29.6 KB
1477	cc/e9de74	3957799	HHSUITE_SEARCH_BATCH (PHROGS_cce9de74)	COMPLETED	0	2026-04-15 14:11:26.699	3.5s	3.2s	344.3%	439 MB	1.5 GB	3.4 MB	196.3 KB
1478	d0/67dd73	3957888	HHSUITE_SEARCH_BATCH (PFAM_d067dd73)	COMPLETED	0	2026-04-15 14:11:26.746	3.5s	3.3s	311.3%	468 MB	5.2 GB	1.4 MB	99.7 KB
1482	d8/62ed93	3958883	HHSUITE_SEARCH_BATCH (ECOD_d862ed93)	COMPLETED	0	2026-04-15 14:11:27.378	2.9s	2.6s	332.1%	483.7 MB	32.5 GB	8 MB	99.4 KB
1484	c9/7eccb9	3960026	HHSUITE_SEARCH_BATCH (PFAM_c97eccb9)	COMPLETED	0	2026-04-15 14:11:28.416	2.7s	2.4s	356.5%	472.6 MB	5.2 GB	1.4 MB	120.7 KB
1481	f6/663c11	3959919	HHSUITE_SEARCH_BATCH (PFAM_f6663c11)	COMPLETED	0	2026-04-15 14:11:28.343	2.8s	2.6s	342.2%	467.2 MB	5.2 GB	1.4 MB	66.4 KB
1490	35/923429	3961446	HHSUITE_SEARCH_BATCH (PFAM_35923429)	COMPLETED	0	2026-04-15 14:11:29.203	2s	1.8s	350.5%	440.5 MB	5.2 GB	1.4 MB	22.4 KB
1480	d7/0eac46	3959205	HHSUITE_SEARCH_BATCH (PHROGS_d70eac46)	COMPLETED	0	2026-04-15 14:11:27.755	3.5s	3.2s	326.6%	449.2 MB	1.5 GB	3.4 MB	79.8 KB
1489	7c/36e609	3961500	HHSUITE_SEARCH_BATCH (PHROGS_7c36e609)	COMPLETED	0	2026-04-15 14:11:29.214	2.4s	2.1s	352.0%	411.7 MB	1.5 GB	3.4 MB	67 KB
1491	69/6d7cdc	3961239	HHSUITE_SEARCH_BATCH (ECOD_696d7cdc)	COMPLETED	0	2026-04-15 14:11:29.162	2.5s	2.2s	329.6%	403.9 MB	32.5 GB	8 MB	44.9 KB
1483	65/28dd02	3960268	HHSUITE_SEARCH_BATCH (PHROGS_6528dd02)	COMPLETED	0	2026-04-15 14:11:28.590	3.1s	2.8s	339.2%	443 MB	1.5 GB	3.4 MB	72.6 KB
1487	67/fa5b55	3960874	HHSUITE_SEARCH_BATCH (PFAM_67fa5b55)	COMPLETED	0	2026-04-15 14:11:28.921	3.5s	3.2s	310.8%	507.4 MB	5.2 GB	1.4 MB	192.1 KB
1493	e2/64ce28	3962042	HHSUITE_SEARCH_BATCH (PFAM_e264ce28)	COMPLETED	0	2026-04-15 14:11:29.426	3.1s	2.8s	273.9%	478.1 MB	5.1 GB	1.4 MB	167.6 KB
1486	7f/6f8d34	3960891	HHSUITE_SEARCH_BATCH (PHROGS_7f6f8d34)	COMPLETED	0	2026-04-15 14:11:28.946	3.6s	3.3s	335.6%	493.7 MB	1.5 GB	3.4 MB	251 KB
1495	62/fe177c	3962738	HHSUITE_SEARCH_BATCH (PHROGS_62fe177c)	COMPLETED	0	2026-04-15 14:11:30.276	2.7s	2.5s	350.1%	450.5 MB	1.4 GB	3.4 MB	113.4 KB
1492	46/191223	3962569	HHSUITE_SEARCH_BATCH (PHROGS_46191223)	COMPLETED	0	2026-04-15 14:11:30.174	2.9s	2.6s	306.3%	471.8 MB	1.5 GB	3.4 MB	268.7 KB
1499	76/500c54	3963977	HHSUITE_SEARCH_BATCH (PFAM_76500c54)	COMPLETED	0	2026-04-15 14:11:31.267	2.6s	2.4s	331.4%	484.4 MB	5.2 GB	1.4 MB	67.9 KB
1496	3c/72ea3b	3963805	HHSUITE_SEARCH_BATCH (PFAM_3c72ea3b)	COMPLETED	0	2026-04-15 14:11:31.171	2.7s	2.5s	298.5%	481.7 MB	5.2 GB	1.4 MB	70.1 KB
1479	fa/1cf6a9	3958403	HHSUITE_SEARCH_BATCH (ECOD_fa1cf6a9)	COMPLETED	0	2026-04-15 14:11:26.971	7.1s	6.9s	215.6%	718.9 MB	32.5 GB	8 MB	520.5 KB
1494	74/85630d	3962730	HHSUITE_SEARCH_BATCH (ECOD_7485630d)	COMPLETED	0	2026-04-15 14:11:30.272	3.9s	3.7s	220.4%	539.4 MB	32.4 GB	8 MB	209.7 KB
1501	27/688703	3964944	HHSUITE_SEARCH_BATCH (PHROGS_27688703)	COMPLETED	0	2026-04-15 14:11:31.675	2.5s	2.3s	362.1%	474.3 MB	1.5 GB	3.4 MB	336.6 KB
1500	12/58eed6	3964798	HHSUITE_SEARCH_BATCH (ECOD_1258eed6)	COMPLETED	0	2026-04-15 14:11:31.589	2.6s	2.4s	343.8%	496.8 MB	32.5 GB	8 MB	100.2 KB
1502	59/41ec59	3964843	HHSUITE_SEARCH_BATCH (PFAM_5941ec59)	COMPLETED	0	2026-04-15 14:11:31.633	2.6s	2.3s	359.9%	506.2 MB	5.1 GB	1.4 MB	268.7 KB
1498	d6/c6b94c	3963854	HHSUITE_SEARCH_BATCH (PHROGS_d6c6b94c)	COMPLETED	0	2026-04-15 14:11:31.210	3s	2.8s	330.6%	459.2 MB	1.5 GB	3.4 MB	171.1 KB
1508	3a/6e744b	3966801	HHSUITE_SEARCH_BATCH (PFAM_3a6e744b)	COMPLETED	0	2026-04-15 14:11:33.085	1.8s	1.5s	354.8%	427.8 MB	5.2 GB	1.4 MB	109.4 KB
1488	56/54995e	3961085	HHSUITE_SEARCH_BATCH (ECOD_5654995e)	COMPLETED	0	2026-04-15 14:11:29.112	5.9s	5.7s	227.8%	662.5 MB	32.5 GB	8 MB	506.5 KB
1503	2f/8b164d	3965540	HHSUITE_SEARCH_BATCH (ECOD_2f8b164d)	COMPLETED	0	2026-04-15 14:11:32.385	2.8s	2.5s	337.4%	521.2 MB	32.5 GB	8 MB	378.6 KB
1504	c9/190185	3965869	HHSUITE_SEARCH_BATCH (PHROGS_c9190185)	COMPLETED	0	2026-04-15 14:11:32.546	2.9s	2.7s	316.5%	471.2 MB	1.5 GB	3.4 MB	240.6 KB
1505	f5/8b260c	3966714	HHSUITE_SEARCH_BATCH (PFAM_f58b260c)	COMPLETED	0	2026-04-15 14:11:32.982	2.7s	2.5s	284.5%	483.8 MB	5.2 GB	1.4 MB	143.6 KB
1507	b2/be6bbb	3967666	HHSUITE_SEARCH_BATCH (PHROGS_b2be6bbb)	COMPLETED	0	2026-04-15 14:11:33.893	2.2s	2s	349.1%	419.3 MB	1.5 GB	3.4 MB	53.3 KB
1506	c8/72d8bc	3965875	HHSUITE_SEARCH_BATCH (ECOD_c872d8bc)	COMPLETED	0	2026-04-15 14:11:32.550	3.7s	3.4s	259.4%	546.5 MB	32.5 GB	8 MB	170.6 KB
1509	33/56934a	3967662	HHSUITE_SEARCH_BATCH (ECOD_3356934a)	COMPLETED	0	2026-04-15 14:11:33.886	2.7s	2.5s	307.8%	471.7 MB	32.5 GB	8 MB	370.3 KB
1511	85/6c69e1	3968317	HHSUITE_SEARCH_BATCH (PFAM_856c69e1)	COMPLETED	0	2026-04-15 14:11:34.202	2.6s	2.4s	346.7%	479.9 MB	5.2 GB	1.4 MB	73.1 KB
1510	9a/707f3f	3968336	HHSUITE_SEARCH_BATCH (PHROGS_9a707f3f)	COMPLETED	0	2026-04-15 14:11:34.210	2.9s	2.6s	346.9%	451.1 MB	1.5 GB	3.4 MB	75.6 KB
1512	56/ccf05a	3968091	HHSUITE_SEARCH_BATCH (ECOD_56ccf05a)	COMPLETED	0	2026-04-15 14:11:34.103	3s	2.7s	311.7%	488.7 MB	32.5 GB	8 MB	109.4 KB
1516	c7/d75b7c	3969549	HHSUITE_SEARCH_BATCH (PHROGS_c7d75b7c)	COMPLETED	0	2026-04-15 14:11:34.885	2.3s	2s	340.5%	412.9 MB	1.5 GB	3.4 MB	83.3 KB
2358	69/f1f25d	3972505	UNPACK_HHR (unpack_PFAM_2c22cc74)	COMPLETED	0	2026-04-15 14:11:37.074	254ms	25ms	77.3%	3.4 MB	4.4 MB	99.7 KB	216.6 KB
1517	fd/eacfd5	3969894	HHSUITE_SEARCH_BATCH (PFAM_fdeacfd5)	COMPLETED	0	2026-04-15 14:11:35.151	2.2s	2s	352.1%	412 MB	5.1 GB	1.4 MB	137.3 KB
1513	b7/b99aa8	3968306	HHSUITE_SEARCH_BATCH (PHROGS_b7b99aa8)	COMPLETED	0	2026-04-15 14:11:34.198	3.3s	3.1s	303.4%	471.6 MB	1.5 GB	3.4 MB	464.7 KB
1514	2c/c7a104	3968505	HHSUITE_SEARCH_BATCH (PFAM_2cc7a104)	COMPLETED	0	2026-04-15 14:11:34.254	3.3s	3.1s	300.7%	479.4 MB	5.2 GB	1.4 MB	319.5 KB
1485	14/de3953	3960061	HHSUITE_SEARCH_BATCH (ECOD_14de3953)	COMPLETED	0	2026-04-15 14:11:28.442	9.4s	9.2s	146.8%	671.3 MB	32.5 GB	8 MB	582.9 KB
1497	fb/62f8de	3963773	HHSUITE_SEARCH_BATCH (ECOD_fb62f8de)	COMPLETED	0	2026-04-15 14:11:31.132	7.5s	7.2s	178.9%	654.7 MB	32.5 GB	8 MB	411.2 KB
1522	e8/22bcc4	3971189	HHSUITE_SEARCH_BATCH (PHROGS_e822bcc4)	COMPLETED	0	2026-04-15 14:11:36.207	2.8s	2.5s	347.1%	442.1 MB	1.5 GB	3.4 MB	65.6 KB
1519	b4/501ea6	3970811	HHSUITE_SEARCH_BATCH (PHROGS_b4501ea6)	COMPLETED	0	2026-04-15 14:11:35.719	3.4s	3.1s	295.7%	455.2 MB	1.5 GB	3.4 MB	337.8 KB
1521	2b/b97da6	3970510	HHSUITE_SEARCH_BATCH (ECOD_2bb97da6)	COMPLETED	0	2026-04-15 14:11:35.494	3.7s	3.4s	251.1%	529.8 MB	32.5 GB	8 MB	237.5 KB
1523	30/39bb29	3971942	HHSUITE_SEARCH_BATCH (PFAM_3039bb29)	COMPLETED	0	2026-04-15 14:11:36.607	2.7s	2.5s	334.1%	467.7 MB	5.2 GB	1.4 MB	94 KB
1520	11/0ce914	3971064	HHSUITE_SEARCH_BATCH (PFAM_110ce914)	COMPLETED	0	2026-04-15 14:11:36.088	3.4s	3.1s	260.3%	478.8 MB	5.2 GB	1.4 MB	182.2 KB
1515	3a/183a15	3968324	HHSUITE_SEARCH_BATCH (ECOD_3a183a15)	COMPLETED	0	2026-04-15 14:11:34.206	5.4s	5.1s	196.4%	552.1 MB	32.4 GB	8 MB	369 KB
1529	60/523116	3973050	HHSUITE_SEARCH_BATCH (PFAM_60523116)	COMPLETED	0	2026-04-15 14:11:37.368	2.2s	2s	349.1%	416.9 MB	5.1 GB	1.4 MB	55 KB
1526	25/b24c42	3972498	HHSUITE_SEARCH_BATCH (PFAM_25b24c42)	COMPLETED	0	2026-04-15 14:11:37.069	2.7s	2.4s	310.5%	502.6 MB	5.2 GB	1.4 MB	211.6 KB
1528	0a/184359	3973445	HHSUITE_SEARCH_BATCH (PHROGS_0a184359)	COMPLETED	0	2026-04-15 14:11:37.533	2.5s	2.3s	338.7%	446.6 MB	1.5 GB	3.4 MB	71.8 KB
1530	c4/152a92	3973559	HHSUITE_SEARCH_BATCH (ECOD_c4152a92)	COMPLETED	0	2026-04-15 14:11:37.578	2.6s	2.3s	308.9%	478.9 MB	32.5 GB	8 MB	105.7 KB
1525	29/d24b27	3972677	HHSUITE_SEARCH_BATCH (PHROGS_29d24b27)	COMPLETED	0	2026-04-15 14:11:37.179	3.4s	3.2s	312.8%	464.9 MB	1.5 GB	3.4 MB	321 KB
1531	9d/4eff5d	3974094	HHSUITE_SEARCH_BATCH (PHROGS_9d4eff5d)	COMPLETED	0	2026-04-15 14:11:37.885	2.8s	2.6s	343.5%	444.7 MB	1.5 GB	3.4 MB	102.2 KB
1527	e6/6c2120	3972960	HHSUITE_SEARCH_BATCH (ECOD_e66c2120)	COMPLETED	0	2026-04-15 14:11:37.332	3.8s	3.6s	263.5%	569.1 MB	32.5 GB	8 MB	279.8 KB
1538	5c/116361	3976039	HHSUITE_SEARCH_BATCH (PFAM_5c116361)	COMPLETED	0	2026-04-15 14:11:39.486	1.7s	1.5s	344.3%	439 MB	5.2 GB	1.4 MB	56.9 KB
1532	60/8ab9e2	3974678	HHSUITE_SEARCH_BATCH (PFAM_608ab9e2)	COMPLETED	0	2026-04-15 14:11:38.623	2.7s	2.4s	304.2%	472.3 MB	5.2 GB	1.4 MB	192.9 KB
1535	15/7b6fc0	3975349	HHSUITE_SEARCH_BATCH (PFAM_157b6fc0)	COMPLETED	0	2026-04-15 14:11:39.162	2.2s	1.9s	351.1%	442.1 MB	5.1 GB	1.4 MB	149.9 KB
1518	db/a25438	3969690	HHSUITE_SEARCH_BATCH (ECOD_dba25438)	COMPLETED	0	2026-04-15 14:11:35.024	6.4s	6.2s	254.4%	652.9 MB	32.5 GB	8 MB	896.2 KB
1534	9b/291246	3975297	HHSUITE_SEARCH_BATCH (PHROGS_9b291246)	COMPLETED	0	2026-04-15 14:11:39.115	2.6s	2.3s	340.4%	452.5 MB	1.5 GB	3.4 MB	267.2 KB
1539	c3/ae77bb	3976235	HHSUITE_SEARCH_BATCH (ECOD_c3ae77bb)	COMPLETED	0	2026-04-15 14:11:39.563	2.1s	1.9s	324.8%	434 MB	32.4 GB	8 MB	52.4 KB
1536	42/4b44a7	3975686	HHSUITE_SEARCH_BATCH (ECOD_424b44a7)	COMPLETED	0	2026-04-15 14:11:39.310	2.5s	2.2s	348.2%	510.2 MB	32.5 GB	8 MB	164.1 KB
1537	50/871dd0	3976322	HHSUITE_SEARCH_BATCH (PHROGS_50871dd0)	COMPLETED	0	2026-04-15 14:11:39.609	2.2s	1.9s	337.6%	425.8 MB	1.5 GB	3.4 MB	41.2 KB
1540	38/fb1be3	3976577	HHSUITE_SEARCH_BATCH (PHROGS_38fb1be3)	COMPLETED	0	2026-04-15 14:11:39.725	2.1s	1.9s	341.6%	426.7 MB	1.5 GB	3.4 MB	52 KB
1541	8b/c8abe1	3977179	HHSUITE_SEARCH_BATCH (PFAM_8bc8abe1)	COMPLETED	0	2026-04-15 14:11:40.156	2s	1.7s	347.0%	423.8 MB	5.1 GB	1.4 MB	50.8 KB
1542	db/4adbb1	3977091	HHSUITE_SEARCH_BATCH (ECOD_db4adbb1)	COMPLETED	0	2026-04-15 14:11:40.029	2.3s	2.1s	301.3%	445.4 MB	32.5 GB	8 MB	84.9 KB
1543	3c/e284d9	3977730	HHSUITE_SEARCH_BATCH (PHROGS_3ce284d9)	COMPLETED	0	2026-04-15 14:11:40.556	2.3s	2.1s	366.8%	387.3 MB	1.4 GB	3.4 MB	112.5 KB
1544	14/058fc2	3978453	HHSUITE_SEARCH_BATCH (PFAM_14058fc2)	COMPLETED	0	2026-04-15 14:11:41.183	2s	1.7s	348.2%	433.5 MB	5.2 GB	1.4 MB	116 KB
1545	74/56a2b8	3977917	HHSUITE_SEARCH_BATCH (ECOD_7456a2b8)	COMPLETED	0	2026-04-15 14:11:40.729	2.6s	2.3s	336.4%	497.2 MB	32.4 GB	8 MB	212.8 KB
1546	ad/6b9da5	3978715	HHSUITE_SEARCH_BATCH (PHROGS_ad6b9da5)	COMPLETED	0	2026-04-15 14:11:41.332	2.2s	2s	351.8%	423.7 MB	1.5 GB	3.4 MB	71.3 KB
1547	0c/4cec80	3978566	HHSUITE_SEARCH_BATCH (PFAM_0c4cec80)	COMPLETED	0	2026-04-15 14:11:41.279	2.4s	2.2s	326.7%	427.5 MB	5.2 GB	1.4 MB	141.3 KB
1550	89/b88e7c	3979599	HHSUITE_SEARCH_BATCH (PFAM_89b88e7c)	COMPLETED	0	2026-04-15 14:11:41.694	2.1s	1.9s	320.9%	434.1 MB	5.2 GB	1.4 MB	42.9 KB
1548	81/bdba94	3978469	HHSUITE_SEARCH_BATCH (ECOD_81bdba94)	COMPLETED	0	2026-04-15 14:11:41.211	2.8s	2.6s	299.2%	472.2 MB	32.5 GB	8 MB	162.4 KB
1549	c1/3e47e6	3979633	HHSUITE_SEARCH_BATCH (PHROGS_c13e47e6)	COMPLETED	0	2026-04-15 14:11:41.717	2.5s	2.3s	324.2%	443.1 MB	1.5 GB	3.4 MB	60.1 KB
1533	38/02ff7a	3975177	HHSUITE_SEARCH_BATCH (ECOD_3802ff7a)	COMPLETED	0	2026-04-15 14:11:38.987	5.4s	5.1s	218.1%	612 MB	32.5 GB	8 MB	879.8 KB
1552	83/37196a	3979785	HHSUITE_SEARCH_BATCH (PHROGS_8337196a)	COMPLETED	0	2026-04-15 14:11:41.795	2.7s	2.4s	318.4%	463.4 MB	1.5 GB	3.4 MB	308.3 KB
1524	ac/4f8e1f	3972265	HHSUITE_SEARCH_BATCH (ECOD_ac4f8e1f)	COMPLETED	0	2026-04-15 14:11:36.855	7.6s	7.4s	180.0%	667.8 MB	32.5 GB	8 MB	613.6 KB
1551	b1/43e416	3979197	HHSUITE_SEARCH_BATCH (ECOD_b143e416)	COMPLETED	0	2026-04-15 14:11:41.474	3.1s	2.8s	236.0%	476 MB	32.5 GB	8 MB	61.4 KB
1555	b9/893ed1	3980568	HHSUITE_SEARCH_BATCH (PHROGS_b9893ed1)	COMPLETED	0	2026-04-15 14:11:42.146	2.4s	2.2s	317.1%	418.9 MB	1.5 GB	3.4 MB	122.9 KB
1553	8f/7c18c8	3979806	HHSUITE_SEARCH_BATCH (PFAM_8f7c18c8)	COMPLETED	0	2026-04-15 14:11:41.803	2.8s	2.6s	269.9%	470.4 MB	5.2 GB	1.4 MB	193.7 KB
1557	74/b6177f	3980718	HHSUITE_SEARCH_BATCH (ECOD_74b6177f)	COMPLETED	0	2026-04-15 14:11:42.373	2.7s	2.4s	289.2%	491.6 MB	32.5 GB	8 MB	252.1 KB
1556	ba/efc76b	3981279	HHSUITE_SEARCH_BATCH (PFAM_baefc76b)	COMPLETED	0	2026-04-15 14:11:42.874	2.4s	2.1s	290.3%	432.5 MB	5.2 GB	1.4 MB	251.2 KB
1559	4c/b0d639	3981726	HHSUITE_SEARCH_BATCH (PFAM_4cb0d639)	COMPLETED	0	2026-04-15 14:11:43.176	2.4s	2.1s	296.2%	433.1 MB	5.2 GB	1.4 MB	143.5 KB
1554	68/345439	3979936	HHSUITE_SEARCH_BATCH (ECOD_68345439)	COMPLETED	0	2026-04-15 14:11:41.867	3.9s	3.6s	230.1%	549.3 MB	32.5 GB	8 MB	244.4 KB
1558	4e/7c1ad1	3982255	HHSUITE_SEARCH_BATCH (PHROGS_4e7c1ad1)	COMPLETED	0	2026-04-15 14:11:43.579	2.2s	1.9s	336.1%	440.1 MB	1.5 GB	3.4 MB	221.8 KB
1560	a1/a90f6e	3981846	HHSUITE_SEARCH_BATCH (ECOD_a1a90f6e)	COMPLETED	0	2026-04-15 14:11:43.286	2.6s	2.4s	297.0%	508.2 MB	32.5 GB	8 MB	267.1 KB
1562	c6/05b8ba	3982597	HHSUITE_SEARCH_BATCH (PFAM_c605b8ba)	COMPLETED	0	2026-04-15 14:11:43.782	2.5s	2.2s	345.6%	494.7 MB	5.2 GB	1.4 MB	309 KB
1568	b6/9d64a7	3984026	HHSUITE_SEARCH_BATCH (PFAM_b69d64a7)	COMPLETED	0	2026-04-15 14:11:44.551	1.9s	1.7s	367.6%	410.2 MB	5.1 GB	1.4 MB	232.2 KB
1567	95/a43853	3983760	HHSUITE_SEARCH_BATCH (PHROGS_95a43853)	COMPLETED	0	2026-04-15 14:11:44.467	2.2s	2s	330.2%	410.4 MB	1.5 GB	3.4 MB	134 KB
1563	c0/915067	3982451	HHSUITE_SEARCH_BATCH (ECOD_c0915067)	COMPLETED	0	2026-04-15 14:11:43.724	3s	2.8s	344.4%	538.1 MB	32.5 GB	8 MB	360.5 KB
1561	37/debd49	3983006	HHSUITE_SEARCH_BATCH (PHROGS_37debd49)	COMPLETED	0	2026-04-15 14:11:44.021	2.8s	2.6s	339.4%	468.3 MB	1.5 GB	3.4 MB	511.6 KB
1569	cb/92d494	3984157	HHSUITE_SEARCH_BATCH (ECOD_cb92d494)	COMPLETED	0	2026-04-15 14:11:44.592	2.3s	2.1s	352.2%	415.7 MB	32.5 GB	8 MB	324 KB
1564	9f/eb46a9	3983357	HHSUITE_SEARCH_BATCH (PHROGS_9feb46a9)	COMPLETED	0	2026-04-15 14:11:44.228	2.7s	2.5s	347.4%	461.9 MB	1.5 GB	3.4 MB	410.2 KB
1571	d7/80c994	3984191	HHSUITE_SEARCH_BATCH (PFAM_d780c994)	COMPLETED	0	2026-04-15 14:11:44.605	2.5s	2.2s	363.0%	421.1 MB	5.2 GB	1.4 MB	237 KB
1574	c7/1e5395	3985581	HHSUITE_SEARCH_BATCH (PFAM_c71e5395)	COMPLETED	0	2026-04-15 14:11:45.577	1.8s	1.5s	350.6%	442.7 MB	5.1 GB	1.4 MB	47.4 KB
1565	c6/873b73	3983750	HHSUITE_SEARCH_BATCH (PFAM_c6873b73)	COMPLETED	0	2026-04-15 14:11:44.463	3s	2.7s	325.4%	495.3 MB	5.2 GB	1.4 MB	334 KB
1570	bd/bbfa83	3985120	HHSUITE_SEARCH_BATCH (PHROGS_bdbbfa83)	COMPLETED	0	2026-04-15 14:11:45.245	2.4s	2.1s	348.3%	427.7 MB	1.5 GB	3.4 MB	303.8 KB
1575	6b/7e9e72	3985841	HHSUITE_SEARCH_BATCH (ECOD_6b7e9e72)	COMPLETED	0	2026-04-15 14:11:45.751	2.2s	2s	321.6%	436.3 MB	32.5 GB	8 MB	34 KB
1573	a9/7c57f1	3985787	HHSUITE_SEARCH_BATCH (PHROGS_a97c57f1)	COMPLETED	0	2026-04-15 14:11:45.727	2.3s	2.1s	347.4%	411.7 MB	1.5 GB	3.4 MB	57.9 KB
1576	53/e58a19	3986246	HHSUITE_SEARCH_BATCH (PHROGS_53e58a19)	COMPLETED	0	2026-04-15 14:11:45.909	2.4s	2.1s	309.2%	425.4 MB	1.5 GB	3.4 MB	182.4 KB
1578	92/349edc	3986690	HHSUITE_SEARCH_BATCH (ECOD_92349edc)	COMPLETED	0	2026-04-15 14:11:46.260	2.5s	2.2s	300.4%	493.3 MB	32.5 GB	8 MB	178.5 KB
1577	7f/f86a8c	3986889	HHSUITE_SEARCH_BATCH (PFAM_7ff86a8c)	COMPLETED	0	2026-04-15 14:11:46.448	2.4s	2.2s	292.6%	441.1 MB	5.2 GB	1.4 MB	181.5 KB
1580	00/39df74	3987362	HHSUITE_SEARCH_BATCH (PFAM_0039df74)	COMPLETED	0	2026-04-15 14:11:46.759	2.5s	2.3s	364.4%	408.6 MB	5.2 GB	1.4 MB	311.6 KB
1579	8a/0cb44a	3987399	HHSUITE_SEARCH_BATCH (PHROGS_8a0cb44a)	COMPLETED	0	2026-04-15 14:11:46.785	2.5s	2.2s	344.9%	427.4 MB	1.5 GB	3.4 MB	601.8 KB
1581	a5/b743d4	3987173	HHSUITE_SEARCH_BATCH (ECOD_a5b743d4)	COMPLETED	0	2026-04-15 14:11:46.650	2.8s	2.6s	352.9%	511.1 MB	32.5 GB	8 MB	536.5 KB
1583	22/6f3f52	3987724	HHSUITE_SEARCH_BATCH (PFAM_226f3f52)	COMPLETED	0	2026-04-15 14:11:46.910	2.6s	2.3s	351.1%	502.4 MB	5.2 GB	1.4 MB	305.9 KB
1582	a7/76035e	3988242	HHSUITE_SEARCH_BATCH (PHROGS_a776035e)	COMPLETED	0	2026-04-15 14:11:47.098	2.4s	2.1s	325.4%	438.5 MB	1.5 GB	3.4 MB	528.7 KB
1586	d0/debd33	3988592	HHSUITE_SEARCH_BATCH (PFAM_d0debd33)	COMPLETED	0	2026-04-15 14:11:47.364	2.3s	2.1s	357.9%	410.9 MB	5.1 GB	1.4 MB	270.4 KB
1585	26/28d5ea	3988689	HHSUITE_SEARCH_BATCH (PHROGS_2628d5ea)	COMPLETED	0	2026-04-15 14:11:47.430	2.4s	2.2s	352.8%	424.7 MB	1.5 GB	3.4 MB	553.6 KB
2629	8f/0c27e2	3991164	UNPACK_HHR (unpack_ECOD_cab5d416)	COMPLETED	0	2026-04-15 14:11:49.281	691ms	30ms	41.4%	3.4 MB	4.4 MB	99.7 KB	359.4 KB
1789	c0/b88758	3991549	UNPACK_HHR (unpack_PFAM_b5f30ae3)	COMPLETED	0	2026-04-15 14:11:49.469	524ms	30ms	45.6%	3.3 MB	4.4 MB	99.7 KB	279 KB
1584	03/9988af	3987821	HHSUITE_SEARCH_BATCH (ECOD_039988af)	COMPLETED	0	2026-04-15 14:11:46.956	3.1s	2.9s	331.7%	519.6 MB	32.5 GB	8 MB	489.4 KB
1589	39/69e9b5	3989980	HHSUITE_SEARCH_BATCH (PFAM_3969e9b5)	COMPLETED	0	2026-04-15 14:11:48.299	1.8s	1.6s	353.9%	431.9 MB	5.2 GB	1.4 MB	96.6 KB
1588	ad/d60a42	3989485	HHSUITE_SEARCH_BATCH (PHROGS_add60a42)	COMPLETED	0	2026-04-15 14:11:48.004	2.2s	1.9s	346.9%	423.5 MB	1.5 GB	3.4 MB	57.5 KB
1590	3c/12a9d9	3989544	HHSUITE_SEARCH_BATCH (ECOD_3c12a9d9)	COMPLETED	0	2026-04-15 14:11:48.067	2.4s	2.1s	329.6%	445.3 MB	32.5 GB	8 MB	215.8 KB
1587	e6/3421b7	3989092	HHSUITE_SEARCH_BATCH (ECOD_e63421b7)	COMPLETED	0	2026-04-15 14:11:47.662	3s	2.8s	338.0%	545.9 MB	32.5 GB	8 MB	305.1 KB
1591	14/332173	3990431	HHSUITE_SEARCH_BATCH (PHROGS_14332173)	COMPLETED	0	2026-04-15 14:11:48.748	2.2s	1.9s	326.8%	419.1 MB	1.5 GB	3.4 MB	40.7 KB
1592	ca/8922e8	3990618	HHSUITE_SEARCH_BATCH (PFAM_ca8922e8)	COMPLETED	0	2026-04-15 14:11:48.886	2.1s	1.9s	328.5%	439.6 MB	5.1 GB	1.4 MB	74.6 KB
1566	86/ff1bfa	3983550	HHSUITE_SEARCH_BATCH (ECOD_86ff1bfa)	COMPLETED	0	2026-04-15 14:11:44.382	7s	6.8s	222.8%	715.9 MB	32.5 GB	8 MB	879.2 KB
1598	b6/ca7300	3992453	HHSUITE_SEARCH_BATCH (PFAM_b6ca7300)	COMPLETED	0	2026-04-15 14:11:49.879	2s	1.8s	300.9%	434.7 MB	5.2 GB	1.4 MB	38.8 KB
1597	ff/7171e4	3992637	HHSUITE_SEARCH_BATCH (PHROGS_ff7171e4)	COMPLETED	0	2026-04-15 14:11:49.976	2.1s	1.9s	318.3%	419.6 MB	1.5 GB	3.4 MB	45.2 KB
1601	73/f62047	3993239	HHSUITE_SEARCH_BATCH (PFAM_73f62047)	COMPLETED	0	2026-04-15 14:11:50.193	1.9s	1.7s	324.4%	428.3 MB	5.2 GB	1.4 MB	146.1 KB
1600	a7/45a8d3	3992961	HHSUITE_SEARCH_BATCH (PHROGS_a745a8d3)	COMPLETED	0	2026-04-15 14:11:50.090	2.3s	2.1s	310.5%	416.9 MB	1.5 GB	3.4 MB	59.1 KB
1596	b5/08c0ac	3991543	HHSUITE_SEARCH_BATCH (ECOD_b508c0ac)	COMPLETED	0	2026-04-15 14:11:49.464	3s	2.7s	266.9%	498.3 MB	32.5 GB	8 MB	179.6 KB
1595	43/07bb52	3991731	HHSUITE_SEARCH_BATCH (PFAM_4307bb52)	COMPLETED	0	2026-04-15 14:11:49.528	2.9s	2.7s	253.6%	480.1 MB	5.1 GB	1.4 MB	152.3 KB
1599	b7/5ef5aa	3992676	HHSUITE_SEARCH_BATCH (ECOD_b75ef5aa)	COMPLETED	0	2026-04-15 14:11:49.997	2.5s	2.2s	281.7%	476.6 MB	32.5 GB	8 MB	56.5 KB
1602	bc/2e748e	3993036	HHSUITE_SEARCH_BATCH (ECOD_bc2e748e)	COMPLETED	0	2026-04-15 14:11:50.118	2.4s	2.2s	282.0%	441.8 MB	32.5 GB	8 MB	98.6 KB
1594	14/a7df2e	3992238	HHSUITE_SEARCH_BATCH (PHROGS_14a7df2e)	COMPLETED	0	2026-04-15 14:11:49.717	2.9s	2.7s	280.6%	457.3 MB	1.5 GB	3.4 MB	280.3 KB
1572	a3/f12ea0	3985042	HHSUITE_SEARCH_BATCH (ECOD_a3f12ea0)	COMPLETED	0	2026-04-15 14:11:45.114	7.6s	7.3s	250.4%	753.9 MB	32.5 GB	8 MB	1 MB
1604	2a/2f6f02	3993949	HHSUITE_SEARCH_BATCH (PFAM_2a2f6f02)	COMPLETED	0	2026-04-15 14:11:50.702	2.9s	2.6s	224.3%	470.2 MB	5.2 GB	1.4 MB	147.5 KB
1605	74/9ce51a	3993704	HHSUITE_SEARCH_BATCH (ECOD_749ce51a)	COMPLETED	0	2026-04-15 14:11:50.442	3.3s	3s	223.7%	493.8 MB	32.5 GB	8 MB	197.2 KB
1603	db/beed9a	3994238	HHSUITE_SEARCH_BATCH (PHROGS_dbbeed9a)	COMPLETED	0	2026-04-15 14:11:50.949	2.8s	2.5s	279.4%	458.7 MB	1.5 GB	3.4 MB	304.4 KB
1609	01/858976	3995695	HHSUITE_SEARCH_BATCH (PHROGS_01858976)	COMPLETED	0	2026-04-15 14:11:52.078	1.8s	1.6s	350.8%	429.5 MB	1.5 GB	3.4 MB	33.6 KB
1610	a8/16bfa1	3995802	HHSUITE_SEARCH_BATCH (PFAM_a816bfa1)	COMPLETED	0	2026-04-15 14:11:52.120	1.8s	1.6s	317.0%	436.3 MB	5.2 GB	1.4 MB	25.4 KB
1606	89/8c708f	3994888	HHSUITE_SEARCH_BATCH (PHROGS_898c708f)	COMPLETED	0	2026-04-15 14:11:51.356	2.6s	2.4s	331.2%	470.7 MB	1.5 GB	3.4 MB	847.1 KB
1615	99/31383d	3996643	HHSUITE_SEARCH_BATCH (PHROGS_9931383d)	COMPLETED	0	2026-04-15 14:11:52.521	1.9s	1.6s	347.9%	428.6 MB	1.4 GB	3.4 MB	171.9 KB
1613	8c/a5381c	3996355	HHSUITE_SEARCH_BATCH (PFAM_8ca5381c)	COMPLETED	0	2026-04-15 14:11:52.430	2.1s	1.9s	306.0%	436.1 MB	5.2 GB	1.4 MB	157 KB
1612	1b/2cb635	3996474	HHSUITE_SEARCH_BATCH (PHROGS_1b2cb635)	COMPLETED	0	2026-04-15 14:11:52.465	2.1s	1.9s	333.5%	432.8 MB	1.5 GB	3.4 MB	202.2 KB
1614	a5/b65fe5	3996329	HHSUITE_SEARCH_BATCH (ECOD_a5b65fe5)	COMPLETED	0	2026-04-15 14:11:52.419	2.3s	2s	318.5%	468.4 MB	32.5 GB	8 MB	277.7 KB
1607	ba/3ce844	3995456	HHSUITE_SEARCH_BATCH (PFAM_ba3ce844)	COMPLETED	0	2026-04-15 14:11:51.884	3s	2.8s	321.3%	518.2 MB	5.2 GB	1.4 MB	520.2 KB
1616	00/985f36	3997192	HHSUITE_SEARCH_BATCH (PFAM_00985f36)	COMPLETED	0	2026-04-15 14:11:52.670	2.3s	2.1s	274.9%	436.5 MB	5.2 GB	1.4 MB	119.5 KB
1617	97/a9694f	3997092	HHSUITE_SEARCH_BATCH (ECOD_97a9694f)	COMPLETED	0	2026-04-15 14:11:52.646	2.3s	2.1s	288.4%	446.2 MB	32.5 GB	8 MB	123.7 KB
1593	27/0905cb	3991158	HHSUITE_SEARCH_BATCH (ECOD_270905cb)	COMPLETED	0	2026-04-15 14:11:49.276	5.8s	5.5s	184.1%	608.8 MB	32.5 GB	8 MB	470.2 KB
1622	68/be30dc	3998964	HHSUITE_SEARCH_BATCH (PFAM_68be30dc)	COMPLETED	0	2026-04-15 14:11:53.952	1.8s	1.5s	347.7%	425.1 MB	5.2 GB	1.4 MB	70 KB
1621	4c/3aa4b7	3998821	HHSUITE_SEARCH_BATCH (PHROGS_4c3aa4b7)	COMPLETED	0	2026-04-15 14:11:53.908	1.9s	1.7s	356.8%	402.9 MB	1.5 GB	3.4 MB	64.7 KB
1618	68/818377	3998033	HHSUITE_SEARCH_BATCH (PHROGS_68818377)	COMPLETED	0	2026-04-15 14:11:53.593	2.5s	2.2s	299.1%	425.1 MB	1.5 GB	3.4 MB	333.3 KB
1623	4a/36ce85	3999131	HHSUITE_SEARCH_BATCH (ECOD_4a36ce85)	COMPLETED	0	2026-04-15 14:11:53.994	2.1s	1.9s	336.3%	438.2 MB	32.5 GB	8 MB	152.9 KB
1628	2a/e7ae8d	3999968	HHSUITE_SEARCH_BATCH (PFAM_2ae7ae8d)	COMPLETED	0	2026-04-15 14:11:54.686	1.5s	1.3s	338.0%	433.9 MB	5.2 GB	1.4 MB	47.9 KB
1619	ca/290e25	3998335	HHSUITE_SEARCH_BATCH (PFAM_ca290e25)	COMPLETED	0	2026-04-15 14:11:53.728	2.7s	2.5s	231.7%	480 MB	5.2 GB	1.4 MB	140.1 KB
1624	3d/ed1728	3999602	HHSUITE_SEARCH_BATCH (PHROGS_3ded1728)	COMPLETED	0	2026-04-15 14:11:54.378	2.2s	2s	327.0%	414.6 MB	1.5 GB	3.4 MB	328 KB
1631	54/e0a5bd	4000868	HHSUITE_SEARCH_BATCH (PFAM_54e0a5bd)	COMPLETED	0	2026-04-15 14:11:55.074	1.5s	1.3s	349.5%	430.2 MB	5.1 GB	1.4 MB	31.7 KB
1629	27/a70f25	4000381	HHSUITE_SEARCH_BATCH (ECOD_27a70f25)	COMPLETED	0	2026-04-15 14:11:54.879	1.8s	1.6s	334.5%	455.1 MB	32.5 GB	8 MB	45 KB
1627	8d/715ea2	4000582	HHSUITE_SEARCH_BATCH (PHROGS_8d715ea2)	COMPLETED	0	2026-04-15 14:11:54.954	1.8s	1.6s	340.9%	421.8 MB	1.5 GB	3.4 MB	65.7 KB
1608	42/4735c6	3994352	HHSUITE_SEARCH_BATCH (ECOD_424735c6)	COMPLETED	0	2026-04-15 14:11:51.005	5.9s	5.7s	219.0%	764.4 MB	32.5 GB	8 MB	900 KB
1630	de/47da1c	4000662	HHSUITE_SEARCH_BATCH (PHROGS_de47da1c)	COMPLETED	0	2026-04-15 14:11:54.999	1.9s	1.7s	325.6%	426.4 MB	1.5 GB	3.4 MB	47.8 KB
1625	6b/872c5d	3999840	HHSUITE_SEARCH_BATCH (PFAM_6b872c5d)	COMPLETED	0	2026-04-15 14:11:54.600	2.6s	2.4s	249.4%	479.5 MB	5.2 GB	1.4 MB	153.8 KB
2579	59/f4f804	4004040	UNPACK_HHR (unpack_PFAM_1520f161)	COMPLETED	0	2026-04-15 14:11:56.946	323ms	32ms	57.3%	3.3 MB	4.4 MB	99.7 KB	318.4 KB
1632	b5/cd6b1a	4001592	HHSUITE_SEARCH_BATCH (ECOD_b5cd6b1a)	COMPLETED	0	2026-04-15 14:11:55.710	1.6s	1.4s	356.9%	454.3 MB	32.5 GB	8 MB	22.7 KB
1620	ea/a614e4	3998290	HHSUITE_SEARCH_BATCH (ECOD_eaa614e4)	COMPLETED	0	2026-04-15 14:11:53.714	3.7s	3.4s	206.5%	539.8 MB	32.5 GB	8 MB	156.3 KB
1626	37/3896f6	3999795	HHSUITE_SEARCH_BATCH (ECOD_373896f6)	COMPLETED	0	2026-04-15 14:11:54.568	3.4s	3.2s	224.9%	519.6 MB	32.5 GB	8 MB	167.3 KB
1638	4e/4fd60b	4002573	HHSUITE_SEARCH_BATCH (ECOD_4e4fd60b)	COMPLETED	0	2026-04-15 14:11:56.237	1.8s	1.6s	344.7%	448.8 MB	32.5 GB	8 MB	69.6 KB
1640	cf/03854c	4003229	HHSUITE_SEARCH_BATCH (PFAM_cf03854c)	COMPLETED	0	2026-04-15 14:11:56.603	1.5s	1.3s	349.6%	427.1 MB	5.2 GB	1.4 MB	41.1 KB
1633	fe/928ba6	4001718	HHSUITE_SEARCH_BATCH (PHROGS_fe928ba6)	COMPLETED	0	2026-04-15 14:11:55.795	2.3s	2.1s	345.6%	424 MB	1.5 GB	3.4 MB	301.5 KB
1637	06/a783af	4003214	HHSUITE_SEARCH_BATCH (PFAM_06a783af)	COMPLETED	0	2026-04-15 14:11:56.591	1.6s	1.4s	339.3%	438.8 MB	5.1 GB	1.4 MB	58.5 KB
1636	e5/24df51	4003050	HHSUITE_SEARCH_BATCH (PHROGS_e524df51)	COMPLETED	0	2026-04-15 14:11:56.460	1.8s	1.6s	348.8%	420.8 MB	1.4 GB	3.4 MB	45.9 KB
1634	46/18d0fc	4002208	HHSUITE_SEARCH_BATCH (PFAM_4618d0fc)	COMPLETED	0	2026-04-15 14:11:56.050	2.3s	2.1s	298.0%	436.7 MB	5.2 GB	1.4 MB	167.3 KB
1635	02/b78df4	4002347	HHSUITE_SEARCH_BATCH (ECOD_02b78df4)	COMPLETED	0	2026-04-15 14:11:56.117	2.4s	2.2s	345.3%	460.1 MB	32.5 GB	8 MB	355.7 KB
1639	95/95c5cb	4003546	HHSUITE_SEARCH_BATCH (PHROGS_9595c5cb)	COMPLETED	0	2026-04-15 14:11:56.769	1.9s	1.7s	328.2%	423.3 MB	1.5 GB	3.4 MB	35.7 KB
1641	79/73a4ed	4003443	HHSUITE_SEARCH_BATCH (ECOD_7973a4ed)	COMPLETED	0	2026-04-15 14:11:56.717	2s	1.8s	322.8%	438.7 MB	32.4 GB	8 MB	94.1 KB
1643	18/5efd06	4004661	HHSUITE_SEARCH_BATCH (PFAM_185efd06)	COMPLETED	0	2026-04-15 14:11:57.273	1.5s	1.2s	355.7%	440.8 MB	5.1 GB	1.4 MB	66.1 KB
1644	05/74f629	4004634	HHSUITE_SEARCH_BATCH (ECOD_0574f629)	COMPLETED	0	2026-04-15 14:11:57.230	1.7s	1.4s	346.6%	451.9 MB	32.5 GB	8 MB	74 KB
1642	d7/63fa53	4004025	HHSUITE_SEARCH_BATCH (PHROGS_d763fa53)	COMPLETED	0	2026-04-15 14:11:56.941	2s	1.8s	334.8%	427.5 MB	1.5 GB	3.4 MB	54.1 KB
1646	08/753596	4004917	HHSUITE_SEARCH_BATCH (PFAM_08753596)	COMPLETED	0	2026-04-15 14:11:57.396	1.8s	1.6s	337.3%	436.4 MB	5.2 GB	1.4 MB	81.7 KB
1645	05/54a8f0	4004780	HHSUITE_SEARCH_BATCH (PHROGS_0554a8f0)	COMPLETED	0	2026-04-15 14:11:57.328	1.9s	1.7s	346.0%	425.2 MB	1.5 GB	3.4 MB	44.5 KB
1647	2d/939c41	4005703	HHSUITE_SEARCH_BATCH (ECOD_2d939c41)	COMPLETED	0	2026-04-15 14:11:57.970	1.8s	1.5s	342.8%	451.4 MB	32.5 GB	8 MB	45.8 KB
1611	65/8a743f	3996290	HHSUITE_SEARCH_BATCH (ECOD_658a743f)	COMPLETED	0	2026-04-15 14:11:52.389	7.7s	7.4s	108.5%	509.4 MB	32.5 GB	8 MB	161 KB
1649	26/2b24a8	4005763	HHSUITE_SEARCH_BATCH (PFAM_262b24a8)	COMPLETED	0	2026-04-15 14:11:58.011	2.1s	1.8s	325.6%	422.6 MB	5.1 GB	1.4 MB	124.1 KB
1648	12/1d16fa	4005943	HHSUITE_SEARCH_BATCH (PHROGS_121d16fa)	COMPLETED	0	2026-04-15 14:11:58.086	2.1s	1.9s	341.2%	421.2 MB	1.5 GB	3.4 MB	135.8 KB
1655	9f/f7ebcc	4006974	HHSUITE_SEARCH_BATCH (PFAM_9ff7ebcc)	COMPLETED	0	2026-04-15 14:11:58.507	1.7s	1.4s	348.4%	431.5 MB	5.2 GB	1.4 MB	100.6 KB
1650	ac/39790b	4005962	HHSUITE_SEARCH_BATCH (ECOD_ac39790b)	COMPLETED	0	2026-04-15 14:11:58.095	2.1s	1.9s	353.2%	429.5 MB	32.5 GB	8 MB	146.4 KB
1656	db/161ba8	4007428	HHSUITE_SEARCH_BATCH (ECOD_db161ba8)	COMPLETED	0	2026-04-15 14:11:58.740	1.9s	1.7s	339.2%	442.9 MB	32.5 GB	8 MB	107.3 KB
1654	e4/10ca9c	4007359	HHSUITE_SEARCH_BATCH (PHROGS_e410ca9c)	COMPLETED	0	2026-04-15 14:11:58.704	2.1s	1.8s	340.5%	414.9 MB	1.5 GB	3.4 MB	63.6 KB
1652	b8/ea5678	4006086	HHSUITE_SEARCH_BATCH (PFAM_b8ea5678)	COMPLETED	0	2026-04-15 14:11:58.154	2.8s	2.5s	263.4%	469.3 MB	5.1 GB	1.4 MB	246.6 KB
1651	e9/c577c4	4006610	HHSUITE_SEARCH_BATCH (PHROGS_e9c577c4)	COMPLETED	0	2026-04-15 14:11:58.313	2.6s	2.4s	290.0%	456 MB	1.5 GB	3.4 MB	283 KB
1660	10/e0456f	4008362	HHSUITE_SEARCH_BATCH (PHROGS_10e0456f)	COMPLETED	0	2026-04-15 14:11:59.224	1.9s	1.6s	341.7%	426.3 MB	1.5 GB	3.4 MB	66.1 KB
1662	ea/350442	4008452	HHSUITE_SEARCH_BATCH (ECOD_ea350442)	COMPLETED	0	2026-04-15 14:11:59.272	2.2s	1.9s	340.7%	441.8 MB	32.5 GB	8 MB	352.6 KB
1653	52/72c691	4006647	HHSUITE_SEARCH_BATCH (ECOD_5272c691)	COMPLETED	0	2026-04-15 14:11:58.325	3.1s	2.9s	253.1%	511.1 MB	32.5 GB	8 MB	446.9 KB
1661	64/91391c	4009081	HHSUITE_SEARCH_BATCH (PFAM_6491391c)	COMPLETED	0	2026-04-15 14:11:59.770	1.8s	1.5s	341.8%	426.7 MB	5.2 GB	1.4 MB	112.2 KB
1667	c3/4846c0	4009788	HHSUITE_SEARCH_BATCH (PFAM_c34846c0)	COMPLETED	0	2026-04-15 14:12:00.219	1.3s	1.1s	360.6%	3.4 MB	4.4 MB	1.4 MB	18.8 KB
1664	b9/1025ec	4009530	HHSUITE_SEARCH_BATCH (PFAM_b91025ec)	COMPLETED	0	2026-04-15 14:12:00.098	1.5s	1.3s	313.2%	440.2 MB	5.2 GB	1.4 MB	42.3 KB
1665	d4/c48f3f	4009691	HHSUITE_SEARCH_BATCH (ECOD_d4c48f3f)	COMPLETED	0	2026-04-15 14:12:00.185	1.7s	1.4s	347.3%	450.5 MB	32.4 GB	8 MB	39.3 KB
1666	fa/f6c5ce	4009712	HHSUITE_SEARCH_BATCH (PHROGS_faf6c5ce)	COMPLETED	0	2026-04-15 14:12:00.190	1.7s	1.5s	330.5%	432.8 MB	1.5 GB	3.4 MB	34.4 KB
1657	a6/c09e26	4007476	HHSUITE_SEARCH_BATCH (PHROGS_a6c09e26)	COMPLETED	0	2026-04-15 14:11:58.762	3.2s	2.6s	321.8%	469.3 MB	1.4 GB	3.4 MB	928.2 KB
1663	64/dcd7e9	4009533	HHSUITE_SEARCH_BATCH (PHROGS_64dcd7e9)	COMPLETED	0	2026-04-15 14:12:00.106	2s	1.8s	311.2%	417.7 MB	1.5 GB	3.4 MB	38.7 KB
1658	32/1196e4	4007795	HHSUITE_SEARCH_BATCH (PFAM_321196e4)	COMPLETED	0	2026-04-15 14:11:58.909	3.3s	3.1s	310.3%	484.3 MB	5.2 GB	1.4 MB	443.9 KB
1659	19/0979cd	4007983	HHSUITE_SEARCH_BATCH (ECOD_190979cd)	COMPLETED	0	2026-04-15 14:11:58.970	3.3s	3.1s	316.2%	534.7 MB	32.5 GB	8 MB	864.8 KB
1668	66/25710e	4010548	HHSUITE_SEARCH_BATCH (ECOD_6625710e)	COMPLETED	0	2026-04-15 14:12:00.649	1.7s	1.5s	337.8%	454.2 MB	32.5 GB	8 MB	54.5 KB
1672	b1/fd28bc	4011377	HHSUITE_SEARCH_BATCH (PHROGS_b1fd28bc)	COMPLETED	0	2026-04-15 14:12:01.143	1.4s	1.1s	314.0%	3.4 MB	4.4 MB	3.4 MB	30.1 KB
1674	26/2e06a0	4012144	HHSUITE_SEARCH_BATCH (ECOD_262e06a0)	COMPLETED	0	2026-04-15 14:12:01.541	1.4s	1.2s	336.6%	458.3 MB	32.5 GB	8 MB	27.2 KB
1673	10/282693	4011927	HHSUITE_SEARCH_BATCH (PFAM_10282693)	COMPLETED	0	2026-04-15 14:12:01.456	1.7s	1.5s	230.8%	431.1 MB	5.1 GB	1.4 MB	43.4 KB
1677	a9/c6ee04	4012192	HHSUITE_SEARCH_BATCH (ECOD_a9c6ee04)	COMPLETED	0	2026-04-15 14:12:01.558	1.8s	1.6s	315.0%	460.5 MB	32.5 GB	8 MB	42 KB
1675	f0/c4c434	4012356	HHSUITE_SEARCH_BATCH (PHROGS_f0c4c434)	COMPLETED	0	2026-04-15 14:12:01.632	1.9s	1.6s	327.8%	428.9 MB	1.5 GB	3.4 MB	57.2 KB
1676	bc/193175	4012880	HHSUITE_SEARCH_BATCH (PFAM_bc193175)	COMPLETED	0	2026-04-15 14:12:01.853	1.7s	1.4s	297.7%	438.1 MB	5.2 GB	1.4 MB	32.5 KB
1669	e7/798ca3	4010992	HHSUITE_SEARCH_BATCH (PHROGS_e7798ca3)	COMPLETED	0	2026-04-15 14:12:00.924	2.8s	2.5s	300.3%	468 MB	1.5 GB	3.4 MB	899.4 KB
1679	41/655f3a	4013365	HHSUITE_SEARCH_BATCH (PFAM_41655f3a)	COMPLETED	0	2026-04-15 14:12:02.127	1.8s	1.5s	349.7%	428.8 MB	5.1 GB	1.4 MB	97.7 KB
1678	17/94db38	4013085	HHSUITE_SEARCH_BATCH (PHROGS_1794db38)	COMPLETED	0	2026-04-15 14:12:01.993	2s	1.8s	353.8%	417 MB	1.5 GB	3.4 MB	50.7 KB
1680	13/afbccd	4012980	HHSUITE_SEARCH_BATCH (ECOD_13afbccd)	COMPLETED	0	2026-04-15 14:12:01.934	2.2s	1.9s	332.6%	421 MB	32.5 GB	8 MB	168 KB
1670	54/b0bcbb	4010989	HHSUITE_SEARCH_BATCH (PFAM_54b0bcbb)	COMPLETED	0	2026-04-15 14:12:00.920	3.2s	3s	329.3%	507.8 MB	5.2 GB	1.4 MB	541.7 KB
1688	99/56e52f	4011931	HHSUITE_SEARCH_BATCH (PFAM_9956e52f)	COMPLETED	0	2026-04-15 14:12:01.459	2.7s	2.5s	245.8%	479 MB	5.2 GB	1.4 MB	153.2 KB
1685	5b/09fb6d	4014275	HHSUITE_SEARCH_BATCH (PFAM_5b09fb6d)	COMPLETED	0	2026-04-15 14:12:02.563	1.7s	1.3s	322.8%	444.5 MB	5.2 GB	1.4 MB	86.1 KB
1671	6a/fe461c	4010757	HHSUITE_SEARCH_BATCH (ECOD_6afe461c)	COMPLETED	0	2026-04-15 14:12:00.772	3.9s	3.7s	297.0%	586.6 MB	32.5 GB	8 MB	929.4 KB
1681	1e/3d63da	4013865	HHSUITE_SEARCH_BATCH (PHROGS_1e3d63da)	COMPLETED	0	2026-04-15 14:12:02.362	2.5s	2.2s	310.1%	424.9 MB	1.5 GB	3.4 MB	597.9 KB
1684	bc/187eae	4014787	HHSUITE_SEARCH_BATCH (PHROGS_bc187eae)	COMPLETED	0	2026-04-15 14:12:02.979	1.9s	1.6s	336.2%	433.5 MB	1.4 GB	3.4 MB	76.7 KB
1686	ce/c38320	4014946	HHSUITE_SEARCH_BATCH (ECOD_cec38320)	COMPLETED	0	2026-04-15 14:12:03.161	2s	1.7s	336.5%	442.4 MB	32.5 GB	8 MB	210.5 KB
1682	b4/78c2db	4013729	HHSUITE_SEARCH_BATCH (PFAM_b478c2db)	COMPLETED	0	2026-04-15 14:12:02.291	3s	2.8s	268.4%	482 MB	5.2 GB	1.4 MB	275.1 KB
1690	13/ddbd3a	4015587	HHSUITE_SEARCH_BATCH (PHROGS_13ddbd3a)	COMPLETED	0	2026-04-15 14:12:03.516	1.9s	1.7s	335.4%	426.8 MB	1.4 GB	3.4 MB	126.7 KB
1683	1e/e4bae5	4013700	HHSUITE_SEARCH_BATCH (ECOD_1ee4bae5)	COMPLETED	0	2026-04-15 14:12:02.262	3.3s	3.1s	269.8%	508 MB	32.5 GB	8 MB	661.8 KB
1694	0b/10c49e	4016655	HHSUITE_SEARCH_BATCH (PFAM_0b10c49e)	COMPLETED	0	2026-04-15 14:12:04.091	1.6s	1.3s	327.4%	435.6 MB	5.1 GB	1.4 MB	39.6 KB
1693	4a/90e4ea	4016492	HHSUITE_SEARCH_BATCH (PHROGS_4a90e4ea)	COMPLETED	0	2026-04-15 14:12:04.000	1.7s	1.5s	333.8%	424.2 MB	1.5 GB	3.4 MB	33 KB
1697	8b/0ef35d	4017052	HHSUITE_SEARCH_BATCH (PFAM_8b0ef35d)	COMPLETED	0	2026-04-15 14:12:04.250	1.5s	1.3s	345.9%	433.7 MB	5.2 GB	1.4 MB	118.4 KB
1695	de/a27d12	4016708	HHSUITE_SEARCH_BATCH (ECOD_dea27d12)	COMPLETED	0	2026-04-15 14:12:04.123	1.7s	1.5s	340.5%	444 MB	32.5 GB	8 MB	109.1 KB
1691	3b/3dac09	4016306	HHSUITE_SEARCH_BATCH (PFAM_3b3dac09)	COMPLETED	0	2026-04-15 14:12:03.890	2s	1.7s	282.0%	438.7 MB	5.2 GB	1.4 MB	170.8 KB
1692	cb/4581c5	4015966	HHSUITE_SEARCH_BATCH (ECOD_cb4581c5)	COMPLETED	0	2026-04-15 14:12:03.704	2.2s	2s	278.9%	457.8 MB	32.5 GB	8 MB	211 KB
1696	51/6a39da	4016791	HHSUITE_SEARCH_BATCH (PHROGS_516a39da)	COMPLETED	0	2026-04-15 14:12:04.167	1.8s	1.5s	339.0%	427.1 MB	1.5 GB	3.4 MB	74.8 KB
1687	f8/6d5e5c	4015585	HHSUITE_SEARCH_BATCH (PHROGS_f86d5e5c)	COMPLETED	0	2026-04-15 14:12:03.512	2.5s	1.9s	335.3%	421.7 MB	1.5 GB	3.4 MB	316.2 KB
1689	8f/0d9cc4	4015392	HHSUITE_SEARCH_BATCH (ECOD_8f0d9cc4)	COMPLETED	0	2026-04-15 14:12:03.380	2.8s	2.5s	243.9%	512.2 MB	32.5 GB	8 MB	310.2 KB
1700	a3/9797ec	4017983	HHSUITE_SEARCH_BATCH (PFAM_a39797ec)	COMPLETED	0	2026-04-15 14:12:04.862	1.5s	1.2s	335.4%	3.3 MB	4.4 MB	1.4 MB	62.3 KB
1699	0c/ffa167	4017974	HHSUITE_SEARCH_BATCH (PHROGS_0cffa167)	COMPLETED	0	2026-04-15 14:12:04.858	1.6s	1.3s	355.0%	432.9 MB	1.5 GB	3.4 MB	37.8 KB
1698	c9/495b8c	4017730	HHSUITE_SEARCH_BATCH (ECOD_c9495b8c)	COMPLETED	0	2026-04-15 14:12:04.705	1.9s	1.6s	325.9%	443.7 MB	32.5 GB	8 MB	127.6 KB
1701	5c/e07486	4018413	HHSUITE_SEARCH_BATCH (ECOD_5ce07486)	COMPLETED	0	2026-04-15 14:12:05.128	1.7s	1.4s	334.4%	460.9 MB	32.5 GB	8 MB	31.2 KB
1703	95/62cc7e	4018959	HHSUITE_SEARCH_BATCH (PFAM_9562cc7e)	COMPLETED	0	2026-04-15 14:12:05.437	1.7s	1.4s	332.8%	435.7 MB	5.2 GB	1.4 MB	48.3 KB
1702	a2/7f1cbf	4018685	HHSUITE_SEARCH_BATCH (PHROGS_a27f1cbf)	COMPLETED	0	2026-04-15 14:12:05.314	2s	1.7s	347.8%	426.4 MB	1.5 GB	3.4 MB	39.7 KB
1706	6b/924652	4019414	HHSUITE_SEARCH_BATCH (PFAM_6b924652)	COMPLETED	0	2026-04-15 14:12:05.672	1.8s	1.6s	356.1%	420.5 MB	5.2 GB	1.4 MB	197.8 KB
1709	ee/ab132f	4020055	HHSUITE_SEARCH_BATCH (PFAM_eeab132f)	COMPLETED	0	2026-04-15 14:12:05.902	1.7s	1.5s	343.7%	420.6 MB	5.1 GB	1.4 MB	82 KB
1719	50/95ce5b	4021913	HHSUITE_SEARCH_BATCH (ECOD_5095ce5b)	COMPLETED	0	2026-04-15 14:12:06.845	807ms	460ms	259.4%	3.3 MB	4.4 MB	8 MB	7.2 KB
1704	30/5bde77	4019231	HHSUITE_SEARCH_BATCH (ECOD_305bde77)	COMPLETED	0	2026-04-15 14:12:05.579	2.2s	1.9s	337.2%	446.1 MB	32.5 GB	8 MB	99.4 KB
1708	88/641fa2	4019833	HHSUITE_SEARCH_BATCH (PHROGS_88641fa2)	COMPLETED	0	2026-04-15 14:12:05.834	1.9s	1.7s	334.5%	426.9 MB	1.5 GB	3.4 MB	50 KB
1712	5b/6bc491	4020174	HHSUITE_SEARCH_BATCH (PFAM_5b6bc491)	COMPLETED	0	2026-04-15 14:12:05.942	1.8s	1.6s	333.7%	427.1 MB	5.2 GB	1.4 MB	62 KB
1705	bd/943076	4019510	HHSUITE_SEARCH_BATCH (PHROGS_bd943076)	COMPLETED	0	2026-04-15 14:12:05.737	2.1s	1.9s	349.4%	416.5 MB	1.5 GB	3.4 MB	122.3 KB
1717	69/ac21f9	4022265	HHSUITE_SEARCH_BATCH (PHROGS_69ac21f9)	COMPLETED	0	2026-04-15 14:12:07.123	715ms	396ms	245.1%	3.3 MB	4.4 MB	3.4 MB	10.7 KB
1715	14/15742e	4021370	HHSUITE_SEARCH_BATCH (PFAM_1415742e)	COMPLETED	0	2026-04-15 14:12:06.466	1.5s	1.2s	345.3%	433.4 MB	5.2 GB	1.4 MB	25.4 KB
1711	51/beaeda	4020271	HHSUITE_SEARCH_BATCH (PHROGS_51beaeda)	COMPLETED	0	2026-04-15 14:12:05.969	2s	1.7s	341.4%	422.1 MB	1.5 GB	3.4 MB	54 KB
1710	44/4c223f	4019938	HHSUITE_SEARCH_BATCH (ECOD_444c223f)	COMPLETED	0	2026-04-15 14:12:05.875	2.1s	1.9s	330.0%	427.5 MB	32.5 GB	8 MB	137.1 KB
1716	01/af6bfa	4021193	HHSUITE_SEARCH_BATCH (ECOD_01af6bfa)	COMPLETED	0	2026-04-15 14:12:06.334	1.7s	1.4s	343.4%	451.9 MB	32.5 GB	8 MB	39.4 KB
1718	ed/7c8a6b	4022611	HHSUITE_SEARCH_BATCH (PFAM_ed7c8a6b)	COMPLETED	0	2026-04-15 14:12:07.289	760ms	506ms	209.8%	3.3 MB	4.4 MB	1.4 MB	10.8 KB
1713	3d/4f64f1	4020897	HHSUITE_SEARCH_BATCH (ECOD_3d4f64f1)	COMPLETED	0	2026-04-15 14:12:06.166	2.1s	1.8s	326.8%	426.3 MB	32.5 GB	8 MB	132 KB
1714	eb/e846e1	4021540	HHSUITE_SEARCH_BATCH (PHROGS_ebe846e1)	COMPLETED	0	2026-04-15 14:12:06.588	1.7s	1.4s	332.2%	430.5 MB	1.5 GB	3.4 MB	36.5 KB
1707	dd/260a57	4019585	HHSUITE_SEARCH_BATCH (ECOD_dd260a57)	COMPLETED	0	2026-04-15 14:12:05.760	3.3s	3s	262.8%	518.1 MB	32.5 GB	8 MB	326.5 KB
1727	a2/68befe	4023656	HHSUITE_SEARCH_BATCH (PFAM_a268befe)	COMPLETED	0	2026-04-15 14:12:07.829	1.6s	1.3s	339.1%	436 MB	5.2 GB	1.4 MB	21 KB
1721	ff/de3543	4023129	HHSUITE_SEARCH_BATCH (PFAM_ffde3543)	COMPLETED	0	2026-04-15 14:12:07.637	1.9s	1.6s	327.4%	437.1 MB	5.2 GB	1.4 MB	90.1 KB
1722	e0/26a1cc	4022902	HHSUITE_SEARCH_BATCH (ECOD_e026a1cc)	COMPLETED	0	2026-04-15 14:12:07.509	2.2s	1.9s	344.3%	454.5 MB	32.5 GB	8 MB	208.3 KB
1726	58/5de0f3	4023734	HHSUITE_SEARCH_BATCH (PHROGS_585de0f3)	COMPLETED	0	2026-04-15 14:12:07.842	1.8s	1.6s	351.1%	421.1 MB	1.4 GB	3.4 MB	32.6 KB
1728	a9/b9a1a8	4024139	HHSUITE_SEARCH_BATCH (ECOD_a9b9a1a8)	COMPLETED	0	2026-04-15 14:12:07.931	1.8s	1.5s	348.1%	447.5 MB	32.5 GB	8 MB	18.3 KB
1723	bf/82f020	4023426	HHSUITE_SEARCH_BATCH (PHROGS_bf82f020)	COMPLETED	0	2026-04-15 14:12:07.760	2s	1.8s	340.1%	421.7 MB	1.5 GB	3.4 MB	110.2 KB
1724	94/cac6f7	4023447	HHSUITE_SEARCH_BATCH (PFAM_94cac6f7)	COMPLETED	0	2026-04-15 14:12:07.768	2s	1.8s	318.4%	448.2 MB	5.2 GB	1.4 MB	137.2 KB
1730	d9/e537d7	4024323	HHSUITE_SEARCH_BATCH (PFAM_d9e537d7)	COMPLETED	0	2026-04-15 14:12:07.970	1.8s	1.6s	338.4%	434.8 MB	5.1 GB	1.4 MB	124.7 KB
1720	2d/600275	4023148	HHSUITE_SEARCH_BATCH (PHROGS_2d600275)	COMPLETED	0	2026-04-15 14:12:07.659	2.2s	1.9s	360.8%	405.1 MB	1.5 GB	3.4 MB	69.9 KB
1729	d0/b41b23	4024238	HHSUITE_SEARCH_BATCH (PHROGS_d0b41b23)	COMPLETED	0	2026-04-15 14:12:07.956	1.9s	1.7s	353.1%	427.4 MB	1.5 GB	3.4 MB	138.8 KB
1733	0d/0fa5e0	4025441	HHSUITE_SEARCH_BATCH (PFAM_0d0fa5e0)	COMPLETED	0	2026-04-15 14:12:08.261	1.9s	1.6s	304.0%	434.2 MB	5.1 GB	1.4 MB	62.7 KB
1734	59/aa30b9	4024788	HHSUITE_SEARCH_BATCH (ECOD_59aa30b9)	COMPLETED	0	2026-04-15 14:12:08.053	2.1s	1.9s	312.4%	444.6 MB	32.4 GB	8 MB	108.1 KB
1725	a9/b2b706	4023411	HHSUITE_SEARCH_BATCH (ECOD_a9b2b706)	COMPLETED	0	2026-04-15 14:12:07.756	2.5s	2.2s	296.6%	450.2 MB	32.5 GB	8 MB	269 KB
1732	98/640916	4025500	HHSUITE_SEARCH_BATCH (PHROGS_98640916)	COMPLETED	0	2026-04-15 14:12:08.294	2s	1.7s	322.0%	426.7 MB	1.5 GB	3.4 MB	53.7 KB
1737	89/b740f2	4026059	HHSUITE_SEARCH_BATCH (ECOD_89b740f2)	COMPLETED	0	2026-04-15 14:12:09.064	1.8s	1.4s	322.3%	454.3 MB	32.5 GB	8 MB	98.1 KB
1736	f5/c9f044	4026643	HHSUITE_SEARCH_BATCH (PFAM_f5c9f044)	COMPLETED	0	2026-04-15 14:12:09.410	1.5s	1.2s	332.8%	3.4 MB	4.4 MB	1.4 MB	38.8 KB
1731	44/89308d	4024542	HHSUITE_SEARCH_BATCH (ECOD_4489308d)	COMPLETED	0	2026-04-15 14:12:08.006	3.2s	3s	234.4%	496 MB	32.4 GB	8 MB	228.8 KB
1735	05/4854ee	4026736	HHSUITE_SEARCH_BATCH (PHROGS_054854ee)	COMPLETED	0	2026-04-15 14:12:09.510	1.7s	1.4s	344.9%	429.2 MB	1.5 GB	3.4 MB	29.4 KB
1741	2d/15b380	4027304	HHSUITE_SEARCH_BATCH (PHROGS_2d15b380)	COMPLETED	0	2026-04-15 14:12:09.761	1.5s	1.3s	345.5%	429 MB	1.5 GB	3.4 MB	46.6 KB
1739	16/0fe86f	4027013	HHSUITE_SEARCH_BATCH (PFAM_160fe86f)	COMPLETED	0	2026-04-15 14:12:09.687	1.7s	1.4s	352.1%	428.7 MB	5.2 GB	1.4 MB	53.2 KB
1742	ed/c0d1c8	4027461	HHSUITE_SEARCH_BATCH (PFAM_edc0d1c8)	COMPLETED	0	2026-04-15 14:12:09.794	1.6s	1.4s	350.2%	425.4 MB	5.2 GB	1.4 MB	58.4 KB
1740	8a/3caa70	4027392	HHSUITE_SEARCH_BATCH (ECOD_8a3caa70)	COMPLETED	0	2026-04-15 14:12:09.774	1.7s	1.5s	340.5%	454.2 MB	32.5 GB	8 MB	85.3 KB
1743	1a/c8a93d	4027025	HHSUITE_SEARCH_BATCH (ECOD_1ac8a93d)	COMPLETED	0	2026-04-15 14:12:09.691	1.8s	1.6s	339.8%	447.5 MB	32.5 GB	8 MB	84.3 KB
1745	76/7049fd	4027785	HHSUITE_SEARCH_BATCH (PFAM_767049fd)	COMPLETED	0	2026-04-15 14:12:09.875	1.6s	1.4s	287.7%	435.2 MB	5.2 GB	1.4 MB	58.3 KB
1738	7f/ef7d91	4026946	HHSUITE_SEARCH_BATCH (PHROGS_7fef7d91)	COMPLETED	0	2026-04-15 14:12:09.664	1.8s	1.6s	351.0%	421.1 MB	1.5 GB	3.4 MB	49.6 KB
1744	fe/03f50f	4027582	HHSUITE_SEARCH_BATCH (PHROGS_fe03f50f)	COMPLETED	0	2026-04-15 14:12:09.833	1.7s	1.5s	326.7%	421.1 MB	1.5 GB	3.4 MB	46 KB
1748	e4/082107	4028595	HHSUITE_SEARCH_BATCH (PFAM_e4082107)	COMPLETED	0	2026-04-15 14:12:10.177	1.4s	1.1s	341.9%	3.3 MB	4.4 MB	1.4 MB	32.1 KB
1746	d9/47c5c2	4028530	HHSUITE_SEARCH_BATCH (ECOD_d947c5c2)	COMPLETED	0	2026-04-15 14:12:10.115	1.6s	1.4s	334.2%	451.6 MB	32.5 GB	8 MB	83.3 KB
1964	2f/893170	4030887	UNPACK_HHR (unpack_PHROGS_1e592714)	COMPLETED	0	2026-04-15 14:12:11.493	284ms	47ms	62.4%	3.4 MB	4.4 MB	99.8 KB	501.3 KB
1749	5d/0b8a19	4028775	HHSUITE_SEARCH_BATCH (ECOD_5d0b8a19)	COMPLETED	0	2026-04-15 14:12:10.286	1.5s	1.3s	340.1%	448.1 MB	32.4 GB	8 MB	45.5 KB
1747	74/def681	4028709	HHSUITE_SEARCH_BATCH (PHROGS_74def681)	COMPLETED	0	2026-04-15 14:12:10.246	1.6s	1.3s	330.6%	429.6 MB	1.5 GB	3.4 MB	31.2 KB
1751	5e/08aa4f	4029433	HHSUITE_SEARCH_BATCH (PFAM_5e08aa4f)	COMPLETED	0	2026-04-15 14:12:10.873	1.5s	1.2s	326.1%	3.3 MB	4.4 MB	1.4 MB	56.4 KB
1750	60/65136d	4029368	HHSUITE_SEARCH_BATCH (PHROGS_6065136d)	COMPLETED	0	2026-04-15 14:12:10.819	1.9s	1.6s	308.5%	433.3 MB	1.4 GB	3.4 MB	51.1 KB
1754	5c/0c1d61	4030126	HHSUITE_SEARCH_BATCH (PFAM_5c0c1d61)	COMPLETED	0	2026-04-15 14:12:11.204	1.6s	1.4s	289.5%	432.9 MB	5.2 GB	1.4 MB	82 KB
1753	a8/526f94	4030250	HHSUITE_SEARCH_BATCH (PHROGS_a8526f94)	COMPLETED	0	2026-04-15 14:12:11.276	1.8s	1.5s	332.9%	424.8 MB	1.5 GB	3.4 MB	50.9 KB
1752	cd/783818	4030123	HHSUITE_SEARCH_BATCH (ECOD_cd783818)	COMPLETED	0	2026-04-15 14:12:11.200	1.9s	1.6s	336.2%	456 MB	32.5 GB	8 MB	223.4 KB
1755	24/e8421f	4030391	HHSUITE_SEARCH_BATCH (ECOD_24e8421f)	COMPLETED	0	2026-04-15 14:12:11.352	1.8s	1.6s	339.1%	442.4 MB	32.5 GB	8 MB	106.8 KB
1760	53/7417b0	4031398	HHSUITE_SEARCH_BATCH (PFAM_537417b0)	COMPLETED	0	2026-04-15 14:12:11.577	1.6s	1.4s	358.3%	416.2 MB	5.2 GB	1.4 MB	159.4 KB
1756	62/6e8404	4030687	HHSUITE_SEARCH_BATCH (PHROGS_626e8404)	COMPLETED	0	2026-04-15 14:12:11.443	1.8s	1.6s	340.7%	421.5 MB	1.5 GB	3.4 MB	41.9 KB
1758	c8/7f0d14	4030865	HHSUITE_SEARCH_BATCH (ECOD_c87f0d14)	COMPLETED	0	2026-04-15 14:12:11.489	1.8s	1.6s	337.7%	440.4 MB	32.5 GB	8 MB	80 KB
1757	44/787bf7	4030861	HHSUITE_SEARCH_BATCH (PFAM_44787bf7)	COMPLETED	0	2026-04-15 14:12:11.485	1.8s	1.6s	339.6%	427.9 MB	5.2 GB	1.4 MB	53.9 KB
1763	bd/7210ff	4032265	HHSUITE_SEARCH_BATCH (PFAM_bd7210ff)	COMPLETED	0	2026-04-15 14:12:11.781	1.6s	1.3s	354.3%	430.6 MB	5.2 GB	1.4 MB	113.7 KB
1759	3c/c995cb	4030916	HHSUITE_SEARCH_BATCH (PHROGS_3cc995cb)	COMPLETED	0	2026-04-15 14:12:11.498	1.9s	1.7s	339.2%	420.8 MB	1.5 GB	3.4 MB	66.9 KB
1765	11/0f5652	4032444	HHSUITE_SEARCH_BATCH (PHROGS_110f5652)	COMPLETED	0	2026-04-15 14:12:11.843	1.6s	1.3s	325.5%	430.4 MB	1.5 GB	3.4 MB	40.2 KB
1761	62/389a41	4031167	HHSUITE_SEARCH_BATCH (ECOD_62389a41)	COMPLETED	0	2026-04-15 14:12:11.537	2s	1.7s	339.2%	420.7 MB	32.5 GB	8 MB	190 KB
1762	07/94cbda	4032159	HHSUITE_SEARCH_BATCH (PHROGS_0794cbda)	COMPLETED	0	2026-04-15 14:12:11.745	1.8s	1.6s	335.1%	423.3 MB	1.4 GB	3.4 MB	47.6 KB
1764	da/8b0e52	4032437	HHSUITE_SEARCH_BATCH (ECOD_da8b0e52)	COMPLETED	0	2026-04-15 14:12:11.839	1.9s	1.6s	335.2%	452.2 MB	32.5 GB	8 MB	126.2 KB
1766	c1/64e331	4033446	HHSUITE_SEARCH_BATCH (PFAM_c164e331)	COMPLETED	0	2026-04-15 14:12:12.702	1.4s	1s	316.1%	3.4 MB	4.4 MB	1.4 MB	89.2 KB
1767	17/88e05f	4033113	HHSUITE_SEARCH_BATCH (ECOD_1788e05f)	COMPLETED	0	2026-04-15 14:12:12.426	1.9s	1.6s	318.2%	454.2 MB	32.5 GB	8 MB	99.4 KB
1769	26/453ab2	4033740	HHSUITE_SEARCH_BATCH (PFAM_26453ab2)	COMPLETED	0	2026-04-15 14:12:12.831	1.5s	1.2s	266.6%	431.3 MB	5.2 GB	1.4 MB	45 KB
1768	f9/268ee7	4034137	HHSUITE_SEARCH_BATCH (PHROGS_f9268ee7)	COMPLETED	0	2026-04-15 14:12:13.069	1.4s	1.2s	342.7%	428 MB	1.5 GB	3.4 MB	35.8 KB
1775	0e/bba222	4034551	HHSUITE_SEARCH_BATCH (PFAM_0ebba222)	COMPLETED	0	2026-04-15 14:12:13.244	1.6s	1.4s	311.2%	428.5 MB	5.2 GB	1.4 MB	114.8 KB
1774	1f/94d811	4034513	HHSUITE_SEARCH_BATCH (PHROGS_1f94d811)	COMPLETED	0	2026-04-15 14:12:13.230	1.6s	1.4s	351.9%	419.9 MB	1.5 GB	3.4 MB	83.3 KB
1778	87/d9604e	4035448	HHSUITE_SEARCH_BATCH (PFAM_87d9604e)	COMPLETED	0	2026-04-15 14:12:13.445	1.5s	1.2s	325.5%	440.8 MB	5.2 GB	1.4 MB	105 KB
1771	03/1930fa	4034450	HHSUITE_SEARCH_BATCH (PHROGS_031930fa)	COMPLETED	0	2026-04-15 14:12:13.193	1.8s	1.5s	298.2%	425.6 MB	1.5 GB	3.4 MB	67.5 KB
1777	81/a08846	4035367	HHSUITE_SEARCH_BATCH (PHROGS_81a08846)	COMPLETED	0	2026-04-15 14:12:13.422	1.6s	1.3s	331.4%	433.4 MB	1.5 GB	3.4 MB	141.8 KB
1782	80/a93544	4035977	HHSUITE_SEARCH_BATCH (ECOD_80a93544)	COMPLETED	0	2026-04-15 14:12:13.563	1.5s	1.2s	336.7%	459.8 MB	32.5 GB	8 MB	21.8 KB
1776	4f/5e8c13	4035056	HHSUITE_SEARCH_BATCH (ECOD_4f5e8c13)	COMPLETED	0	2026-04-15 14:12:13.337	1.8s	1.5s	337.1%	460.8 MB	32.5 GB	8 MB	152.6 KB
1787	a8/f1ec71	4037954	UNPACK_HHR (unpack_PHROGS_a05e3f77)	COMPLETED	0	2026-04-15 14:12:14.861	290ms	25ms	50.1%	3.3 MB	4.4 MB	99.7 KB	358.3 KB
1786	7c/fc1d1b	4037927	UNPACK_HHR (unpack_PFAM_8e8d8e80)	COMPLETED	0	2026-04-15 14:12:14.848	316ms	73ms	45.5%	5 MB	7.1 MB	99.7 KB	224.5 KB
1779	79/822511	4035858	HHSUITE_SEARCH_BATCH (ECOD_79822511)	COMPLETED	0	2026-04-15 14:12:13.530	1.7s	1.4s	318.8%	457.6 MB	32.4 GB	8 MB	106.5 KB
1788	c1/b1456f	4038068	UNPACK_HHR (unpack_PHROGS_8e8d8e80)	COMPLETED	0	2026-04-15 14:12:14.902	328ms	89ms	19.4%	4.9 MB	7.2 MB	99.7 KB	316.1 KB
1780	8b/d21bb2	4036267	HHSUITE_SEARCH_BATCH (PHROGS_8bd21bb2)	COMPLETED	0	2026-04-15 14:12:13.701	1.6s	1.3s	324.5%	429.9 MB	1.5 GB	3.4 MB	34.4 KB
1790	cf/93bdc5	4038247	UNPACK_HHR (unpack_PHROGS_b5f30ae3)	COMPLETED	0	2026-04-15 14:12:14.966	346ms	108ms	24.2%	4.9 MB	7.4 MB	99.8 KB	490.9 KB
1781	ea/ca7336	4036692	HHSUITE_SEARCH_BATCH (PFAM_eaca7336)	COMPLETED	0	2026-04-15 14:12:14.150	1.2s	881ms	343.5%	3.4 MB	4.4 MB	1.4 MB	25.7 KB
1792	2a/10604d	4038386	UNPACK_HHR (unpack_ECOD_0694604d)	COMPLETED	0	2026-04-15 14:12:15.032	304ms	39ms	56.4%	3.3 MB	4.4 MB	99.7 KB	1.1 MB
1791	9d/debcf0	4038333	UNPACK_HHR (unpack_PHROGS_a631fafa)	COMPLETED	0	2026-04-15 14:12:15.006	332ms	30ms	63.8%	3.4 MB	4.4 MB	99.8 KB	705.7 KB
1793	ff/3d9a4c	4038709	UNPACK_HHR (unpack_ECOD_8e8d8e80)	COMPLETED	0	2026-04-15 14:12:15.114	346ms	103ms	42.6%	4.8 MB	7.7 MB	99.7 KB	833.6 KB
1794	3c/2358da	4038878	UNPACK_HHR (unpack_ECOD_b5f30ae3)	COMPLETED	0	2026-04-15 14:12:15.155	305ms	37ms	58.8%	3.4 MB	4.4 MB	99.7 KB	1.4 MB
1795	8b/0a4d9a	4038931	UNPACK_HHR (unpack_PFAM_a34bb527)	COMPLETED	0	2026-04-15 14:12:15.168	305ms	71ms	23.2%	4.7 MB	7.1 MB	99.7 KB	258.6 KB
1797	11/12011a	4039200	UNPACK_HHR (unpack_PHROGS_a34bb527)	COMPLETED	0	2026-04-15 14:12:15.234	281ms	29ms	65.8%	3.3 MB	4.4 MB	99.8 KB	733.6 KB
1796	15/575c69	4039153	UNPACK_HHR (unpack_PFAM_a631fafa)	COMPLETED	0	2026-04-15 14:12:15.219	299ms	29ms	88.7%	3.3 MB	4.4 MB	99.7 KB	466 KB
1783	c3/051b26	4036822	HHSUITE_SEARCH_BATCH (PHROGS_c3051b26)	COMPLETED	0	2026-04-15 14:12:14.289	1.3s	1.1s	329.0%	3.4 MB	4.4 MB	3.4 MB	33 KB
1799	fd/6d2b72	4039601	UNPACK_HHR (unpack_PFAM_30c37dc6)	COMPLETED	0	2026-04-15 14:12:15.316	284ms	57ms	57.7%	4.8 MB	7.6 MB	99.7 KB	788.2 KB
1802	7d/35f289	4039715	UNPACK_HHR (unpack_PHROGS_219a0e80)	COMPLETED	0	2026-04-15 14:12:15.342	268ms	25ms	103.4%	3.4 MB	4.4 MB	99.8 KB	546 KB
1784	de/a4e213	4037289	HHSUITE_SEARCH_BATCH (PFAM_dea4e213)	COMPLETED	0	2026-04-15 14:12:14.514	1.1s	837ms	329.2%	3.4 MB	4.4 MB	1.4 MB	31.2 KB
1798	21/cc8b8e	4039578	UNPACK_HHR (unpack_PHROGS_30c37dc6)	COMPLETED	0	2026-04-15 14:12:15.310	351ms	122ms	22.7%	4.9 MB	8.1 MB	99.8 KB	1.2 MB
1801	8d/dd397d	4039700	UNPACK_HHR (unpack_PFAM_219a0e80)	COMPLETED	0	2026-04-15 14:12:15.339	330ms	106ms	26.1%	4.8 MB	7.2 MB	99.7 KB	279.7 KB
1800	ce/3d0ed9	4039646	UNPACK_HHR (unpack_ECOD_a34bb527)	COMPLETED	0	2026-04-15 14:12:15.325	375ms	147ms	19.4%	4.8 MB	8.1 MB	99.8 KB	1.2 MB
1785	c3/63aec9	4036957	HHSUITE_SEARCH_BATCH (ECOD_c363aec9)	COMPLETED	0	2026-04-15 14:12:14.368	1.3s	1.1s	325.5%	3.3 MB	4.4 MB	8 MB	19.8 KB
1804	68/929576	4040464	UNPACK_HHR (unpack_ECOD_219a0e80)	COMPLETED	0	2026-04-15 14:12:15.466	274ms	28ms	97.8%	3.3 MB	4.4 MB	99.7 KB	846.1 KB
1806	e6/2e71b8	4040768	UNPACK_HHR (unpack_PHROGS_e0adb26f)	COMPLETED	0	2026-04-15 14:12:15.518	269ms	28ms	94.1%	3.4 MB	4.4 MB	99.8 KB	1010.8 KB
1827	08/33eeb5	4040786	UNPACK_HHR (unpack_PHROGS_052b5da9)	COMPLETED	0	2026-04-15 14:12:15.521	267ms	28ms	49.5%	3.3 MB	4.4 MB	99.8 KB	1.8 MB
1805	cf/ac6aba	4040527	UNPACK_HHR (unpack_ECOD_a631fafa)	COMPLETED	0	2026-04-15 14:12:15.476	340ms	120ms	23.2%	5 MB	9 MB	99.7 KB	2.1 MB
1803	65/dd5893	4040451	UNPACK_HHR (unpack_PFAM_e0adb26f)	COMPLETED	0	2026-04-15 14:12:15.463	385ms	157ms	18.4%	4.8 MB	7.5 MB	99.7 KB	602.5 KB
1808	fa/7d4845	4041379	UNPACK_HHR (unpack_PHROGS_0f272dec)	COMPLETED	0	2026-04-15 14:12:15.603	275ms	26ms	72.3%	3.3 MB	4.4 MB	99.8 KB	673 KB
1809	8b/c47553	4041416	UNPACK_HHR (unpack_PFAM_0f272dec)	COMPLETED	0	2026-04-15 14:12:15.613	268ms	35ms	43.1%	3.3 MB	4.4 MB	99.7 KB	361.1 KB
1807	42/75ba31	4041330	UNPACK_HHR (unpack_PFAM_4e47d3db)	COMPLETED	0	2026-04-15 14:12:15.591	293ms	69ms	49.8%	4.9 MB	7.3 MB	99.7 KB	411 KB
1810	50/6ff9f8	4041468	UNPACK_HHR (unpack_ECOD_e0adb26f)	COMPLETED	0	2026-04-15 14:12:15.626	279ms	31ms	65.8%	3.3 MB	4.4 MB	99.8 KB	2.7 MB
1812	4b/e35735	4041837	UNPACK_HHR (unpack_ECOD_4e47d3db)	COMPLETED	0	2026-04-15 14:12:15.672	282ms	56ms	43.3%	5.4 MB	8.5 MB	99.7 KB	1.6 MB
1815	15/aa4b3d	4042471	UNPACK_HHR (unpack_PFAM_fe091393)	COMPLETED	0	2026-04-15 14:12:15.744	265ms	41ms	74.4%	3.4 MB	4.4 MB	99.7 KB	463.7 KB
1811	a5/6c8ce9	4041763	UNPACK_HHR (unpack_ECOD_0f272dec)	COMPLETED	0	2026-04-15 14:12:15.665	348ms	128ms	22.1%	4.9 MB	9.1 MB	99.8 KB	2.3 MB
1816	b5/903077	4042783	UNPACK_HHR (unpack_ECOD_fe091393)	COMPLETED	0	2026-04-15 14:12:15.790	265ms	40ms	57.4%	3.4 MB	4.4 MB	99.8 KB	1.9 MB
1814	f4/12e86f	4042308	UNPACK_HHR (unpack_ECOD_30c37dc6)	COMPLETED	0	2026-04-15 14:12:15.721	338ms	114ms	24.2%	5.5 MB	10.6 MB	99.8 KB	3.8 MB
1818	99/8020f1	4042969	UNPACK_HHR (unpack_PHROGS_4e47d3db)	COMPLETED	0	2026-04-15 14:12:15.819	269ms	24ms	53.3%	3.3 MB	4.4 MB	99.8 KB	1008.4 KB
1817	eb/d59913	4042795	UNPACK_HHR (unpack_PHROGS_fe091393)	COMPLETED	0	2026-04-15 14:12:15.792	307ms	76ms	34.4%	5 MB	8.2 MB	99.8 KB	1.4 MB
1813	9f/c2e840	4042168	UNPACK_HHR (unpack_PHROGS_04d86e0a)	COMPLETED	0	2026-04-15 14:12:15.703	436ms	216ms	18.3%	4.9 MB	8.8 MB	99.8 KB	2 MB
1820	15/50c5a2	4043507	UNPACK_HHR (unpack_PFAM_052b5da9)	COMPLETED	0	2026-04-15 14:12:15.881	278ms	27ms	48.0%	3.4 MB	4.4 MB	99.7 KB	595.6 KB
1821	d9/4fe0eb	4043527	UNPACK_HHR (unpack_PHROGS_7ee39b46)	COMPLETED	0	2026-04-15 14:12:15.884	275ms	27ms	98.2%	3.4 MB	4.4 MB	99.8 KB	1.3 MB
1770	e4/9693b0	4034086	HHSUITE_SEARCH_BATCH (ECOD_e49693b0)	COMPLETED	0	2026-04-15 14:12:13.035	3.1s	2.9s	207.2%	492.7 MB	32.5 GB	8 MB	156.3 KB
1819	57/ca5ced	4043263	UNPACK_HHR (unpack_PFAM_7ee39b46)	COMPLETED	0	2026-04-15 14:12:15.851	325ms	101ms	36.5%	4.7 MB	7.2 MB	99.7 KB	331.5 KB
1823	1c/042209	4043703	UNPACK_HHR (unpack_PHROGS_3d603a34)	COMPLETED	0	2026-04-15 14:12:15.908	274ms	27ms	68.7%	3.3 MB	4.4 MB	99.8 KB	1 MB
1824	9f/174d0d	4044063	UNPACK_HHR (unpack_ECOD_7ee39b46)	COMPLETED	0	2026-04-15 14:12:15.957	281ms	33ms	87.5%	3.4 MB	4.4 MB	99.7 KB	1.8 MB
1825	4b/ff741e	4044446	UNPACK_HHR (unpack_PFAM_e5a95a19)	COMPLETED	0	2026-04-15 14:12:16.012	269ms	36ms	61.6%	3.3 MB	4.4 MB	99.7 KB	514.8 KB
2179	0f/f74bb6	4044457	UNPACK_HHR (unpack_PHROGS_0694604d)	COMPLETED	0	2026-04-15 14:12:16.015	269ms	32ms	66.8%	3.4 MB	4.4 MB	99.7 KB	261 KB
2154	4e/17e2fc	4044790	UNPACK_HHR (unpack_PFAM_d56513e7)	COMPLETED	0	2026-04-15 14:12:16.061	270ms	26ms	97.2%	3.3 MB	4.4 MB	99.7 KB	204.9 KB
1826	70/1a3cbf	4044767	UNPACK_HHR (unpack_PFAM_3d603a34)	COMPLETED	0	2026-04-15 14:12:16.058	364ms	140ms	13.4%	4.9 MB	7.6 MB	99.7 KB	755.7 KB
1822	52/d738b8	4043542	UNPACK_HHR (unpack_ECOD_052b5da9)	COMPLETED	0	2026-04-15 14:12:15.886	536ms	219ms	13.5%	4.9 MB	9.2 MB	99.8 KB	2.3 MB
1832	dc/bf78ab	4045589	UNPACK_HHR (unpack_PFAM_9dcc6a81)	COMPLETED	0	2026-04-15 14:12:16.166	271ms	28ms	47.7%	3.3 MB	4.4 MB	99.8 KB	965.2 KB
1831	6a/ec5da6	4045579	UNPACK_HHR (unpack_PHROGS_e5a95a19)	COMPLETED	0	2026-04-15 14:12:16.163	274ms	28ms	93.8%	3.3 MB	4.4 MB	99.8 KB	2 MB
1834	d3/60e4a0	4045679	UNPACK_HHR (unpack_ECOD_e5a95a19)	COMPLETED	0	2026-04-15 14:12:16.179	275ms	28ms	70.8%	3.3 MB	4.4 MB	99.8 KB	2.4 MB
1835	ac/f62ce8	4045719	UNPACK_HHR (unpack_PFAM_e98ff9b2)	COMPLETED	0	2026-04-15 14:12:16.184	276ms	26ms	49.2%	3.4 MB	4.4 MB	99.7 KB	905.8 KB
1833	4c/f8db6d	4045610	UNPACK_HHR (unpack_PFAM_70e38dd0)	COMPLETED	0	2026-04-15 14:12:16.170	333ms	111ms	24.7%	4.8 MB	7.4 MB	99.7 KB	563.2 KB
1836	ae/eb9f7f	4046187	UNPACK_HHR (unpack_PHROGS_e98ff9b2)	COMPLETED	0	2026-04-15 14:12:16.242	269ms	26ms	75.8%	3.3 MB	4.4 MB	99.8 KB	1.6 MB
1837	2d/d42f65	4046543	UNPACK_HHR (unpack_PFAM_c578f2cc)	COMPLETED	0	2026-04-15 14:12:16.284	284ms	27ms	48.8%	3.3 MB	4.4 MB	99.7 KB	463.3 KB
1838	c8/071b0d	4046570	UNPACK_HHR (unpack_PHROGS_70e38dd0)	COMPLETED	0	2026-04-15 14:12:16.287	291ms	27ms	47.8%	3.3 MB	4.4 MB	99.8 KB	1 MB
1839	c8/e9370f	4046905	UNPACK_HHR (unpack_PHROGS_c578f2cc)	COMPLETED	0	2026-04-15 14:12:16.335	272ms	30ms	90.0%	3.4 MB	4.4 MB	99.8 KB	976.7 KB
1841	5e/9b5367	4047587	UNPACK_HHR (unpack_PFAM_a8410d1b)	COMPLETED	0	2026-04-15 14:12:16.428	276ms	37ms	57.1%	3.4 MB	4.4 MB	99.7 KB	408 KB
1840	09/85b4de	4047582	UNPACK_HHR (unpack_ECOD_70e38dd0)	COMPLETED	0	2026-04-15 14:12:16.425	279ms	30ms	64.4%	3.3 MB	4.4 MB	99.8 KB	2.9 MB
1844	0a/19bc48	4047718	UNPACK_HHR (unpack_ECOD_c578f2cc)	COMPLETED	0	2026-04-15 14:12:16.457	278ms	28ms	44.7%	3.3 MB	4.4 MB	99.8 KB	2.1 MB
1845	7a/c689f3	4047754	UNPACK_HHR (unpack_ECOD_9dcc6a81)	COMPLETED	0	2026-04-15 14:12:16.462	289ms	43ms	53.0%	3.3 MB	4.4 MB	99.8 KB	3.8 MB
1843	08/04de32	4047676	UNPACK_HHR (unpack_PHROGS_a8410d1b)	COMPLETED	0	2026-04-15 14:12:16.449	344ms	125ms	14.9%	5 MB	7.6 MB	99.8 KB	782.4 KB
1847	fc/100459	4048145	UNPACK_HHR (unpack_PHROGS_a5cedb3e)	COMPLETED	0	2026-04-15 14:12:16.514	329ms	102ms	17.7%	4.7 MB	7.6 MB	99.8 KB	688.5 KB
1842	04/aa8cf3	4047644	UNPACK_HHR (unpack_PHROGS_9dcc6a81)	COMPLETED	0	2026-04-15 14:12:16.440	416ms	169ms	22.8%	5 MB	8.1 MB	99.8 KB	1.3 MB
1849	66/39e4b2	4048554	UNPACK_HHR (unpack_PFAM_8ff6b0b1)	COMPLETED	0	2026-04-15 14:12:16.581	280ms	25ms	77.1%	3.2 MB	4.4 MB	99.7 KB	635.4 KB
1848	97/6c4f43	4048503	UNPACK_HHR (unpack_PFAM_a5cedb3e)	COMPLETED	0	2026-04-15 14:12:16.571	330ms	85ms	20.8%	4.9 MB	7.3 MB	99.7 KB	430.8 KB
1850	37/ae009f	4048702	UNPACK_HHR (unpack_PHROGS_db4a629d)	COMPLETED	0	2026-04-15 14:12:16.610	307ms	29ms	68.3%	3.4 MB	4.4 MB	99.8 KB	1.1 MB
1846	b5/550fe1	4048062	UNPACK_HHR (unpack_ECOD_3d603a34)	COMPLETED	0	2026-04-15 14:12:16.506	420ms	188ms	15.2%	4.8 MB	10.5 MB	99.8 KB	3.6 MB
1772	fb/c66613	4034907	HHSUITE_SEARCH_BATCH (PFAM_fbc66613)	COMPLETED	0	2026-04-15 14:12:13.306	3.6s	3.4s	159.5%	483.5 MB	5.2 GB	1.4 MB	129.6 KB
1852	12/5453a7	4049432	UNPACK_HHR (unpack_PHROGS_8ff6b0b1)	COMPLETED	0	2026-04-15 14:12:16.710	279ms	27ms	97.6%	3.3 MB	4.4 MB	99.8 KB	1 MB
1854	b1/fdf226	4049721	UNPACK_HHR (unpack_ECOD_a8410d1b)	COMPLETED	0	2026-04-15 14:12:16.754	277ms	32ms	65.2%	3.4 MB	4.4 MB	99.8 KB	2.4 MB
1851	e9/6141c6	4049418	UNPACK_HHR (unpack_PFAM_543b3ebb)	COMPLETED	0	2026-04-15 14:12:16.707	386ms	118ms	23.1%	5 MB	7.7 MB	99.7 KB	823.1 KB
1856	71/0018fb	4050256	UNPACK_HHR (unpack_PFAM_19c6d59c)	COMPLETED	0	2026-04-15 14:12:16.847	292ms	64ms	38.3%	4.8 MB	7.3 MB	99.7 KB	477.9 KB
2589	12/330210	4050334	UNPACK_HHR (unpack_PFAM_5a79f44f)	COMPLETED	0	2026-04-15 14:12:16.864	280ms	54ms	71.7%	3.1 MB	4.4 MB	99.7 KB	210.5 KB
1857	10/a85fa8	4050321	UNPACK_HHR (unpack_PFAM_4f41abcc)	COMPLETED	0	2026-04-15 14:12:16.860	284ms	55ms	70.0%	3.3 MB	4.4 MB	99.7 KB	901.5 KB
1853	b3/4f3ded	4049609	UNPACK_HHR (unpack_PFAM_db4a629d)	COMPLETED	0	2026-04-15 14:12:16.738	449ms	208ms	13.9%	4.9 MB	7.9 MB	99.8 KB	1011.3 KB
1858	a0/aefdf8	4050551	UNPACK_HHR (unpack_ECOD_8ff6b0b1)	COMPLETED	0	2026-04-15 14:12:16.904	301ms	29ms	96.0%	3.3 MB	4.4 MB	99.7 KB	2.3 MB
1859	e4/0e7efd	4050631	UNPACK_HHR (unpack_PHROGS_19c6d59c)	COMPLETED	0	2026-04-15 14:12:16.920	296ms	27ms	73.4%	3.4 MB	4.4 MB	99.8 KB	934.3 KB
1855	5b/461755	4049956	UNPACK_HHR (unpack_ECOD_e98ff9b2)	COMPLETED	0	2026-04-15 14:12:16.796	452ms	211ms	13.8%	4.8 MB	10.8 MB	99.8 KB	3.9 MB
1860	54/9142ef	4050695	UNPACK_HHR (unpack_PHROGS_51a2b699)	COMPLETED	0	2026-04-15 14:12:16.929	322ms	64ms	51.4%	5.5 MB	8 MB	99.8 KB	1.1 MB
1862	9b/a40a12	4051186	UNPACK_HHR (unpack_ECOD_db4a629d)	COMPLETED	0	2026-04-15 14:12:16.992	299ms	32ms	82.1%	3.4 MB	4.4 MB	99.8 KB	3.2 MB
1863	3e/edc0aa	4051446	UNPACK_HHR (unpack_ECOD_a5cedb3e)	COMPLETED	0	2026-04-15 14:12:17.034	315ms	45ms	49.0%	6.5 MB	8.6 MB	99.7 KB	1.7 MB
1864	80/3fd0cc	4051721	UNPACK_HHR (unpack_PFAM_58d38ba4)	COMPLETED	0	2026-04-15 14:12:17.097	307ms	77ms	33.3%	4.8 MB	7.2 MB	99.7 KB	316 KB
1865	05/d15f23	4051976	UNPACK_HHR (unpack_PHROGS_4f41abcc)	COMPLETED	0	2026-04-15 14:12:17.143	284ms	30ms	66.9%	3.2 MB	4.4 MB	99.8 KB	1.5 MB
2426	2b/fb2fee	4052026	UNPACK_HHR (unpack_PHROGS_ea03ef62)	COMPLETED	0	2026-04-15 14:12:17.150	284ms	28ms	45.1%	3.3 MB	4.4 MB	99.7 KB	345.3 KB
2425	a2/bf2828	4052005	UNPACK_HHR (unpack_PFAM_fe34fc4e)	COMPLETED	0	2026-04-15 14:12:17.147	292ms	28ms	67.4%	3.3 MB	4.4 MB	99.7 KB	198.1 KB
1861	54/e0997c	4050721	UNPACK_HHR (unpack_PHROGS_58d38ba4)	COMPLETED	0	2026-04-15 14:12:16.932	525ms	282ms	14.0%	4.7 MB	7.9 MB	99.8 KB	1004.3 KB
1866	24/0f6719	4052324	UNPACK_HHR (unpack_PFAM_51a2b699)	COMPLETED	0	2026-04-15 14:12:17.190	277ms	26ms	74.6%	3.3 MB	4.4 MB	99.7 KB	962.5 KB
1870	f7/193c05	4052701	UNPACK_HHR (unpack_PHROGS_355d9111)	COMPLETED	0	2026-04-15 14:12:17.254	276ms	25ms	51.3%	3.3 MB	4.4 MB	99.8 KB	673.5 KB
1867	69/9600c3	4052421	UNPACK_HHR (unpack_PHROGS_543b3ebb)	COMPLETED	0	2026-04-15 14:12:17.208	401ms	163ms	23.1%	4.8 MB	8.8 MB	99.8 KB	1.9 MB
1868	87/b59ce5	4052469	UNPACK_HHR (unpack_ECOD_543b3ebb)	COMPLETED	0	2026-04-15 14:12:17.218	404ms	160ms	23.5%	4.8 MB	10.2 MB	99.8 KB	3.3 MB
1869	0d/b83fcb	4052686	UNPACK_HHR (unpack_ECOD_19c6d59c)	COMPLETED	0	2026-04-15 14:12:17.251	377ms	145ms	19.6%	4.8 MB	8.9 MB	99.7 KB	2 MB
1873	93/9ae026	4053757	UNPACK_HHR (unpack_PFAM_0e22c330)	COMPLETED	0	2026-04-15 14:12:17.408	287ms	25ms	102.9%	3.4 MB	4.4 MB	99.7 KB	519.4 KB
1875	3c/d9b1ca	4053981	UNPACK_HHR (unpack_PHROGS_11079a18)	COMPLETED	0	2026-04-15 14:12:17.437	272ms	26ms	97.2%	3.4 MB	4.4 MB	99.8 KB	498.6 KB
2087	e1/1d701b	4054021	UNPACK_HHR (unpack_PFAM_714b7e8e)	COMPLETED	0	2026-04-15 14:12:17.442	281ms	26ms	72.5%	3.3 MB	4.4 MB	99.7 KB	202 KB
1876	83/1f8972	4054140	UNPACK_HHR (unpack_ECOD_4f41abcc)	COMPLETED	0	2026-04-15 14:12:17.461	286ms	54ms	74.6%	7.6 MB	10.3 MB	99.8 KB	3.4 MB
1877	81/4d4724	4054226	UNPACK_HHR (unpack_ECOD_58d38ba4)	COMPLETED	0	2026-04-15 14:12:17.471	277ms	30ms	88.4%	3.3 MB	4.4 MB	99.8 KB	2.3 MB
1874	92/bba6d5	4053932	UNPACK_HHR (unpack_PFAM_11079a18)	COMPLETED	0	2026-04-15 14:12:17.431	317ms	92ms	38.8%	4.9 MB	7.3 MB	99.7 KB	408.1 KB
1872	68/8e4def	4053330	UNPACK_HHR (unpack_PHROGS_0e22c330)	COMPLETED	0	2026-04-15 14:12:17.353	471ms	27ms	68.2%	3.3 MB	4.4 MB	99.8 KB	961.6 KB
1879	8a/7c0c06	4055063	UNPACK_HHR (unpack_PFAM_ce70d047)	COMPLETED	0	2026-04-15 14:12:17.613	278ms	28ms	45.9%	3.3 MB	4.4 MB	99.7 KB	685.8 KB
1881	17/ffd114	4055181	UNPACK_HHR (unpack_ECOD_0e22c330)	COMPLETED	0	2026-04-15 14:12:17.632	266ms	28ms	74.9%	3.3 MB	4.4 MB	99.7 KB	1.9 MB
1880	7f/9858e2	4055155	UNPACK_HHR (unpack_ECOD_355d9111)	COMPLETED	0	2026-04-15 14:12:17.625	273ms	27ms	67.4%	3.4 MB	4.4 MB	99.7 KB	1.3 MB
1878	16/fe1523	4054669	UNPACK_HHR (unpack_PHROGS_ce70d047)	COMPLETED	0	2026-04-15 14:12:17.533	384ms	157ms	17.8%	4.8 MB	8 MB	99.8 KB	1.1 MB
1871	f5/9f3f31	4052920	UNPACK_HHR (unpack_PFAM_355d9111)	COMPLETED	0	2026-04-15 14:12:17.294	628ms	116ms	23.5%	4.9 MB	7.3 MB	99.7 KB	388.3 KB
1882	b9/4b4061	4055672	UNPACK_HHR (unpack_PFAM_184b2540)	COMPLETED	0	2026-04-15 14:12:17.699	283ms	32ms	64.1%	3.4 MB	4.4 MB	99.7 KB	508.9 KB
1883	42/4d66f1	4055771	UNPACK_HHR (unpack_ECOD_11079a18)	COMPLETED	0	2026-04-15 14:12:17.713	283ms	30ms	65.9%	3.4 MB	4.4 MB	99.7 KB	1.7 MB
1884	70/e9f4d8	4055856	UNPACK_HHR (unpack_PFAM_fcfc6ab0)	COMPLETED	0	2026-04-15 14:12:17.727	298ms	31ms	43.1%	3.3 MB	4.4 MB	99.7 KB	256.5 KB
1887	28/a773ad	4055968	UNPACK_HHR (unpack_PHROGS_aae3eedf)	COMPLETED	0	2026-04-15 14:12:17.755	271ms	26ms	93.9%	3.4 MB	4.4 MB	99.8 KB	696.4 KB
1885	63/010d28	4055956	UNPACK_HHR (unpack_PHROGS_fcfc6ab0)	COMPLETED	0	2026-04-15 14:12:17.750	289ms	29ms	67.0%	3.3 MB	4.4 MB	99.8 KB	735.7 KB
1886	11/009342	4055964	UNPACK_HHR (unpack_ECOD_184b2540)	COMPLETED	0	2026-04-15 14:12:17.753	288ms	29ms	45.5%	3.3 MB	4.4 MB	99.7 KB	1.7 MB
1890	c9/c9a4d7	4056869	UNPACK_HHR (unpack_PFAM_cad23702)	COMPLETED	0	2026-04-15 14:12:17.901	279ms	26ms	97.0%	3.4 MB	4.4 MB	99.7 KB	726.8 KB
1891	15/b418e5	4056877	UNPACK_HHR (unpack_PFAM_5c70bb59)	COMPLETED	0	2026-04-15 14:12:17.903	283ms	27ms	67.3%	3.3 MB	4.4 MB	99.8 KB	609.5 KB
1892	4d/eea1a6	4056981	UNPACK_HHR (unpack_PHROGS_184b2540)	COMPLETED	0	2026-04-15 14:12:17.920	278ms	29ms	66.7%	3.4 MB	4.4 MB	99.8 KB	1.9 MB
1888	7a/0ae37c	4056452	UNPACK_HHR (unpack_ECOD_ce70d047)	COMPLETED	0	2026-04-15 14:12:17.828	374ms	147ms	25.2%	4.8 MB	10 MB	99.8 KB	3.1 MB
1889	77/f5581f	4056848	UNPACK_HHR (unpack_ECOD_fcfc6ab0)	COMPLETED	0	2026-04-15 14:12:17.895	334ms	44ms	51.2%	3.3 MB	4.4 MB	99.7 KB	1.3 MB
1895	5c/40538a	4057679	UNPACK_HHR (unpack_PHROGS_d6f004de)	COMPLETED	0	2026-04-15 14:12:17.999	275ms	27ms	94.9%	3.3 MB	4.4 MB	99.8 KB	675.3 KB
1896	81/a19ddf	4057846	UNPACK_HHR (unpack_ECOD_5c70bb59)	COMPLETED	0	2026-04-15 14:12:18.028	269ms	30ms	90.2%	3.3 MB	4.4 MB	99.8 KB	2.9 MB
1897	55/976a24	4057851	UNPACK_HHR (unpack_PFAM_d6f004de)	COMPLETED	0	2026-04-15 14:12:18.031	275ms	26ms	93.9%	3.4 MB	4.4 MB	99.7 KB	913.6 KB
1899	6f/d024f0	4057921	UNPACK_HHR (unpack_PHROGS_16e8d255)	COMPLETED	0	2026-04-15 14:12:18.044	306ms	79ms	33.0%	4.8 MB	7.3 MB	99.8 KB	412.6 KB
1893	94/26cf16	4057014	UNPACK_HHR (unpack_ECOD_51a2b699)	COMPLETED	0	2026-04-15 14:12:17.925	427ms	198ms	19.6%	4.9 MB	11.8 MB	99.8 KB	4.9 MB
1894	ac/7998f7	4057561	UNPACK_HHR (unpack_PFAM_aae3eedf)	COMPLETED	0	2026-04-15 14:12:17.985	368ms	138ms	27.2%	4.8 MB	7.3 MB	99.7 KB	470.5 KB
1898	21/5dab1d	4057913	UNPACK_HHR (unpack_PHROGS_a618f3c0)	COMPLETED	0	2026-04-15 14:12:18.042	382ms	157ms	18.2%	4.8 MB	7.8 MB	99.8 KB	911.8 KB
1900	09/2d486e	4058881	UNPACK_HHR (unpack_ECOD_cad23702)	COMPLETED	0	2026-04-15 14:12:18.184	285ms	39ms	72.9%	3.2 MB	4.4 MB	99.8 KB	2.9 MB
2108	03/c63f85	4058898	UNPACK_HHR (unpack_ECOD_60ff4d15)	COMPLETED	0	2026-04-15 14:12:18.188	302ms	31ms	86.5%	3.4 MB	4.4 MB	99.7 KB	2.5 MB
1902	88/37ef4a	4058980	UNPACK_HHR (unpack_PFAM_16e8d255)	COMPLETED	0	2026-04-15 14:12:18.205	285ms	27ms	98.5%	3.3 MB	4.4 MB	99.7 KB	237.4 KB
1903	25/1191a9	4059194	UNPACK_HHR (unpack_ECOD_aae3eedf)	COMPLETED	0	2026-04-15 14:12:18.233	284ms	29ms	43.4%	3.4 MB	4.4 MB	99.7 KB	2.5 MB
1901	17/b37e08	4058952	UNPACK_HHR (unpack_PFAM_a618f3c0)	COMPLETED	0	2026-04-15 14:12:18.201	358ms	133ms	14.2%	4.8 MB	7.4 MB	99.7 KB	532.2 KB
1906	b2/8a0e17	4059728	UNPACK_HHR (unpack_PFAM_04d86e0a)	COMPLETED	0	2026-04-15 14:12:18.309	280ms	27ms	49.0%	3.3 MB	4.4 MB	99.8 KB	668.5 KB
1905	59/80cd69	4059697	UNPACK_HHR (unpack_PHROGS_0bf559a5)	COMPLETED	0	2026-04-15 14:12:18.301	299ms	28ms	69.1%	3.3 MB	4.4 MB	99.8 KB	1.1 MB
1904	31/c1151a	4059574	UNPACK_HHR (unpack_PHROGS_cad23702)	COMPLETED	0	2026-04-15 14:12:18.278	351ms	125ms	29.3%	5 MB	8 MB	99.8 KB	1.1 MB
1907	26/af2c98	4059934	UNPACK_HHR (unpack_PFAM_0bf559a5)	COMPLETED	0	2026-04-15 14:12:18.353	282ms	27ms	69.7%	3.3 MB	4.4 MB	99.7 KB	698.8 KB
1909	90/8ba83b	4059954	UNPACK_HHR (unpack_PFAM_e2d34add)	COMPLETED	0	2026-04-15 14:12:18.358	290ms	28ms	68.8%	3.3 MB	4.4 MB	99.7 KB	874.4 KB
1908	0b/98b019	4059944	UNPACK_HHR (unpack_ECOD_a618f3c0)	COMPLETED	0	2026-04-15 14:12:18.356	299ms	27ms	88.5%	3.4 MB	4.4 MB	99.7 KB	1.6 MB
1911	29/19e0bf	4060894	UNPACK_HHR (unpack_PHROGS_5c70bb59)	COMPLETED	0	2026-04-15 14:12:18.472	284ms	29ms	67.4%	3.4 MB	4.4 MB	99.8 KB	1.7 MB
1910	39/932a01	4060512	UNPACK_HHR (unpack_PFAM_f1ae71fe)	COMPLETED	0	2026-04-15 14:12:18.428	340ms	108ms	25.4%	4.9 MB	7.5 MB	99.7 KB	660.7 KB
1912	0e/ce03e7	4061009	UNPACK_HHR (unpack_ECOD_16e8d255)	COMPLETED	0	2026-04-15 14:12:18.493	278ms	27ms	71.0%	3.4 MB	4.4 MB	99.7 KB	1.2 MB
1914	8c/dea105	4061207	UNPACK_HHR (unpack_PHROGS_f1ae71fe)	COMPLETED	0	2026-04-15 14:12:18.520	269ms	27ms	96.2%	3.3 MB	4.4 MB	99.8 KB	806.8 KB
1915	5e/8e9da8	4061518	UNPACK_HHR (unpack_PHROGS_2fc8009f)	COMPLETED	0	2026-04-15 14:12:18.562	317ms	93ms	28.0%	4.9 MB	8.1 MB	99.8 KB	1.2 MB
1913	0e/77d865	4061029	UNPACK_HHR (unpack_PHROGS_e2d34add)	COMPLETED	0	2026-04-15 14:12:18.496	393ms	164ms	17.3%	4.8 MB	8.1 MB	99.8 KB	1.2 MB
1919	b3/9cd9b4	4062024	UNPACK_HHR (unpack_PFAM_e4a45f3d)	COMPLETED	0	2026-04-15 14:12:18.638	274ms	26ms	75.1%	3.2 MB	4.4 MB	99.7 KB	428.2 KB
1917	0e/b2ec84	4061839	UNPACK_HHR (unpack_ECOD_e2d34add)	COMPLETED	0	2026-04-15 14:12:18.603	313ms	30ms	89.0%	3.3 MB	4.4 MB	99.8 KB	3.2 MB
1918	d8/d1cb61	4061994	UNPACK_HHR (unpack_PFAM_8853fd8e)	COMPLETED	0	2026-04-15 14:12:18.632	286ms	27ms	91.8%	3.4 MB	4.4 MB	99.7 KB	588 KB
1920	51/a2ecf9	4062099	UNPACK_HHR (unpack_PFAM_2fc8009f)	COMPLETED	0	2026-04-15 14:12:18.651	279ms	27ms	72.3%	3.3 MB	4.4 MB	99.7 KB	949.9 KB
1921	a9/f781ba	4062145	UNPACK_HHR (unpack_ECOD_0bf559a5)	COMPLETED	0	2026-04-15 14:12:18.658	351ms	103ms	43.5%	5.3 MB	10.9 MB	99.8 KB	4 MB
1916	c2/04b4a6	4061748	UNPACK_HHR (unpack_ECOD_f1ae71fe)	COMPLETED	0	2026-04-15 14:12:18.593	417ms	191ms	15.2%	4.8 MB	9.8 MB	99.8 KB	3 MB
1923	b4/40b1e8	4062933	UNPACK_HHR (unpack_ECOD_04d86e0a)	COMPLETED	0	2026-04-15 14:12:18.771	285ms	32ms	67.8%	3.3 MB	4.4 MB	99.8 KB	3.6 MB
1924	00/09dbf0	4062945	UNPACK_HHR (unpack_PFAM_5e83292f)	COMPLETED	0	2026-04-15 14:12:18.773	297ms	31ms	66.2%	3.3 MB	4.4 MB	99.7 KB	482 KB
1926	d3/d59c8e	4063789	UNPACK_HHR (unpack_ECOD_8853fd8e)	COMPLETED	0	2026-04-15 14:12:18.883	269ms	31ms	67.5%	3.4 MB	4.4 MB	99.8 KB	3.4 MB
1927	b3/02b746	4063834	UNPACK_HHR (unpack_PFAM_db83db81)	COMPLETED	0	2026-04-15 14:12:18.891	276ms	27ms	48.1%	3.4 MB	4.4 MB	99.7 KB	530.1 KB
1928	dc/35c853	4063932	UNPACK_HHR (unpack_PHROGS_db83db81)	COMPLETED	0	2026-04-15 14:12:18.915	279ms	28ms	92.3%	3.2 MB	4.4 MB	99.8 KB	838.9 KB
1922	ae/1336ed	4062884	UNPACK_HHR (unpack_ECOD_d6f004de)	COMPLETED	0	2026-04-15 14:12:18.759	437ms	219ms	13.5%	4.9 MB	11 MB	99.8 KB	4.1 MB
1929	19/25ab7f	4063955	UNPACK_HHR (unpack_PHROGS_3d8c099f)	COMPLETED	0	2026-04-15 14:12:18.918	278ms	27ms	96.0%	3.4 MB	4.4 MB	99.8 KB	413.3 KB
2289	fb/129be6	4063963	UNPACK_HHR (unpack_PHROGS_25fb0b65)	COMPLETED	0	2026-04-15 14:12:18.921	276ms	27ms	49.4%	3.4 MB	4.4 MB	99.7 KB	173.9 KB
1925	17/b0f976	4063039	UNPACK_HHR (unpack_PHROGS_8853fd8e)	COMPLETED	0	2026-04-15 14:12:18.792	414ms	200ms	14.8%	4.8 MB	8.4 MB	99.8 KB	1.5 MB
1930	4c/f335f9	4064020	UNPACK_HHR (unpack_PHROGS_5e83292f)	COMPLETED	0	2026-04-15 14:12:18.933	276ms	27ms	46.3%	3.3 MB	4.4 MB	99.8 KB	848.3 KB
1932	f4/b951ea	4064664	UNPACK_HHR (unpack_ECOD_e4a45f3d)	COMPLETED	0	2026-04-15 14:12:19.017	276ms	30ms	68.2%	3.4 MB	4.4 MB	99.8 KB	3.4 MB
1933	35/a73e51	4064837	UNPACK_HHR (unpack_PFAM_3d8c099f)	COMPLETED	0	2026-04-15 14:12:19.059	277ms	33ms	62.3%	3.2 MB	4.4 MB	99.7 KB	267 KB
1931	f8/1c6e65	4064645	UNPACK_HHR (unpack_PHROGS_e4a45f3d)	COMPLETED	0	2026-04-15 14:12:19.014	401ms	173ms	16.7%	4.8 MB	8.2 MB	99.8 KB	1.3 MB
1935	37/9a8598	4065511	UNPACK_HHR (unpack_PHROGS_65931abb)	COMPLETED	0	2026-04-15 14:12:19.155	273ms	27ms	76.2%	3.3 MB	4.4 MB	99.8 KB	988.8 KB
1934	a0/195a5e	4064904	UNPACK_HHR (unpack_ECOD_5e83292f)	COMPLETED	0	2026-04-15 14:12:19.072	368ms	134ms	20.8%	4.8 MB	9 MB	99.7 KB	2.1 MB
1938	2d/fa6e48	4065761	UNPACK_HHR (unpack_ECOD_db83db81)	COMPLETED	0	2026-04-15 14:12:19.199	281ms	29ms	45.1%	3.2 MB	4.4 MB	99.7 KB	2 MB
1940	a9/d60275	4065778	UNPACK_HHR (unpack_PFAM_88c3f8cd)	COMPLETED	0	2026-04-15 14:12:19.203	288ms	27ms	69.2%	3.4 MB	4.4 MB	99.7 KB	306.5 KB
1939	31/b6cec4	4065767	UNPACK_HHR (unpack_PHROGS_88c3f8cd)	COMPLETED	0	2026-04-15 14:12:19.201	297ms	29ms	67.4%	3.3 MB	4.4 MB	99.8 KB	531.7 KB
2124	d3/610683	4065839	UNPACK_HHR (unpack_ECOD_a7ea6322)	COMPLETED	0	2026-04-15 14:12:19.211	288ms	28ms	46.4%	3.3 MB	4.4 MB	99.7 KB	524.5 KB
1941	f1/735f19	4065824	UNPACK_HHR (unpack_ECOD_3d8c099f)	COMPLETED	0	2026-04-15 14:12:19.208	348ms	125ms	30.0%	5 MB	8 MB	99.7 KB	1.1 MB
1942	27/de254b	4066531	UNPACK_HHR (unpack_PHROGS_a321c096)	COMPLETED	0	2026-04-15 14:12:19.297	285ms	27ms	70.3%	3.3 MB	4.4 MB	99.8 KB	535 KB
1936	2e/c2eb1b	4065628	UNPACK_HHR (unpack_PFAM_65931abb)	COMPLETED	0	2026-04-15 14:12:19.170	441ms	207ms	14.3%	4.9 MB	7.8 MB	99.7 KB	972.1 KB
1937	ea/f5b8c5	4065753	UNPACK_HHR (unpack_ECOD_2fc8009f)	COMPLETED	0	2026-04-15 14:12:19.196	457ms	240ms	20.6%	4.9 MB	11.3 MB	99.8 KB	4.4 MB
1943	fa/3decd2	4066708	UNPACK_HHR (unpack_PFAM_a321c096)	COMPLETED	0	2026-04-15 14:12:19.339	315ms	26ms	48.1%	3.3 MB	4.4 MB	99.7 KB	238.5 KB
1946	92/1a856e	4067470	UNPACK_HHR (unpack_PHROGS_d4f1ed94)	COMPLETED	0	2026-04-15 14:12:19.444	268ms	26ms	49.3%	3.3 MB	4.4 MB	99.8 KB	889 KB
1947	38/76df7e	4067709	UNPACK_HHR (unpack_PHROGS_cca2bb8b)	COMPLETED	0	2026-04-15 14:12:19.484	272ms	28ms	47.9%	3.4 MB	4.4 MB	99.8 KB	501.6 KB
1949	9a/d36580	4067819	UNPACK_HHR (unpack_ECOD_fbbdb2db)	COMPLETED	0	2026-04-15 14:12:19.501	278ms	27ms	45.5%	3.3 MB	4.4 MB	99.8 KB	1.8 MB
1944	80/3d66d4	4067229	UNPACK_HHR (unpack_PHROGS_15f198f6)	COMPLETED	0	2026-04-15 14:12:19.419	378ms	147ms	25.5%	4.8 MB	7.8 MB	99.8 KB	896.6 KB
1945	d2/7e3789	4067363	UNPACK_HHR (unpack_PFAM_15f198f6)	COMPLETED	0	2026-04-15 14:12:19.431	380ms	160ms	23.7%	4.8 MB	7.4 MB	99.7 KB	493.3 KB
1950	9c/ed4310	4067840	UNPACK_HHR (unpack_PFAM_fbbdb2db)	COMPLETED	0	2026-04-15 14:12:19.504	332ms	106ms	25.2%	4.8 MB	7.2 MB	99.7 KB	375 KB
1948	93/72dee9	4067785	UNPACK_HHR (unpack_PFAM_d4f1ed94)	COMPLETED	0	2026-04-15 14:12:19.496	360ms	122ms	22.5%	4.8 MB	7.4 MB	99.7 KB	569.1 KB
1953	56/6cca33	4068825	UNPACK_HHR (unpack_ECOD_a321c096)	COMPLETED	0	2026-04-15 14:12:19.657	281ms	45ms	48.9%	3.3 MB	4.4 MB	99.7 KB	1.3 MB
1955	a3/913e31	4068857	UNPACK_HHR (unpack_PFAM_2f30ec5a)	COMPLETED	0	2026-04-15 14:12:19.664	285ms	28ms	46.7%	3.4 MB	4.4 MB	99.7 KB	219.9 KB
1951	23/48da8d	4068273	UNPACK_HHR (unpack_PFAM_cca2bb8b)	COMPLETED	0	2026-04-15 14:12:19.559	421ms	196ms	19.8%	4.9 MB	7.5 MB	99.7 KB	599.5 KB
1952	98/90034a	4068443	UNPACK_HHR (unpack_ECOD_88c3f8cd)	COMPLETED	0	2026-04-15 14:12:19.585	414ms	185ms	15.6%	5 MB	8 MB	99.7 KB	1.2 MB
1956	e6/8a28b7	4069214	UNPACK_HHR (unpack_PHROGS_5fb1982d)	COMPLETED	0	2026-04-15 14:12:19.715	284ms	28ms	45.3%	3.3 MB	4.4 MB	99.8 KB	754.1 KB
1954	6e/c3862f	4068840	UNPACK_HHR (unpack_PFAM_5fb1982d)	COMPLETED	0	2026-04-15 14:12:19.660	339ms	97ms	37.5%	4.8 MB	7.3 MB	99.7 KB	473.2 KB
1957	59/6225dc	4069544	UNPACK_HHR (unpack_PHROGS_2f30ec5a)	COMPLETED	0	2026-04-15 14:12:19.760	299ms	76ms	33.8%	4.9 MB	7.2 MB	99.8 KB	347 KB
1958	80/60896c	4069659	UNPACK_HHR (unpack_ECOD_5fb1982d)	COMPLETED	0	2026-04-15 14:12:19.783	297ms	25ms	72.5%	3.4 MB	4.4 MB	99.7 KB	1 MB
1959	da/5b82ef	4069742	UNPACK_HHR (unpack_PHROGS_8e70017f)	COMPLETED	0	2026-04-15 14:12:19.800	281ms	37ms	39.1%	3.3 MB	4.4 MB	99.8 KB	460.2 KB
1960	96/92a6ef	4069836	UNPACK_HHR (unpack_PFAM_8e70017f)	COMPLETED	0	2026-04-15 14:12:19.814	278ms	25ms	76.4%	3.3 MB	4.4 MB	99.7 KB	219.6 KB
1961	22/1680f8	4069995	UNPACK_HHR (unpack_ECOD_15f198f6)	COMPLETED	0	2026-04-15 14:12:19.839	367ms	140ms	20.0%	4.9 MB	9.2 MB	99.8 KB	2.3 MB
1963	7f/f63f61	4070635	UNPACK_HHR (unpack_ECOD_d4f1ed94)	COMPLETED	0	2026-04-15 14:12:19.942	282ms	32ms	42.4%	3.3 MB	4.4 MB	99.8 KB	2.8 MB
1965	0f/483015	4070716	UNPACK_HHR (unpack_PHROGS_4d7c346c)	COMPLETED	0	2026-04-15 14:12:19.952	277ms	24ms	98.0%	3.3 MB	4.4 MB	99.8 KB	401.3 KB
1962	e3/c73935	4070109	UNPACK_HHR (unpack_ECOD_65931abb)	COMPLETED	0	2026-04-15 14:12:19.860	415ms	171ms	22.1%	4.8 MB	11.8 MB	99.8 KB	4.9 MB
1966	72/a19ecc	4070904	UNPACK_HHR (unpack_PFAM_2d2c3307)	COMPLETED	0	2026-04-15 14:12:19.983	294ms	26ms	46.0%	3.4 MB	4.4 MB	99.7 KB	195.8 KB
1967	00/739389	4071021	UNPACK_HHR (unpack_PFAM_1e592714)	COMPLETED	0	2026-04-15 14:12:20.002	279ms	26ms	96.8%	3.2 MB	4.4 MB	99.7 KB	137.9 KB
1969	29/5c51b9	4071047	UNPACK_HHR (unpack_PHROGS_34505481)	COMPLETED	0	2026-04-15 14:12:20.006	275ms	27ms	67.9%	3.4 MB	4.4 MB	99.8 KB	786.5 KB
1968	d1/a4bdeb	4071034	UNPACK_HHR (unpack_PFAM_4d7c346c)	COMPLETED	0	2026-04-15 14:12:20.004	279ms	26ms	69.5%	3.4 MB	4.4 MB	99.7 KB	366.3 KB
1970	87/6e3126	4071514	UNPACK_HHR (unpack_ECOD_1e592714)	COMPLETED	0	2026-04-15 14:12:20.063	278ms	25ms	54.0%	3.4 MB	4.4 MB	99.7 KB	520.9 KB
1971	49/fec5e8	4071641	UNPACK_HHR (unpack_PFAM_34505481)	COMPLETED	0	2026-04-15 14:12:20.084	282ms	27ms	90.6%	3.3 MB	4.4 MB	99.7 KB	737 KB
1973	85/246202	4071734	UNPACK_HHR (unpack_ECOD_8e70017f)	COMPLETED	0	2026-04-15 14:12:20.095	288ms	69ms	35.9%	5 MB	7.7 MB	99.7 KB	824.7 KB
1972	c5/d62721	4071664	UNPACK_HHR (unpack_PHROGS_2d2c3307)	COMPLETED	0	2026-04-15 14:12:20.087	296ms	25ms	71.4%	3.3 MB	4.4 MB	99.8 KB	324.4 KB
1974	b6/ba8a49	4072423	UNPACK_HHR (unpack_ECOD_cca2bb8b)	COMPLETED	0	2026-04-15 14:12:20.209	281ms	41ms	65.9%	3.3 MB	4.4 MB	99.8 KB	2.7 MB
1975	6c/76c10a	4072547	UNPACK_HHR (unpack_PHROGS_a3d0d39a)	COMPLETED	0	2026-04-15 14:12:20.228	285ms	28ms	67.9%	3.4 MB	4.4 MB	99.7 KB	290.5 KB
2387	b2/b1630d	4072588	UNPACK_HHR (unpack_PHROGS_ac55d66d)	COMPLETED	0	2026-04-15 14:12:20.232	299ms	27ms	72.5%	3.4 MB	4.4 MB	99.7 KB	79.2 KB
1978	f4/66b7f5	4072953	UNPACK_HHR (unpack_PHROGS_1394ce85)	COMPLETED	0	2026-04-15 14:12:20.284	284ms	29ms	67.1%	3.3 MB	4.4 MB	99.8 KB	647.4 KB
1980	f6/7510a9	4072985	UNPACK_HHR (unpack_PHROGS_3d1a6b0b)	COMPLETED	0	2026-04-15 14:12:20.290	279ms	27ms	47.6%	3.4 MB	4.4 MB	99.8 KB	543.3 KB
1979	e5/f12618	4072965	UNPACK_HHR (unpack_PFAM_3d1a6b0b)	COMPLETED	0	2026-04-15 14:12:20.287	283ms	27ms	91.5%	3.3 MB	4.4 MB	99.7 KB	237.2 KB
1977	43/257d17	4072934	UNPACK_HHR (unpack_PFAM_a3d0d39a)	COMPLETED	0	2026-04-15 14:12:20.282	291ms	28ms	69.7%	3.3 MB	4.4 MB	99.7 KB	132.2 KB
1976	e0/d1e1ff	4072909	UNPACK_HHR (unpack_ECOD_2d2c3307)	COMPLETED	0	2026-04-15 14:12:20.279	303ms	27ms	71.4%	3.3 MB	4.4 MB	99.7 KB	254.7 KB
1982	af/27a88a	4073594	UNPACK_HHR (unpack_PHROGS_fbbdb2db)	COMPLETED	0	2026-04-15 14:12:20.369	283ms	30ms	61.7%	3.3 MB	4.4 MB	99.8 KB	2 MB
1983	45/4b5543	4073686	UNPACK_HHR (unpack_PFAM_1394ce85)	COMPLETED	0	2026-04-15 14:12:20.386	276ms	27ms	47.6%	3.4 MB	4.4 MB	99.7 KB	401.3 KB
1981	fa/a6876b	4073448	UNPACK_HHR (unpack_ECOD_a3d0d39a)	COMPLETED	0	2026-04-15 14:12:20.345	352ms	102ms	34.6%	4.8 MB	7.3 MB	99.7 KB	406.7 KB
1984	4a/e06002	4073694	UNPACK_HHR (unpack_ECOD_3d1a6b0b)	COMPLETED	0	2026-04-15 14:12:20.388	373ms	152ms	24.6%	4.8 MB	7.7 MB	99.7 KB	789.5 KB
1985	a8/c1bc81	4074422	UNPACK_HHR (unpack_PHROGS_8a1a5304)	COMPLETED	0	2026-04-15 14:12:20.494	320ms	95ms	37.5%	4.9 MB	7.3 MB	99.8 KB	387.3 KB
1987	f8/b3085f	4074782	UNPACK_HHR (unpack_ECOD_4d7c346c)	COMPLETED	0	2026-04-15 14:12:20.535	287ms	30ms	88.3%	3.3 MB	4.4 MB	99.8 KB	2 MB
1986	47/579c16	4074614	UNPACK_HHR (unpack_PFAM_8a1a5304)	COMPLETED	0	2026-04-15 14:12:20.517	342ms	111ms	24.9%	4.8 MB	7.2 MB	99.7 KB	289.7 KB
1990	69/d3081b	4075139	UNPACK_HHR (unpack_PFAM_27eee5ec)	COMPLETED	0	2026-04-15 14:12:20.579	280ms	26ms	47.7%	3.4 MB	4.4 MB	99.7 KB	251 KB
1991	71/021352	4075165	UNPACK_HHR (unpack_PFAM_8a63aaa9)	COMPLETED	0	2026-04-15 14:12:20.582	283ms	24ms	51.2%	3.3 MB	4.4 MB	99.7 KB	585.2 KB
1989	90/116d84	4075111	UNPACK_HHR (unpack_ECOD_34505481)	COMPLETED	0	2026-04-15 14:12:20.576	289ms	31ms	64.0%	3.4 MB	4.4 MB	99.8 KB	2.9 MB
1988	24/88b0b8	4075077	UNPACK_HHR (unpack_PHROGS_8a63aaa9)	COMPLETED	0	2026-04-15 14:12:20.572	345ms	118ms	31.1%	4.9 MB	7.6 MB	99.8 KB	755.3 KB
1994	fe/641fce	4075844	UNPACK_HHR (unpack_PFAM_9803b1a2)	COMPLETED	0	2026-04-15 14:12:20.665	273ms	25ms	77.3%	3.3 MB	4.4 MB	99.7 KB	247.5 KB
1993	c4/847ffa	4075757	UNPACK_HHR (unpack_ECOD_2f30ec5a)	COMPLETED	0	2026-04-15 14:12:20.656	286ms	27ms	66.4%	3.4 MB	4.4 MB	99.7 KB	1.3 MB
1992	ee/1266ed	4075188	UNPACK_HHR (unpack_PHROGS_27eee5ec)	COMPLETED	0	2026-04-15 14:12:20.585	371ms	144ms	19.4%	4.8 MB	7.6 MB	99.8 KB	737.3 KB
1995	d6/9eefab	4075997	UNPACK_HHR (unpack_PHROGS_9803b1a2)	COMPLETED	0	2026-04-15 14:12:20.700	296ms	67ms	37.5%	4.9 MB	7.1 MB	99.7 KB	235.7 KB
1996	6f/28b561	4076411	UNPACK_HHR (unpack_ECOD_1394ce85)	COMPLETED	0	2026-04-15 14:12:20.765	297ms	31ms	61.9%	3.3 MB	4.4 MB	99.7 KB	2.2 MB
1997	73/f1cb6e	4076816	UNPACK_HHR (unpack_ECOD_8a1a5304)	COMPLETED	0	2026-04-15 14:12:20.817	275ms	26ms	47.5%	3.3 MB	4.4 MB	99.7 KB	1010.4 KB
1998	a1/2ad867	4076878	UNPACK_HHR (unpack_ECOD_27eee5ec)	COMPLETED	0	2026-04-15 14:12:20.825	281ms	28ms	47.7%	3.3 MB	4.4 MB	99.7 KB	1 MB
2001	8e/62d174	4077097	UNPACK_HHR (unpack_PFAM_1d54e9d1)	COMPLETED	0	2026-04-15 14:12:20.868	275ms	27ms	47.9%	3.4 MB	4.4 MB	99.7 KB	281 KB
2002	b0/d03fc2	4077106	UNPACK_HHR (unpack_PHROGS_715b0a8f)	COMPLETED	0	2026-04-15 14:12:20.870	282ms	26ms	69.3%	3.4 MB	4.4 MB	99.8 KB	414.9 KB
2000	60/04aec8	4077089	UNPACK_HHR (unpack_PFAM_959af038)	COMPLETED	0	2026-04-15 14:12:20.866	297ms	25ms	75.0%	3.4 MB	4.4 MB	99.7 KB	107.7 KB
1999	50/d92a78	4077082	UNPACK_HHR (unpack_PHROGS_959af038)	COMPLETED	0	2026-04-15 14:12:20.862	300ms	26ms	69.3%	3.3 MB	4.4 MB	99.8 KB	422.1 KB
2003	21/da4ec3	4077488	UNPACK_HHR (unpack_PHROGS_1d54e9d1)	COMPLETED	0	2026-04-15 14:12:20.921	281ms	26ms	72.7%	3.3 MB	4.4 MB	99.8 KB	352.2 KB
2005	63/2d19a1	4077623	UNPACK_HHR (unpack_ECOD_959af038)	COMPLETED	0	2026-04-15 14:12:20.945	288ms	27ms	46.3%	3.4 MB	4.4 MB	99.7 KB	557.3 KB
2006	be/227c7a	4077753	UNPACK_HHR (unpack_ECOD_9803b1a2)	COMPLETED	0	2026-04-15 14:12:20.959	287ms	26ms	69.5%	3.4 MB	4.4 MB	99.7 KB	1.3 MB
2007	94/b8afa0	4077991	UNPACK_HHR (unpack_PHROGS_38590c0d)	COMPLETED	0	2026-04-15 14:12:20.999	277ms	28ms	90.1%	3.4 MB	4.4 MB	99.7 KB	438.4 KB
2008	1d/6e6090	4078504	UNPACK_HHR (unpack_PHROGS_673905bd)	COMPLETED	0	2026-04-15 14:12:21.066	283ms	25ms	73.1%	3.3 MB	4.4 MB	99.8 KB	660.5 KB
2009	58/47c3b5	4078723	UNPACK_HHR (unpack_PFAM_673905bd)	COMPLETED	0	2026-04-15 14:12:21.095	276ms	26ms	74.5%	3.3 MB	4.4 MB	99.7 KB	263.2 KB
2004	91/18097e	4077588	UNPACK_HHR (unpack_ECOD_8a63aaa9)	COMPLETED	0	2026-04-15 14:12:20.941	442ms	215ms	13.6%	4.9 MB	9.6 MB	99.8 KB	2.7 MB
2010	37/516080	4078835	UNPACK_HHR (unpack_PFAM_715b0a8f)	COMPLETED	0	2026-04-15 14:12:21.108	288ms	27ms	71.7%	3.3 MB	4.4 MB	99.7 KB	370.8 KB
2012	0d/df5d71	4079164	UNPACK_HHR (unpack_PFAM_c5cb86f8)	COMPLETED	0	2026-04-15 14:12:21.155	274ms	28ms	69.5%	3.4 MB	4.4 MB	99.7 KB	203.9 KB
2011	15/9b4a56	4079093	UNPACK_HHR (unpack_PHROGS_c5cb86f8)	COMPLETED	0	2026-04-15 14:12:21.146	298ms	31ms	62.1%	3.4 MB	4.4 MB	99.7 KB	212.7 KB
2013	da/3b3a41	4079241	UNPACK_HHR (unpack_ECOD_1d54e9d1)	COMPLETED	0	2026-04-15 14:12:21.166	278ms	29ms	66.1%	3.3 MB	4.4 MB	99.7 KB	2.2 MB
2014	72/bfcec2	4079255	UNPACK_HHR (unpack_PFAM_38590c0d)	COMPLETED	0	2026-04-15 14:12:21.168	288ms	26ms	46.5%	3.3 MB	4.4 MB	99.7 KB	367.9 KB
2015	20/ca04f1	4079566	UNPACK_HHR (unpack_ECOD_c5cb86f8)	COMPLETED	0	2026-04-15 14:12:21.205	284ms	26ms	47.3%	3.3 MB	4.4 MB	99.7 KB	660.2 KB
2016	01/308c74	4079759	UNPACK_HHR (unpack_PFAM_5b019dff)	COMPLETED	0	2026-04-15 14:12:21.236	281ms	27ms	96.6%	3.3 MB	4.4 MB	99.7 KB	217.8 KB
2017	ad/4ce305	4079853	UNPACK_HHR (unpack_PHROGS_77a9ff48)	COMPLETED	0	2026-04-15 14:12:21.249	281ms	26ms	72.6%	3.3 MB	4.4 MB	99.7 KB	511.8 KB
2018	f7/04c8fc	4080012	UNPACK_HHR (unpack_PHROGS_5b019dff)	COMPLETED	0	2026-04-15 14:12:21.280	295ms	27ms	68.7%	3.3 MB	4.4 MB	99.8 KB	241.5 KB
2019	10/dbbe87	4080493	UNPACK_HHR (unpack_PFAM_77a9ff48)	COMPLETED	0	2026-04-15 14:12:21.352	283ms	26ms	47.5%	3.3 MB	4.4 MB	99.7 KB	321 KB
2020	4f/6c2ebf	4080635	UNPACK_HHR (unpack_ECOD_673905bd)	COMPLETED	0	2026-04-15 14:12:21.375	286ms	27ms	94.0%	3.2 MB	4.4 MB	99.7 KB	1.1 MB
2021	bc/3c171d	4080720	UNPACK_HHR (unpack_PHROGS_bc356aa0)	COMPLETED	0	2026-04-15 14:12:21.387	277ms	29ms	68.7%	3.2 MB	4.4 MB	99.8 KB	396 KB
2022	95/bc86be	4080827	UNPACK_HHR (unpack_ECOD_38590c0d)	COMPLETED	0	2026-04-15 14:12:21.399	289ms	29ms	90.1%	3.4 MB	4.4 MB	99.7 KB	1.7 MB
2023	45/e9f092	4081094	UNPACK_HHR (unpack_PFAM_bc356aa0)	COMPLETED	0	2026-04-15 14:12:21.432	287ms	27ms	91.1%	3.4 MB	4.4 MB	99.7 KB	341.9 KB
2025	74/bfc747	4081229	UNPACK_HHR (unpack_PFAM_70930497)	COMPLETED	0	2026-04-15 14:12:21.451	293ms	28ms	44.3%	3.4 MB	4.4 MB	99.7 KB	261.2 KB
2026	08/af7bf9	4081290	UNPACK_HHR (unpack_ECOD_5b019dff)	COMPLETED	0	2026-04-15 14:12:21.460	286ms	29ms	63.4%	3.4 MB	4.4 MB	99.7 KB	1 MB
2024	4e/83a9bf	4081200	UNPACK_HHR (unpack_PFAM_240afc59)	COMPLETED	0	2026-04-15 14:12:21.447	312ms	31ms	43.8%	3.3 MB	4.4 MB	99.7 KB	325.3 KB
2028	17/5ff69d	4081741	UNPACK_HHR (unpack_ECOD_715b0a8f)	COMPLETED	0	2026-04-15 14:12:21.521	297ms	27ms	70.4%	3.3 MB	4.4 MB	99.7 KB	1.4 MB
2029	79/15c03d	4081825	UNPACK_HHR (unpack_PFAM_eac1a8b6)	COMPLETED	0	2026-04-15 14:12:21.533	288ms	27ms	70.5%	3.3 MB	4.4 MB	99.7 KB	75.2 KB
2030	9d/7ebc9c	4082124	UNPACK_HHR (unpack_PHROGS_3051808f)	COMPLETED	0	2026-04-15 14:12:21.579	328ms	94ms	27.7%	4.8 MB	7.3 MB	99.8 KB	449.9 KB
2031	70/57295e	4082653	UNPACK_HHR (unpack_PHROGS_eac1a8b6)	COMPLETED	0	2026-04-15 14:12:21.639	278ms	24ms	76.6%	3.3 MB	4.4 MB	99.7 KB	242.5 KB
2032	aa/319c26	4082858	UNPACK_HHR (unpack_PFAM_3051808f)	COMPLETED	0	2026-04-15 14:12:21.665	273ms	27ms	71.7%	3.3 MB	4.4 MB	99.7 KB	475.1 KB
2033	f2/d1d190	4082875	UNPACK_HHR (unpack_ECOD_77a9ff48)	COMPLETED	0	2026-04-15 14:12:21.668	273ms	27ms	72.3%	3.3 MB	4.4 MB	99.7 KB	1.2 MB
2027	0b/0d7482	4081561	UNPACK_HHR (unpack_PHROGS_240afc59)	COMPLETED	0	2026-04-15 14:12:21.492	457ms	25ms	47.7%	3.3 MB	4.4 MB	99.7 KB	581.1 KB
2034	ab/e37ffb	4083086	UNPACK_HHR (unpack_PFAM_d7b2b686)	COMPLETED	0	2026-04-15 14:12:21.691	296ms	29ms	68.5%	3.4 MB	4.4 MB	99.7 KB	353.7 KB
2035	4d/0336b9	4083332	UNPACK_HHR (unpack_PHROGS_d7b2b686)	COMPLETED	0	2026-04-15 14:12:21.722	293ms	26ms	95.6%	3.3 MB	4.4 MB	99.8 KB	339.1 KB
2036	3c/54e66d	4083517	UNPACK_HHR (unpack_PFAM_3252c5d7)	COMPLETED	0	2026-04-15 14:12:21.749	275ms	25ms	51.4%	3.4 MB	4.4 MB	99.7 KB	177.9 KB
2037	ff/d8ef1b	4083538	UNPACK_HHR (unpack_ECOD_eac1a8b6)	COMPLETED	0	2026-04-15 14:12:21.751	281ms	42ms	73.1%	3.4 MB	4.4 MB	99.7 KB	410 KB
2038	8a/1f3f4f	4083635	UNPACK_HHR (unpack_ECOD_240afc59)	COMPLETED	0	2026-04-15 14:12:21.762	277ms	28ms	72.3%	3.3 MB	4.4 MB	99.7 KB	1.1 MB
2040	39/296e0c	4083997	UNPACK_HHR (unpack_PHROGS_3252c5d7)	COMPLETED	0	2026-04-15 14:12:21.824	302ms	27ms	67.8%	3.2 MB	4.4 MB	99.8 KB	420.9 KB
2042	fa/a92a26	4084650	UNPACK_HHR (unpack_PHROGS_558eb27c)	COMPLETED	0	2026-04-15 14:12:21.920	288ms	26ms	73.6%	3.4 MB	4.4 MB	99.8 KB	338.6 KB
2039	df/108dcc	4083986	UNPACK_HHR (unpack_ECOD_70930497)	COMPLETED	0	2026-04-15 14:12:21.821	387ms	30ms	42.5%	3.3 MB	4.4 MB	99.8 KB	1.5 MB
2041	c8/50e768	4084589	UNPACK_HHR (unpack_PFAM_558eb27c)	COMPLETED	0	2026-04-15 14:12:21.910	301ms	26ms	49.5%	3.3 MB	4.4 MB	99.7 KB	122.7 KB
2043	30/19e6d9	4084784	UNPACK_HHR (unpack_ECOD_3252c5d7)	COMPLETED	0	2026-04-15 14:12:21.942	298ms	29ms	86.9%	3.3 MB	4.4 MB	99.7 KB	869.7 KB
2044	37/7c1a80	4084807	UNPACK_HHR (unpack_PHROGS_be262a0e)	COMPLETED	0	2026-04-15 14:12:21.944	297ms	28ms	67.1%	3.3 MB	4.4 MB	99.8 KB	462.9 KB
2045	c6/a6f228	4084856	UNPACK_HHR (unpack_PFAM_be262a0e)	COMPLETED	0	2026-04-15 14:12:21.952	291ms	27ms	67.1%	3.4 MB	4.4 MB	99.7 KB	336 KB
2046	97/b686c6	4085198	UNPACK_HHR (unpack_PHROGS_d2180419)	COMPLETED	0	2026-04-15 14:12:21.990	299ms	25ms	93.0%	3.2 MB	4.4 MB	99.8 KB	387.1 KB
2048	9c/c84d1f	4085448	UNPACK_HHR (unpack_ECOD_d7b2b686)	COMPLETED	0	2026-04-15 14:12:22.027	329ms	29ms	68.9%	3.4 MB	4.4 MB	99.7 KB	2.4 MB
2049	24/c9d887	4085522	UNPACK_HHR (unpack_PHROGS_ea87e567)	COMPLETED	0	2026-04-15 14:12:22.035	323ms	26ms	73.1%	3.3 MB	4.4 MB	99.8 KB	270.6 KB
2050	04/74b25b	4085582	UNPACK_HHR (unpack_ECOD_3051808f)	COMPLETED	0	2026-04-15 14:12:22.042	316ms	28ms	69.6%	3.3 MB	4.4 MB	99.7 KB	1.9 MB
2047	76/8d690f	4085390	UNPACK_HHR (unpack_PFAM_d2180419)	COMPLETED	0	2026-04-15 14:12:22.018	341ms	27ms	95.0%	3.4 MB	4.4 MB	99.7 KB	205.6 KB
2051	ba/609eea	4085989	UNPACK_HHR (unpack_ECOD_558eb27c)	COMPLETED	0	2026-04-15 14:12:22.130	273ms	29ms	85.0%	3.4 MB	4.4 MB	99.7 KB	511.9 KB
2053	be/55c60b	4086623	UNPACK_HHR (unpack_ECOD_d2180419)	COMPLETED	0	2026-04-15 14:12:22.213	276ms	26ms	71.5%	3.3 MB	4.4 MB	99.7 KB	1.3 MB
2054	38/40d37e	4086634	UNPACK_HHR (unpack_PHROGS_5c33c0c8)	COMPLETED	0	2026-04-15 14:12:22.215	277ms	27ms	70.8%	3.4 MB	4.4 MB	99.8 KB	382.5 KB
2052	7d/86f4d8	4086610	UNPACK_HHR (unpack_PFAM_ea87e567)	COMPLETED	0	2026-04-15 14:12:22.211	282ms	25ms	99.2%	3.3 MB	4.4 MB	99.7 KB	251.3 KB
2057	5f/27483e	4086827	UNPACK_HHR (unpack_PHROGS_7a088900)	COMPLETED	0	2026-04-15 14:12:22.247	268ms	25ms	98.7%	3.4 MB	4.4 MB	99.7 KB	259.4 KB
2055	c0/bba2f8	4086792	UNPACK_HHR (unpack_PFAM_5c33c0c8)	COMPLETED	0	2026-04-15 14:12:22.243	276ms	27ms	71.0%	3.4 MB	4.4 MB	99.7 KB	247.8 KB
2056	00/427ea6	4086808	UNPACK_HHR (unpack_PHROGS_c19839c0)	COMPLETED	0	2026-04-15 14:12:22.245	287ms	28ms	67.5%	3.3 MB	4.4 MB	99.7 KB	105 KB
2058	1c/b3fd8f	4087165	UNPACK_HHR (unpack_ECOD_ea87e567)	COMPLETED	0	2026-04-15 14:12:22.292	300ms	27ms	47.5%	3.3 MB	4.4 MB	99.7 KB	1.2 MB
2059	45/1c547c	4087682	UNPACK_HHR (unpack_PHROGS_f785b339)	COMPLETED	0	2026-04-15 14:12:22.359	278ms	26ms	75.9%	3.4 MB	4.4 MB	99.8 KB	283.8 KB
2061	60/2cae0e	4087699	UNPACK_HHR (unpack_PFAM_639b68ce)	COMPLETED	0	2026-04-15 14:12:22.364	281ms	26ms	50.7%	3.3 MB	4.4 MB	99.7 KB	237.4 KB
2062	86/079f02	4087708	UNPACK_HHR (unpack_PHROGS_639b68ce)	COMPLETED	0	2026-04-15 14:12:22.366	300ms	27ms	91.0%	3.4 MB	4.4 MB	99.8 KB	340.4 KB
2060	3e/b00d84	4087694	UNPACK_HHR (unpack_PFAM_f785b339)	COMPLETED	0	2026-04-15 14:12:22.362	323ms	27ms	71.2%	3.4 MB	4.4 MB	99.7 KB	186.1 KB
2063	b3/7c577d	4087947	UNPACK_HHR (unpack_PFAM_0ac54e42)	COMPLETED	0	2026-04-15 14:12:22.406	291ms	67ms	49.7%	4.8 MB	7 MB	99.7 KB	119.5 KB
2065	f6/d5eeeb	4088717	UNPACK_HHR (unpack_PHROGS_0ac54e42)	COMPLETED	0	2026-04-15 14:12:22.495	277ms	28ms	47.9%	3.4 MB	4.4 MB	99.7 KB	117.3 KB
2064	3b/4ce880	4088704	UNPACK_HHR (unpack_PFAM_7a088900)	COMPLETED	0	2026-04-15 14:12:22.492	286ms	27ms	94.1%	3.4 MB	4.4 MB	99.7 KB	273.6 KB
2066	96/10035a	4088727	UNPACK_HHR (unpack_ECOD_f785b339)	COMPLETED	0	2026-04-15 14:12:22.497	287ms	27ms	66.8%	3.4 MB	4.4 MB	99.7 KB	348.5 KB
2068	26/b1112b	4088856	UNPACK_HHR (unpack_ECOD_0ac54e42)	COMPLETED	0	2026-04-15 14:12:22.521	287ms	26ms	95.8%	3.3 MB	4.4 MB	99.7 KB	486.2 KB
2067	4a/58d345	4088828	UNPACK_HHR (unpack_PHROGS_70930497)	COMPLETED	0	2026-04-15 14:12:22.518	292ms	29ms	90.6%	3.3 MB	4.4 MB	99.8 KB	1.6 MB
2069	f5/4e6883	4088950	UNPACK_HHR (unpack_PFAM_c19839c0)	COMPLETED	0	2026-04-15 14:12:22.536	301ms	26ms	95.3%	3.3 MB	4.4 MB	99.7 KB	109.6 KB
2071	27/a69750	4089731	UNPACK_HHR (unpack_PFAM_21601595)	COMPLETED	0	2026-04-15 14:12:22.640	285ms	25ms	47.3%	3.3 MB	4.4 MB	99.7 KB	224.1 KB
2072	f6/48fe5a	4089773	UNPACK_HHR (unpack_ECOD_be262a0e)	COMPLETED	0	2026-04-15 14:12:22.649	286ms	31ms	64.2%	3.4 MB	4.4 MB	99.7 KB	1.2 MB
2070	99/3b23d6	4089449	UNPACK_HHR (unpack_PHROGS_21601595)	COMPLETED	0	2026-04-15 14:12:22.595	341ms	102ms	35.3%	4.7 MB	7.3 MB	99.7 KB	382.7 KB
2075	bd/c8ab75	4090126	UNPACK_HHR (unpack_PHROGS_60ff4d15)	COMPLETED	0	2026-04-15 14:12:22.700	274ms	28ms	91.2%	3.3 MB	4.4 MB	99.8 KB	329.4 KB
2074	06/3f007b	4090039	UNPACK_HHR (unpack_PFAM_c59033c1)	COMPLETED	0	2026-04-15 14:12:22.688	297ms	24ms	50.7%	3.4 MB	4.4 MB	99.7 KB	289.3 KB
2073	c2/d28962	4089890	UNPACK_HHR (unpack_PHROGS_c59033c1)	COMPLETED	0	2026-04-15 14:12:22.670	345ms	27ms	68.1%	3.3 MB	4.4 MB	99.7 KB	330.9 KB
2076	b1/31db08	4090837	UNPACK_HHR (unpack_PHROGS_849d8ab8)	COMPLETED	0	2026-04-15 14:12:22.776	270ms	26ms	76.6%	3.4 MB	4.4 MB	99.8 KB	448.6 KB
2078	70/f591aa	4090920	UNPACK_HHR (unpack_PFAM_60ff4d15)	COMPLETED	0	2026-04-15 14:12:22.787	287ms	25ms	79.4%	3.2 MB	4.4 MB	99.7 KB	343 KB
2080	80/7dc81f	4091061	UNPACK_HHR (unpack_ECOD_639b68ce)	COMPLETED	0	2026-04-15 14:12:22.813	278ms	27ms	50.3%	3.4 MB	4.4 MB	99.7 KB	1.4 MB
2079	72/552026	4091049	UNPACK_HHR (unpack_PFAM_4612dc7f)	COMPLETED	0	2026-04-15 14:12:22.811	283ms	37ms	38.9%	3.4 MB	4.4 MB	99.7 KB	492.5 KB
2081	c9/e707a3	4091228	UNPACK_HHR (unpack_PFAM_849d8ab8)	COMPLETED	0	2026-04-15 14:12:22.841	273ms	26ms	50.9%	3.3 MB	4.4 MB	99.7 KB	313.3 KB
2077	42/733289	4090872	UNPACK_HHR (unpack_ECOD_5c33c0c8)	COMPLETED	0	2026-04-15 14:12:22.781	347ms	119ms	23.2%	4.8 MB	8.1 MB	99.7 KB	1.2 MB
2082	83/3dd09d	4091888	UNPACK_HHR (unpack_ECOD_7a088900)	COMPLETED	0	2026-04-15 14:12:22.929	281ms	27ms	68.4%	3.3 MB	4.4 MB	99.7 KB	1.3 MB
2084	d7/6cc3a4	4091975	UNPACK_HHR (unpack_ECOD_bc356aa0)	COMPLETED	0	2026-04-15 14:12:22.940	285ms	28ms	45.8%	3.3 MB	4.4 MB	99.7 KB	1.5 MB
2085	00/c5ed24	4092176	UNPACK_HHR (unpack_ECOD_c59033c1)	COMPLETED	0	2026-04-15 14:12:22.978	278ms	31ms	64.0%	3.3 MB	4.4 MB	99.7 KB	1.5 MB
2086	4a/ecb7b7	4092246	UNPACK_HHR (unpack_ECOD_dcf7131e)	COMPLETED	0	2026-04-15 14:12:22.989	291ms	28ms	66.8%	3.3 MB	4.4 MB	99.7 KB	1.2 MB
2083	84/edf5ae	4091965	UNPACK_HHR (unpack_PHROGS_4612dc7f)	COMPLETED	0	2026-04-15 14:12:22.937	369ms	143ms	26.2%	4.8 MB	7.7 MB	99.8 KB	806.7 KB
2088	00/558e90	4092509	UNPACK_HHR (unpack_PFAM_dcf7131e)	COMPLETED	0	2026-04-15 14:12:23.018	289ms	29ms	64.9%	3.3 MB	4.4 MB	99.7 KB	557.2 KB
2089	22/ee00bd	4092761	UNPACK_HHR (unpack_PHROGS_d8739dc7)	COMPLETED	0	2026-04-15 14:12:23.049	288ms	24ms	73.8%	3.4 MB	4.4 MB	99.8 KB	532.6 KB
2092	1e/83a635	4093063	UNPACK_HHR (unpack_PHROGS_dcf7131e)	COMPLETED	0	2026-04-15 14:12:23.097	279ms	28ms	70.8%	3.4 MB	4.4 MB	99.8 KB	934 KB
2090	59/866990	4092950	UNPACK_HHR (unpack_PHROGS_714b7e8e)	COMPLETED	0	2026-04-15 14:12:23.077	311ms	85ms	32.1%	4.8 MB	7.2 MB	99.8 KB	277.5 KB
2091	3a/b98db8	4093050	UNPACK_HHR (unpack_PFAM_d8739dc7)	COMPLETED	0	2026-04-15 14:12:23.094	300ms	27ms	72.1%	3.3 MB	4.4 MB	99.7 KB	458.2 KB
2093	a6/d502c1	4093201	UNPACK_HHR (unpack_ECOD_849d8ab8)	COMPLETED	0	2026-04-15 14:12:23.117	289ms	28ms	69.3%	3.4 MB	4.4 MB	99.7 KB	1 MB
2094	d7/70168f	4093304	UNPACK_HHR (unpack_ECOD_21601595)	COMPLETED	0	2026-04-15 14:12:23.131	317ms	27ms	46.2%	3.3 MB	4.4 MB	99.7 KB	647.8 KB
2096	80/5e3fd0	4094016	UNPACK_HHR (unpack_PHROGS_2025f82f)	COMPLETED	0	2026-04-15 14:12:23.229	270ms	24ms	78.0%	3.4 MB	4.4 MB	99.8 KB	325 KB
2095	6d/21e30d	4093923	UNPACK_HHR (unpack_PHROGS_4ef28d6a)	COMPLETED	0	2026-04-15 14:12:23.213	309ms	27ms	70.7%	3.3 MB	4.4 MB	99.8 KB	755.9 KB
2098	82/35d40b	4094355	UNPACK_HHR (unpack_PFAM_212c9fc4)	COMPLETED	0	2026-04-15 14:12:23.283	276ms	26ms	98.2%	3.4 MB	4.4 MB	99.7 KB	367.9 KB
2100	49/259585	4094582	UNPACK_HHR (unpack_ECOD_4612dc7f)	COMPLETED	0	2026-04-15 14:12:23.312	278ms	28ms	44.9%	3.4 MB	4.4 MB	99.7 KB	1.7 MB
2099	85/0236b9	4094561	UNPACK_HHR (unpack_PHROGS_212c9fc4)	COMPLETED	0	2026-04-15 14:12:23.310	281ms	27ms	94.1%	3.3 MB	4.4 MB	99.8 KB	520.8 KB
2101	49/f8c25e	4094802	UNPACK_HHR (unpack_PFAM_2025f82f)	COMPLETED	0	2026-04-15 14:12:23.340	278ms	26ms	47.0%	3.2 MB	4.4 MB	99.7 KB	271 KB
2097	15/da942e	4094194	UNPACK_HHR (unpack_ECOD_714b7e8e)	COMPLETED	0	2026-04-15 14:12:23.260	359ms	118ms	23.2%	4.7 MB	7.4 MB	99.7 KB	528.2 KB
2102	0a/936245	4095090	UNPACK_HHR (unpack_PFAM_4ef28d6a)	COMPLETED	0	2026-04-15 14:12:23.380	272ms	27ms	97.5%	3.4 MB	4.4 MB	99.7 KB	688.4 KB
2103	dd/f19396	4095167	UNPACK_HHR (unpack_PHROGS_a7ea6322)	COMPLETED	0	2026-04-15 14:12:23.391	289ms	26ms	95.2%	3.3 MB	4.4 MB	99.8 KB	484.6 KB
2104	d1/d916f9	4095194	UNPACK_HHR (unpack_PHROGS_8659c303)	COMPLETED	0	2026-04-15 14:12:23.397	289ms	28ms	91.6%	3.3 MB	4.4 MB	99.8 KB	477.5 KB
2105	00/e77c12	4095279	UNPACK_HHR (unpack_PFAM_a7ea6322)	COMPLETED	0	2026-04-15 14:12:23.409	302ms	24ms	53.1%	3.3 MB	4.4 MB	99.7 KB	265.2 KB
2106	ad/140aaf	4095569	UNPACK_HHR (unpack_PFAM_8659c303)	COMPLETED	0	2026-04-15 14:12:23.452	278ms	28ms	92.3%	3.3 MB	4.4 MB	99.7 KB	398.4 KB
2109	1b/fb1f50	4096065	UNPACK_HHR (unpack_PHROGS_b09a0f15)	COMPLETED	0	2026-04-15 14:12:23.525	286ms	27ms	47.8%	3.3 MB	4.4 MB	99.8 KB	630.5 KB
2107	6c/0e6cbd	4095929	UNPACK_HHR (unpack_ECOD_d8739dc7)	COMPLETED	0	2026-04-15 14:12:23.502	313ms	80ms	31.9%	5.2 MB	8.3 MB	99.7 KB	1.4 MB
2110	34/dcd689	4096348	UNPACK_HHR (unpack_PHROGS_476d4779)	COMPLETED	0	2026-04-15 14:12:23.562	287ms	26ms	48.9%	3.4 MB	4.4 MB	99.8 KB	663.1 KB
2111	f1/8a1d2f	4096535	UNPACK_HHR (unpack_ECOD_c19839c0)	COMPLETED	0	2026-04-15 14:12:23.592	286ms	29ms	88.1%	3.4 MB	4.4 MB	99.7 KB	556.3 KB
2112	2c/7a3ca2	4096564	UNPACK_HHR (unpack_PFAM_b09a0f15)	COMPLETED	0	2026-04-15 14:12:23.595	288ms	28ms	70.6%	3.3 MB	4.4 MB	99.7 KB	653.1 KB
2114	7d/f1e1ee	4096794	UNPACK_HHR (unpack_ECOD_2025f82f)	COMPLETED	0	2026-04-15 14:12:23.624	291ms	26ms	49.4%	3.4 MB	4.4 MB	99.7 KB	573.6 KB
2113	e0/df4639	4096767	UNPACK_HHR (unpack_PFAM_476d4779)	COMPLETED	0	2026-04-15 14:12:23.622	297ms	27ms	67.9%	3.4 MB	4.4 MB	99.7 KB	477.7 KB
2116	2b/8cba16	4097238	UNPACK_HHR (unpack_PHROGS_da91ce45)	COMPLETED	0	2026-04-15 14:12:23.683	286ms	26ms	71.5%	3.4 MB	4.4 MB	99.7 KB	395.4 KB
2117	ef/8fbc6c	4097279	UNPACK_HHR (unpack_PHROGS_7982ec01)	COMPLETED	0	2026-04-15 14:12:23.689	283ms	29ms	46.1%	3.4 MB	4.4 MB	99.8 KB	583.9 KB
2118	f0/0da811	4097437	UNPACK_HHR (unpack_PFAM_7982ec01)	COMPLETED	0	2026-04-15 14:12:23.715	281ms	29ms	94.7%	3.3 MB	4.4 MB	99.7 KB	486.7 KB
2115	56/74edfd	4097037	UNPACK_HHR (unpack_ECOD_4ef28d6a)	COMPLETED	0	2026-04-15 14:12:23.656	354ms	127ms	29.2%	4.8 MB	9.9 MB	99.7 KB	3 MB
2119	ec/126969	4097556	UNPACK_HHR (unpack_ECOD_8659c303)	COMPLETED	0	2026-04-15 14:12:23.733	278ms	27ms	69.3%	3.3 MB	4.4 MB	99.7 KB	902.5 KB
2641	8f/6fde0e	4098278	UNPACK_HHR (unpack_PFAM_8dee3941)	COMPLETED	0	2026-04-15 14:12:23.818	277ms	24ms	76.7%	3.4 MB	4.4 MB	99.7 KB	180.4 KB
2120	98/8ba5a5	4098244	UNPACK_HHR (unpack_PFAM_da91ce45)	COMPLETED	0	2026-04-15 14:12:23.814	293ms	24ms	48.7%	3.3 MB	4.4 MB	99.7 KB	318.1 KB
2121	52/5ca73f	4098530	UNPACK_HHR (unpack_ECOD_212c9fc4)	COMPLETED	0	2026-04-15 14:12:23.852	274ms	27ms	72.2%	3.3 MB	4.4 MB	99.7 KB	1.3 MB
2222	6f/e4ce30	4098767	UNPACK_HHR (unpack_PFAM_ed3fcf6a)	COMPLETED	0	2026-04-15 14:12:23.886	275ms	27ms	71.8%	3.4 MB	4.4 MB	99.7 KB	212.2 KB
2122	84/7af9da	4098744	UNPACK_HHR (unpack_PHROGS_63f9c105)	COMPLETED	0	2026-04-15 14:12:23.882	285ms	27ms	67.3%	3.4 MB	4.4 MB	99.8 KB	303.7 KB
2123	e9/6de23f	4099033	UNPACK_HHR (unpack_PFAM_63f9c105)	COMPLETED	0	2026-04-15 14:12:23.919	282ms	27ms	47.9%	3.3 MB	4.4 MB	99.7 KB	199.4 KB
2125	5d/7a43ac	4099060	UNPACK_HHR (unpack_PHROGS_b86a522b)	COMPLETED	0	2026-04-15 14:12:23.922	315ms	26ms	48.2%	3.3 MB	4.4 MB	99.7 KB	501.5 KB
2127	71/2c8a33	4099456	UNPACK_HHR (unpack_PFAM_3e58cd91)	COMPLETED	0	2026-04-15 14:12:23.976	280ms	25ms	49.4%	3.4 MB	4.4 MB	99.7 KB	197.6 KB
2126	3b/f6d1bb	4099433	UNPACK_HHR (unpack_PHROGS_3e58cd91)	COMPLETED	0	2026-04-15 14:12:23.973	285ms	25ms	73.3%	3.4 MB	4.4 MB	99.7 KB	186.4 KB
2128	80/b060ad	4099577	UNPACK_HHR (unpack_ECOD_da91ce45)	COMPLETED	0	2026-04-15 14:12:24.000	277ms	28ms	70.9%	3.2 MB	4.4 MB	99.7 KB	1.7 MB
2129	3c/feaea3	4099681	UNPACK_HHR (unpack_PHROGS_b7c5d9ea)	COMPLETED	0	2026-04-15 14:12:24.013	271ms	32ms	63.4%	3.4 MB	4.4 MB	99.7 KB	319.8 KB
2130	ef/bf960c	4099697	UNPACK_HHR (unpack_PHROGS_3c1eb06c)	COMPLETED	0	2026-04-15 14:12:24.016	282ms	27ms	72.4%	3.4 MB	4.4 MB	99.7 KB	201.9 KB
2133	5c/95833a	4100523	UNPACK_HHR (unpack_PFAM_b7c5d9ea)	COMPLETED	0	2026-04-15 14:12:24.130	270ms	35ms	83.3%	3.3 MB	4.4 MB	99.7 KB	231.2 KB
2131	e4/c21d88	4100325	UNPACK_HHR (unpack_PFAM_3c1eb06c)	COMPLETED	0	2026-04-15 14:12:24.100	302ms	38ms	55.9%	3.4 MB	4.4 MB	99.7 KB	139.8 KB
2132	6a/c39664	4100401	UNPACK_HHR (unpack_PFAM_b86a522b)	COMPLETED	0	2026-04-15 14:12:24.110	313ms	88ms	29.4%	4.8 MB	7.3 MB	99.7 KB	455.5 KB
2134	e6/837246	4100809	UNPACK_HHR (unpack_ECOD_b09a0f15)	COMPLETED	0	2026-04-15 14:12:24.164	284ms	28ms	48.6%	3.4 MB	4.4 MB	99.7 KB	1.6 MB
2135	88/fff389	4100856	UNPACK_HHR (unpack_ECOD_3c1eb06c)	COMPLETED	0	2026-04-15 14:12:24.170	279ms	26ms	50.2%	3.4 MB	4.4 MB	99.7 KB	295 KB
2136	fe/8d9f2f	4101149	UNPACK_HHR (unpack_ECOD_476d4779)	COMPLETED	0	2026-04-15 14:12:24.204	282ms	30ms	64.6%	3.4 MB	4.4 MB	99.7 KB	1.5 MB
2137	46/147ac2	4101431	UNPACK_HHR (unpack_ECOD_63f9c105)	COMPLETED	0	2026-04-15 14:12:24.241	299ms	25ms	75.9%	3.3 MB	4.4 MB	99.7 KB	620 KB
2138	ac/7bd2b0	4101592	UNPACK_HHR (unpack_PHROGS_e65d4a3b)	COMPLETED	0	2026-04-15 14:12:24.264	280ms	25ms	94.7%	3.4 MB	4.4 MB	99.7 KB	516.9 KB
2139	0b/a5854f	4101600	UNPACK_HHR (unpack_PFAM_9d7929f0)	COMPLETED	0	2026-04-15 14:12:24.267	283ms	30ms	44.2%	3.2 MB	4.4 MB	99.7 KB	81.9 KB
2140	1f/6d54cf	4101667	UNPACK_HHR (unpack_PHROGS_9d7929f0)	COMPLETED	0	2026-04-15 14:12:24.279	299ms	26ms	99.9%	3.4 MB	4.4 MB	99.8 KB	324 KB
2142	18/5f4f2b	4101804	UNPACK_HHR (unpack_PFAM_5d657f4f)	COMPLETED	0	2026-04-15 14:12:24.301	284ms	24ms	74.5%	3.3 MB	4.4 MB	99.7 KB	72 KB
2141	4f/1ff710	4101698	UNPACK_HHR (unpack_PHROGS_5d657f4f)	COMPLETED	0	2026-04-15 14:12:24.286	310ms	26ms	71.6%	3.4 MB	4.4 MB	99.7 KB	209.4 KB
2144	1e/f6f48c	4102572	UNPACK_HHR (unpack_PFAM_04b73a65)	COMPLETED	0	2026-04-15 14:12:24.407	291ms	25ms	74.7%	3.3 MB	4.4 MB	99.7 KB	273 KB
2145	b4/355f41	4102676	UNPACK_HHR (unpack_PHROGS_bf2ec8f9)	COMPLETED	0	2026-04-15 14:12:24.426	280ms	30ms	87.7%	3.3 MB	4.4 MB	99.8 KB	329.9 KB
2146	54/cf747a	4102831	UNPACK_HHR (unpack_PFAM_e65d4a3b)	COMPLETED	0	2026-04-15 14:12:24.452	289ms	26ms	72.3%	3.3 MB	4.4 MB	99.7 KB	406.6 KB
2147	91/8baf36	4102845	UNPACK_HHR (unpack_ECOD_b7c5d9ea)	COMPLETED	0	2026-04-15 14:12:24.454	289ms	29ms	90.0%	3.3 MB	4.4 MB	99.7 KB	1.1 MB
2148	5d/fffb3e	4103129	UNPACK_HHR (unpack_ECOD_3e58cd91)	COMPLETED	0	2026-04-15 14:12:24.489	271ms	27ms	72.0%	3.3 MB	4.4 MB	99.7 KB	827.8 KB
2150	4c/75238d	4103637	UNPACK_HHR (unpack_PFAM_eeea4320)	COMPLETED	0	2026-04-15 14:12:24.546	273ms	25ms	100.4%	3.3 MB	4.4 MB	99.7 KB	221.5 KB
2149	da/51d88d	4103608	UNPACK_HHR (unpack_PFAM_bf2ec8f9)	COMPLETED	0	2026-04-15 14:12:24.544	280ms	25ms	50.6%	3.3 MB	4.4 MB	99.7 KB	268.6 KB
2151	cd/736992	4103674	UNPACK_HHR (unpack_ECOD_9d7929f0)	COMPLETED	0	2026-04-15 14:12:24.553	286ms	26ms	99.9%	3.3 MB	4.4 MB	99.7 KB	608.1 KB
2152	57/e9a400	4103827	UNPACK_HHR (unpack_PHROGS_eeea4320)	COMPLETED	0	2026-04-15 14:12:24.581	288ms	28ms	45.9%	3.3 MB	4.4 MB	99.8 KB	290.8 KB
2153	fd/6319eb	4103856	UNPACK_HHR (unpack_PHROGS_688f6ec9)	COMPLETED	0	2026-04-15 14:12:24.588	284ms	26ms	92.9%	3.3 MB	4.4 MB	99.7 KB	409 KB
2157	31/32bb77	4104752	UNPACK_HHR (unpack_PFAM_85767717)	COMPLETED	0	2026-04-15 14:12:24.709	273ms	25ms	49.7%	3.3 MB	4.4 MB	99.7 KB	423.3 KB
2156	62/b200ac	4104697	UNPACK_HHR (unpack_ECOD_e65d4a3b)	COMPLETED	0	2026-04-15 14:12:24.702	282ms	27ms	46.2%	3.4 MB	4.4 MB	99.7 KB	629.8 KB
2159	ee/6c720a	4104955	UNPACK_HHR (unpack_PFAM_688f6ec9)	COMPLETED	0	2026-04-15 14:12:24.747	279ms	27ms	45.9%	3.4 MB	4.4 MB	99.7 KB	345.6 KB
2158	4c/e90ec4	4104945	UNPACK_HHR (unpack_ECOD_eeea4320)	COMPLETED	0	2026-04-15 14:12:24.745	289ms	28ms	67.2%	3.3 MB	4.4 MB	99.7 KB	809.3 KB
2160	c1/8b985b	4105065	UNPACK_HHR (unpack_PHROGS_d56513e7)	COMPLETED	0	2026-04-15 14:12:24.763	271ms	26ms	94.2%	3.4 MB	4.4 MB	99.7 KB	316 KB
2161	8c/46ba6f	4105624	UNPACK_HHR (unpack_ECOD_bf2ec8f9)	COMPLETED	0	2026-04-15 14:12:24.822	268ms	26ms	99.4%	3.4 MB	4.4 MB	99.7 KB	1.6 MB
2162	21/e76322	4105653	UNPACK_HHR (unpack_PFAM_ceb67658)	COMPLETED	0	2026-04-15 14:12:24.827	270ms	26ms	48.9%	3.4 MB	4.4 MB	99.7 KB	88.6 KB
2163	a6/3fec95	4105814	UNPACK_HHR (unpack_ECOD_b86a522b)	COMPLETED	0	2026-04-15 14:12:24.842	280ms	29ms	89.4%	3.4 MB	4.4 MB	99.7 KB	2.3 MB
2164	ec/bded3b	4105977	UNPACK_HHR (unpack_PHROGS_ceb67658)	COMPLETED	0	2026-04-15 14:12:24.872	274ms	26ms	95.9%	3.3 MB	4.4 MB	99.7 KB	205.5 KB
2165	11/4b4a72	4105997	UNPACK_HHR (unpack_ECOD_ceb67658)	COMPLETED	0	2026-04-15 14:12:24.875	277ms	25ms	77.3%	3.4 MB	4.4 MB	99.7 KB	181.6 KB
2167	1c/2b6c9e	4106719	UNPACK_HHR (unpack_ECOD_85767717)	COMPLETED	0	2026-04-15 14:12:24.988	270ms	27ms	48.4%	3.4 MB	4.4 MB	99.7 KB	1.6 MB
2143	5c/6fc594	4102563	UNPACK_HHR (unpack_ECOD_5d657f4f)	COMPLETED	0	2026-04-15 14:12:24.404	857ms	26ms	47.6%	3.4 MB	4.4 MB	99.7 KB	162.7 KB
2166	74/fd92f2	4106705	UNPACK_HHR (unpack_PFAM_3787c751)	COMPLETED	0	2026-04-15 14:12:24.985	291ms	25ms	76.1%	3.3 MB	4.4 MB	99.7 KB	64.9 KB
2155	33/a4a81a	4103923	UNPACK_HHR (unpack_PHROGS_85767717)	COMPLETED	0	2026-04-15 14:12:24.598	682ms	27ms	93.2%	3.4 MB	4.4 MB	99.8 KB	477 KB
2168	09/279486	4106947	UNPACK_HHR (unpack_ECOD_d56513e7)	COMPLETED	0	2026-04-15 14:12:25.030	272ms	27ms	69.5%	3.3 MB	4.4 MB	99.7 KB	692.8 KB
2170	34/2de085	4107027	UNPACK_HHR (unpack_PHROGS_1abea961)	COMPLETED	0	2026-04-15 14:12:25.040	270ms	24ms	76.8%	3.3 MB	4.4 MB	99.7 KB	363.9 KB
2171	e5/8b7fe9	4107437	UNPACK_HHR (unpack_PFAM_0209d0ae)	COMPLETED	0	2026-04-15 14:12:25.094	278ms	27ms	48.1%	3.3 MB	4.4 MB	99.7 KB	453.2 KB
2169	a5/09b707	4107005	UNPACK_HHR (unpack_PHROGS_3787c751)	COMPLETED	0	2026-04-15 14:12:25.037	335ms	24ms	75.2%	3.3 MB	4.4 MB	99.7 KB	288.3 KB
2172	61/53441f	4107480	UNPACK_HHR (unpack_PHROGS_0209d0ae)	COMPLETED	0	2026-04-15 14:12:25.100	276ms	27ms	47.6%	3.4 MB	4.4 MB	99.8 KB	605.5 KB
2173	82/4438a8	4107642	UNPACK_HHR (unpack_ECOD_3787c751)	COMPLETED	0	2026-04-15 14:12:25.125	275ms	26ms	46.7%	3.3 MB	4.4 MB	99.7 KB	133.4 KB
2174	ee/baabbc	4107751	UNPACK_HHR (unpack_PFAM_5d5706e5)	COMPLETED	0	2026-04-15 14:12:25.149	282ms	29ms	68.6%	3.3 MB	4.4 MB	99.7 KB	155.8 KB
2175	af/2f807f	4107772	UNPACK_HHR (unpack_PFAM_1abea961)	COMPLETED	0	2026-04-15 14:12:25.155	285ms	28ms	88.3%	3.3 MB	4.4 MB	99.7 KB	360.5 KB
2176	18/471476	4108454	UNPACK_HHR (unpack_PHROGS_5d5706e5)	COMPLETED	0	2026-04-15 14:12:25.261	288ms	28ms	68.3%	3.4 MB	4.4 MB	99.8 KB	305.5 KB
1773	94/cdc96b	4034866	HHSUITE_SEARCH_BATCH (ECOD_94cdc96b)	COMPLETED	0	2026-04-15 14:12:13.298	12.3s	12s	86.6%	625.2 MB	32.5 GB	8 MB	284.7 KB
2177	00/719524	4108475	UNPACK_HHR (unpack_ECOD_5d5706e5)	COMPLETED	0	2026-04-15 14:12:25.264	290ms	28ms	45.5%	3.3 MB	4.4 MB	99.7 KB	342.9 KB
2178	1e/7c86e3	4108571	UNPACK_HHR (unpack_PFAM_a05e3f77)	COMPLETED	0	2026-04-15 14:12:25.279	281ms	27ms	92.1%	3.3 MB	4.4 MB	99.7 KB	187.6 KB
2180	18/36b6d5	4108595	UNPACK_HHR (unpack_PHROGS_1a0afa02)	COMPLETED	0	2026-04-15 14:12:25.283	285ms	27ms	70.2%	3.3 MB	4.4 MB	99.7 KB	585.9 KB
2181	12/853911	4108728	UNPACK_HHR (unpack_PHROGS_de1878da)	COMPLETED	0	2026-04-15 14:12:25.306	283ms	28ms	70.5%	3.4 MB	4.4 MB	99.7 KB	266.1 KB
2182	0e/1cacd3	4108780	UNPACK_HHR (unpack_ECOD_0209d0ae)	COMPLETED	0	2026-04-15 14:12:25.312	279ms	31ms	63.2%	3.4 MB	4.4 MB	99.7 KB	1.6 MB
2183	57/c203c9	4109280	UNPACK_HHR (unpack_PFAM_1a0afa02)	COMPLETED	0	2026-04-15 14:12:25.376	277ms	26ms	47.5%	3.4 MB	4.4 MB	99.7 KB	428.9 KB
2185	1c/737788	4109316	UNPACK_HHR (unpack_PFAM_96c200d9)	COMPLETED	0	2026-04-15 14:12:25.381	283ms	25ms	48.4%	3.3 MB	4.4 MB	99.7 KB	202.8 KB
2184	ea/49bdeb	4109305	UNPACK_HHR (unpack_PFAM_de1878da)	COMPLETED	0	2026-04-15 14:12:25.378	287ms	25ms	52.1%	3.3 MB	4.4 MB	99.7 KB	165.2 KB
2186	2b/76d3b9	4109481	UNPACK_HHR (unpack_PFAM_0694604d)	COMPLETED	0	2026-04-15 14:12:25.404	285ms	26ms	70.2%	3.3 MB	4.4 MB	99.7 KB	258.1 KB
2187	2e/4be864	4109639	UNPACK_HHR (unpack_ECOD_a05e3f77)	COMPLETED	0	2026-04-15 14:12:25.435	283ms	26ms	71.6%	3.2 MB	4.4 MB	99.7 KB	405.3 KB
2188	a5/4eb365	4109673	UNPACK_HHR (unpack_ECOD_de1878da)	COMPLETED	0	2026-04-15 14:12:25.443	291ms	30ms	61.3%	3.4 MB	4.4 MB	99.7 KB	372.2 KB
2191	ea/98be7e	4110555	UNPACK_HHR (unpack_PFAM_ab714491)	COMPLETED	0	2026-04-15 14:12:25.557	285ms	26ms	96.7%	3.3 MB	4.4 MB	99.7 KB	134.6 KB
2190	37/35db2b	4110541	UNPACK_HHR (unpack_ECOD_96c200d9)	COMPLETED	0	2026-04-15 14:12:25.555	288ms	28ms	47.8%	3.3 MB	4.4 MB	99.7 KB	295.1 KB
2192	6e/45fe2d	4110588	UNPACK_HHR (unpack_ECOD_1abea961)	COMPLETED	0	2026-04-15 14:12:25.563	298ms	28ms	68.4%	3.3 MB	4.4 MB	99.7 KB	800.7 KB
2189	d6/8f0c45	4110524	UNPACK_HHR (unpack_PHROGS_96c200d9)	COMPLETED	0	2026-04-15 14:12:25.553	311ms	29ms	43.6%	3.3 MB	4.4 MB	99.7 KB	217.2 KB
2194	7b/b4ce57	4110790	UNPACK_HHR (unpack_ECOD_688f6ec9)	COMPLETED	0	2026-04-15 14:12:25.592	288ms	30ms	45.7%	3.3 MB	4.4 MB	99.7 KB	1.5 MB
2195	27/ec2f48	4110813	UNPACK_HHR (unpack_PHROGS_ccdd0f1a)	COMPLETED	0	2026-04-15 14:12:25.594	286ms	27ms	68.7%	3.4 MB	4.4 MB	99.7 KB	514.4 KB
2193	a2/0ee12e	4110643	UNPACK_HHR (unpack_PHROGS_ab714491)	COMPLETED	0	2026-04-15 14:12:25.571	312ms	28ms	64.2%	3.2 MB	4.4 MB	99.7 KB	158.6 KB
2196	90/0c4923	4111386	UNPACK_HHR (unpack_PHROGS_c4d56787)	COMPLETED	0	2026-04-15 14:12:25.656	292ms	26ms	46.0%	3.2 MB	4.4 MB	99.7 KB	240 KB
2198	66/cf31ee	4111482	UNPACK_HHR (unpack_PFAM_ccdd0f1a)	COMPLETED	0	2026-04-15 14:12:25.670	295ms	26ms	93.4%	3.3 MB	4.4 MB	99.7 KB	495.5 KB
2197	3d/d6f210	4111469	UNPACK_HHR (unpack_PFAM_c4d56787)	COMPLETED	0	2026-04-15 14:12:25.667	312ms	29ms	68.7%	3.4 MB	4.4 MB	99.7 KB	167 KB
2199	12/6572a5	4111651	UNPACK_HHR (unpack_ECOD_1a0afa02)	COMPLETED	0	2026-04-15 14:12:25.693	288ms	27ms	72.5%	3.3 MB	4.4 MB	99.7 KB	1.1 MB
2200	55/622a4e	4111796	UNPACK_HHR (unpack_PHROGS_c1fd8c79)	COMPLETED	0	2026-04-15 14:12:25.722	295ms	32ms	86.6%	3.3 MB	4.4 MB	99.7 KB	539.8 KB
2201	11/85367c	4111877	UNPACK_HHR (unpack_PHROGS_9d1ec8e0)	COMPLETED	0	2026-04-15 14:12:25.738	292ms	31ms	65.1%	3.3 MB	4.4 MB	99.8 KB	511.5 KB
2203	7b/496b21	4112811	UNPACK_HHR (unpack_PFAM_4931efa3)	COMPLETED	0	2026-04-15 14:12:25.849	290ms	27ms	48.2%	3.4 MB	4.4 MB	99.7 KB	215.9 KB
2204	3a/afd390	4112914	UNPACK_HHR (unpack_PHROGS_4931efa3)	COMPLETED	0	2026-04-15 14:12:25.865	290ms	26ms	70.7%	3.3 MB	4.4 MB	99.7 KB	225.4 KB
2205	32/93dbc9	4112920	UNPACK_HHR (unpack_ECOD_4931efa3)	COMPLETED	0	2026-04-15 14:12:25.867	289ms	28ms	68.1%	3.3 MB	4.4 MB	99.7 KB	657.5 KB
2202	0f/c9e395	4112800	UNPACK_HHR (unpack_PFAM_c1fd8c79)	COMPLETED	0	2026-04-15 14:12:25.846	323ms	28ms	68.9%	3.3 MB	4.4 MB	99.7 KB	361.8 KB
2206	ab/25de09	4113051	UNPACK_HHR (unpack_PFAM_9d1ec8e0)	COMPLETED	0	2026-04-15 14:12:25.883	295ms	28ms	66.7%	3.4 MB	4.4 MB	99.7 KB	406.9 KB
2208	b6/9b05e8	4113097	UNPACK_HHR (unpack_PHROGS_1e7e1b9f)	COMPLETED	0	2026-04-15 14:12:25.889	303ms	25ms	51.0%	3.3 MB	4.4 MB	99.7 KB	358 KB
2207	f9/a8edd6	4113070	UNPACK_HHR (unpack_PFAM_1e7e1b9f)	COMPLETED	0	2026-04-15 14:12:25.886	310ms	29ms	64.1%	3.4 MB	4.4 MB	99.7 KB	349.7 KB
2209	9d/a2545d	4113778	UNPACK_HHR (unpack_PHROGS_7dcc42d6)	COMPLETED	0	2026-04-15 14:12:25.952	284ms	27ms	94.3%	3.3 MB	4.4 MB	99.8 KB	564.6 KB
2210	9d/ee8c39	4113901	UNPACK_HHR (unpack_PFAM_8ded9ff2)	COMPLETED	0	2026-04-15 14:12:25.968	298ms	27ms	70.7%	3.4 MB	4.4 MB	99.7 KB	134.7 KB
2211	66/5210b3	4114022	UNPACK_HHR (unpack_PFAM_7dcc42d6)	COMPLETED	0	2026-04-15 14:12:25.983	285ms	29ms	45.2%	3.3 MB	4.4 MB	99.7 KB	374.9 KB
2212	cc/a7a10e	4114032	UNPACK_HHR (unpack_PHROGS_8ded9ff2)	COMPLETED	0	2026-04-15 14:12:25.985	286ms	27ms	95.3%	3.3 MB	4.4 MB	99.8 KB	304 KB
2213	c1/1fcacd	4114212	UNPACK_HHR (unpack_ECOD_ab714491)	COMPLETED	0	2026-04-15 14:12:26.020	290ms	30ms	65.2%	3.3 MB	4.4 MB	99.7 KB	811.3 KB
2214	0c/34f164	4114270	UNPACK_HHR (unpack_ECOD_1e7e1b9f)	COMPLETED	0	2026-04-15 14:12:26.033	305ms	28ms	88.9%	3.3 MB	4.4 MB	99.7 KB	635.2 KB
2215	d7/314840	4115185	UNPACK_HHR (unpack_PFAM_2f41f80d)	COMPLETED	0	2026-04-15 14:12:26.142	296ms	26ms	89.2%	3.3 MB	4.4 MB	99.7 KB	91.6 KB
2216	5c/da0f11	4115282	UNPACK_HHR (unpack_PFAM_11462337)	COMPLETED	0	2026-04-15 14:12:26.159	281ms	27ms	69.6%	3.3 MB	4.4 MB	99.7 KB	60.9 KB
2217	7c/8cf220	4115294	UNPACK_HHR (unpack_PHROGS_2f41f80d)	COMPLETED	0	2026-04-15 14:12:26.161	283ms	25ms	71.2%	3.3 MB	4.4 MB	99.7 KB	215.7 KB
2219	29/086d73	4115349	UNPACK_HHR (unpack_ECOD_11462337)	COMPLETED	0	2026-04-15 14:12:26.172	289ms	29ms	87.9%	3.3 MB	4.4 MB	99.7 KB	131.8 KB
2220	13/c3225a	4115416	UNPACK_HHR (unpack_ECOD_c4d56787)	COMPLETED	0	2026-04-15 14:12:26.181	287ms	30ms	42.5%	3.3 MB	4.4 MB	99.7 KB	655.3 KB
2223	4e/c59973	4115553	UNPACK_HHR (unpack_PHROGS_891042d9)	COMPLETED	0	2026-04-15 14:12:26.199	287ms	28ms	65.2%	3.3 MB	4.4 MB	99.8 KB	513 KB
2221	fc/4b9bcb	4115514	UNPACK_HHR (unpack_ECOD_8ded9ff2)	COMPLETED	0	2026-04-15 14:12:26.195	295ms	28ms	66.5%	3.4 MB	4.4 MB	99.7 KB	621.2 KB
2224	ef/ca9af0	4115943	UNPACK_HHR (unpack_ECOD_c1fd8c79)	COMPLETED	0	2026-04-15 14:12:26.239	290ms	27ms	93.3%	3.3 MB	4.4 MB	99.7 KB	1.4 MB
2227	9d/b624f4	4116217	UNPACK_HHR (unpack_PHROGS_ed3fcf6a)	COMPLETED	0	2026-04-15 14:12:26.274	286ms	25ms	50.2%	3.3 MB	4.4 MB	99.7 KB	171 KB
2225	07/d4261d	4116188	UNPACK_HHR (unpack_PFAM_891042d9)	COMPLETED	0	2026-04-15 14:12:26.269	294ms	27ms	45.7%	3.3 MB	4.4 MB	99.7 KB	411.4 KB
2226	11/efae02	4116209	UNPACK_HHR (unpack_ECOD_ed3fcf6a)	COMPLETED	0	2026-04-15 14:12:26.272	304ms	26ms	90.0%	3.3 MB	4.4 MB	99.7 KB	296.9 KB
2229	05/bd5332	4116619	UNPACK_HHR (unpack_ECOD_7982ec01)	COMPLETED	0	2026-04-15 14:12:26.341	289ms	33ms	81.1%	3.3 MB	4.4 MB	99.7 KB	1.5 MB
2228	a0/35dd0c	4116463	UNPACK_HHR (unpack_PFAM_a2fb7f7b)	COMPLETED	0	2026-04-15 14:12:26.313	320ms	26ms	90.5%	3.3 MB	4.4 MB	99.7 KB	19 KB
2230	12/2328f5	4117473	UNPACK_HHR (unpack_PFAM_ff3ba280)	COMPLETED	0	2026-04-15 14:12:26.442	293ms	29ms	87.4%	3.4 MB	4.4 MB	99.7 KB	107.1 KB
2233	49/9f6047	4117615	UNPACK_HHR (unpack_PHROGS_a2fb7f7b)	COMPLETED	0	2026-04-15 14:12:26.465	270ms	24ms	80.0%	3.3 MB	4.4 MB	99.7 KB	54.7 KB
2232	32/27c63c	4117508	UNPACK_HHR (unpack_PHROGS_ff3ba280)	COMPLETED	0	2026-04-15 14:12:26.448	291ms	26ms	48.8%	3.2 MB	4.4 MB	99.7 KB	197.5 KB
2234	d8/9f697a	4117662	UNPACK_HHR (unpack_ECOD_a2fb7f7b)	COMPLETED	0	2026-04-15 14:12:26.471	305ms	27ms	89.7%	3.2 MB	4.4 MB	99.7 KB	17.9 KB
2235	06/da382c	4117793	UNPACK_HHR (unpack_ECOD_7dcc42d6)	COMPLETED	0	2026-04-15 14:12:26.490	290ms	26ms	94.8%	3.3 MB	4.4 MB	99.7 KB	955.6 KB
2522	ee/c708cf	4117869	UNPACK_HHR (unpack_PFAM_e32fc4f0)	COMPLETED	0	2026-04-15 14:12:26.498	294ms	25ms	75.3%	3.3 MB	4.4 MB	99.7 KB	290.5 KB
2231	1a/87843a	4117495	UNPACK_HHR (unpack_ECOD_2f41f80d)	COMPLETED	0	2026-04-15 14:12:26.445	370ms	28ms	45.6%	3.3 MB	4.4 MB	99.7 KB	1000.5 KB
2236	0c/911099	4118212	UNPACK_HHR (unpack_PFAM_f6133d13)	COMPLETED	0	2026-04-15 14:12:26.532	300ms	27ms	85.5%	3.3 MB	4.4 MB	99.7 KB	267.6 KB
2238	6b/758fe1	4118439	UNPACK_HHR (unpack_PFAM_06386be5)	COMPLETED	0	2026-04-15 14:12:26.567	298ms	27ms	46.6%	3.4 MB	4.4 MB	99.7 KB	221.5 KB
2239	61/ce22b0	4118532	UNPACK_HHR (unpack_PHROGS_f6133d13)	COMPLETED	0	2026-04-15 14:12:26.579	290ms	30ms	64.3%	3.3 MB	4.4 MB	99.7 KB	407.3 KB
2237	63/ef34dd	4118418	UNPACK_HHR (unpack_ECOD_9d1ec8e0)	COMPLETED	0	2026-04-15 14:12:26.564	308ms	32ms	62.0%	3.4 MB	4.4 MB	99.7 KB	1.5 MB
2241	12/46d13c	4118881	UNPACK_HHR (unpack_PHROGS_ba53c8d4)	COMPLETED	0	2026-04-15 14:12:26.637	285ms	27ms	46.0%	3.3 MB	4.4 MB	99.7 KB	350.2 KB
2240	29/6f953a	4118855	UNPACK_HHR (unpack_PHROGS_06386be5)	COMPLETED	0	2026-04-15 14:12:26.634	291ms	30ms	46.2%	3.4 MB	4.4 MB	99.7 KB	512.9 KB
2244	ef/26c2be	4119735	UNPACK_HHR (unpack_PHROGS_5dc99594)	COMPLETED	0	2026-04-15 14:12:26.743	282ms	27ms	72.4%	3.2 MB	4.4 MB	99.8 KB	588.8 KB
2243	76/c1073a	4119721	UNPACK_HHR (unpack_ECOD_06386be5)	COMPLETED	0	2026-04-15 14:12:26.741	283ms	26ms	96.1%	3.3 MB	4.4 MB	99.7 KB	353 KB
2242	14/aa6f0b	4119708	UNPACK_HHR (unpack_ECOD_f6133d13)	COMPLETED	0	2026-04-15 14:12:26.738	292ms	28ms	82.7%	3.3 MB	4.4 MB	99.7 KB	602.9 KB
2385	37/1e4f5f	4119989	UNPACK_HHR (unpack_ECOD_010b7439)	COMPLETED	0	2026-04-15 14:12:26.783	288ms	29ms	65.5%	3.3 MB	4.4 MB	99.7 KB	78.8 KB
2245	b5/acabc1	4119978	UNPACK_HHR (unpack_PFAM_5dc99594)	COMPLETED	0	2026-04-15 14:12:26.780	293ms	29ms	43.2%	3.3 MB	4.4 MB	99.7 KB	253.7 KB
2246	41/5aa0ce	4120083	UNPACK_HHR (unpack_PFAM_ba53c8d4)	COMPLETED	0	2026-04-15 14:12:26.795	293ms	27ms	47.3%	3.3 MB	4.4 MB	99.7 KB	231.9 KB
2247	c2/e17eab	4120291	UNPACK_HHR (unpack_ECOD_891042d9)	COMPLETED	0	2026-04-15 14:12:26.819	298ms	28ms	45.9%	3.3 MB	4.4 MB	99.8 KB	1.2 MB
2340	fa/15df41	4120727	UNPACK_HHR (unpack_PHROGS_5490e437)	COMPLETED	0	2026-04-15 14:12:26.872	295ms	27ms	45.0%	3.3 MB	4.4 MB	99.7 KB	238.8 KB
2249	89/9d0233	4120696	UNPACK_HHR (unpack_ECOD_5dc99594)	COMPLETED	0	2026-04-15 14:12:26.869	304ms	25ms	50.3%	3.3 MB	4.4 MB	99.7 KB	355 KB
2248	51/853778	4120466	UNPACK_HHR (unpack_PHROGS_37dfcb54)	COMPLETED	0	2026-04-15 14:12:26.835	338ms	29ms	47.2%	3.3 MB	4.4 MB	99.7 KB	264.5 KB
2698	b6/0f117b	4120749	UNPACK_HHR (unpack_PFAM_f5d8ceab)	COMPLETED	0	2026-04-15 14:12:26.875	299ms	27ms	71.1%	3.4 MB	4.4 MB	99.7 KB	40.1 KB
2251	d7/0a501a	4121117	UNPACK_HHR (unpack_ECOD_ff3ba280)	COMPLETED	0	2026-04-15 14:12:26.928	286ms	28ms	70.7%	3.3 MB	4.4 MB	99.7 KB	641.6 KB
2250	e9/8a8223	4121090	UNPACK_HHR (unpack_ECOD_ccdd0f1a)	COMPLETED	0	2026-04-15 14:12:26.926	289ms	32ms	83.5%	3.3 MB	4.4 MB	99.7 KB	1.1 MB
2254	f2/de1dbd	4122047	UNPACK_HHR (unpack_PFAM_e08d2422)	COMPLETED	0	2026-04-15 14:12:27.033	280ms	29ms	68.1%	3.3 MB	4.4 MB	99.7 KB	100.8 KB
2253	8e/3cd514	4122039	UNPACK_HHR (unpack_PHROGS_e08d2422)	COMPLETED	0	2026-04-15 14:12:27.031	294ms	26ms	73.5%	3.4 MB	4.4 MB	99.7 KB	144.3 KB
2252	09/0f42f4	4122020	UNPACK_HHR (unpack_PFAM_153b3096)	COMPLETED	0	2026-04-15 14:12:27.028	322ms	28ms	89.1%	3.3 MB	4.4 MB	99.7 KB	327.6 KB
2255	1d/381e6a	4122360	UNPACK_HHR (unpack_PFAM_37dfcb54)	COMPLETED	0	2026-04-15 14:12:27.075	284ms	27ms	75.3%	3.4 MB	4.4 MB	99.7 KB	222.6 KB
2256	75/77b706	4122381	UNPACK_HHR (unpack_ECOD_e08d2422)	COMPLETED	0	2026-04-15 14:12:27.077	286ms	26ms	70.2%	3.4 MB	4.4 MB	99.7 KB	151.4 KB
2257	22/ebcee9	4122477	UNPACK_HHR (unpack_PHROGS_153b3096)	COMPLETED	0	2026-04-15 14:12:27.091	292ms	27ms	66.4%	3.3 MB	4.4 MB	99.7 KB	544.2 KB
2258	c2/b5bd21	4122754	UNPACK_HHR (unpack_PFAM_07c3d752)	COMPLETED	0	2026-04-15 14:12:27.120	284ms	27ms	91.8%	3.4 MB	4.4 MB	99.7 KB	230.9 KB
2259	ce/be595e	4123151	UNPACK_HHR (unpack_PHROGS_07c3d752)	COMPLETED	0	2026-04-15 14:12:27.170	280ms	25ms	72.2%	3.4 MB	4.4 MB	99.7 KB	320.9 KB
2261	26/3f0bae	4123205	UNPACK_HHR (unpack_ECOD_ba53c8d4)	COMPLETED	0	2026-04-15 14:12:27.178	286ms	28ms	93.2%	3.3 MB	4.4 MB	99.7 KB	1.1 MB
2260	fa/030ef4	4123186	UNPACK_HHR (unpack_ECOD_153b3096)	COMPLETED	0	2026-04-15 14:12:27.176	289ms	26ms	70.8%	3.3 MB	4.4 MB	99.7 KB	686.4 KB
2262	9b/493039	4123213	UNPACK_HHR (unpack_PHROGS_359d6652)	COMPLETED	0	2026-04-15 14:12:27.181	296ms	27ms	47.7%	3.4 MB	4.4 MB	99.7 KB	130.6 KB
2263	20/9b5634	4123436	UNPACK_HHR (unpack_PFAM_359d6652)	COMPLETED	0	2026-04-15 14:12:27.218	291ms	26ms	47.7%	3.3 MB	4.4 MB	99.7 KB	127.9 KB
2264	71/b31058	4123443	UNPACK_HHR (unpack_PHROGS_6b7b447e)	COMPLETED	0	2026-04-15 14:12:27.221	288ms	27ms	45.5%	3.3 MB	4.4 MB	99.7 KB	556.1 KB
2265	a9/45548e	4124238	UNPACK_HHR (unpack_PFAM_5ed61a34)	COMPLETED	0	2026-04-15 14:12:27.317	297ms	28ms	44.8%	3.3 MB	4.4 MB	99.7 KB	314.1 KB
2266	d1/66deb6	4124300	UNPACK_HHR (unpack_PFAM_411cd603)	COMPLETED	0	2026-04-15 14:12:27.329	295ms	27ms	68.3%	3.4 MB	4.4 MB	99.7 KB	195.9 KB
2267	28/f28b1b	4124474	UNPACK_HHR (unpack_PHROGS_5ed61a34)	COMPLETED	0	2026-04-15 14:12:27.354	290ms	28ms	88.5%	3.4 MB	4.4 MB	99.7 KB	523.7 KB
2268	d0/8ea57e	4124536	UNPACK_HHR (unpack_PHROGS_411cd603)	COMPLETED	0	2026-04-15 14:12:27.363	295ms	29ms	45.9%	3.2 MB	4.4 MB	99.7 KB	330.1 KB
2424	0b/55abbc	4124557	UNPACK_HHR (unpack_ECOD_bd0846a3)	COMPLETED	0	2026-04-15 14:12:27.366	300ms	28ms	42.6%	3.2 MB	4.4 MB	99.7 KB	191.4 KB
2269	fd/8391f8	4124708	UNPACK_HHR (unpack_ECOD_5ed61a34)	COMPLETED	0	2026-04-15 14:12:27.387	299ms	28ms	83.8%	3.4 MB	4.4 MB	99.7 KB	504.3 KB
2270	92/758c0e	4124906	UNPACK_HHR (unpack_PHROGS_758210ad)	COMPLETED	0	2026-04-15 14:12:27.407	292ms	28ms	94.2%	3.3 MB	4.4 MB	99.7 KB	124.3 KB
2272	9c/487523	4125423	UNPACK_HHR (unpack_PHROGS_cf7fc2a5)	COMPLETED	0	2026-04-15 14:12:27.468	288ms	27ms	94.6%	3.3 MB	4.4 MB	99.7 KB	115.8 KB
2271	9d/87c9fd	4125331	UNPACK_HHR (unpack_PFAM_758210ad)	COMPLETED	0	2026-04-15 14:12:27.453	307ms	26ms	75.1%	3.3 MB	4.4 MB	99.7 KB	83.6 KB
2274	f7/cb2746	4125501	UNPACK_HHR (unpack_PFAM_6b7b447e)	COMPLETED	0	2026-04-15 14:12:27.480	295ms	27ms	72.1%	3.3 MB	4.4 MB	99.7 KB	358.8 KB
2273	f3/6e8529	4125432	UNPACK_HHR (unpack_ECOD_359d6652)	COMPLETED	0	2026-04-15 14:12:27.470	307ms	27ms	67.7%	3.3 MB	4.4 MB	99.7 KB	674.4 KB
2275	76/5a7f09	4125694	UNPACK_HHR (unpack_PFAM_cf7fc2a5)	COMPLETED	0	2026-04-15 14:12:27.512	295ms	27ms	89.4%	3.4 MB	4.4 MB	99.7 KB	63.9 KB
2276	3e/8c0c27	4125702	UNPACK_HHR (unpack_ECOD_07c3d752)	COMPLETED	0	2026-04-15 14:12:27.515	308ms	28ms	63.6%	3.4 MB	4.4 MB	99.7 KB	1.2 MB
2277	57/e6cd3d	4126505	UNPACK_HHR (unpack_ECOD_758210ad)	COMPLETED	0	2026-04-15 14:12:27.617	292ms	26ms	47.1%	3.3 MB	4.4 MB	99.7 KB	317.9 KB
2278	12/b3721e	4126557	UNPACK_HHR (unpack_PHROGS_64c9ec06)	COMPLETED	0	2026-04-15 14:12:27.627	288ms	28ms	69.0%	3.3 MB	4.4 MB	99.7 KB	198.6 KB
2279	68/21a8f3	4126687	UNPACK_HHR (unpack_ECOD_cf7fc2a5)	COMPLETED	0	2026-04-15 14:12:27.647	294ms	27ms	66.6%	3.2 MB	4.4 MB	99.7 KB	130.1 KB
2281	61/51732c	4126848	UNPACK_HHR (unpack_PFAM_64c9ec06)	COMPLETED	0	2026-04-15 14:12:27.669	284ms	26ms	96.0%	3.2 MB	4.4 MB	99.7 KB	101.3 KB
2280	d8/9f507e	4126791	UNPACK_HHR (unpack_ECOD_64c9ec06)	COMPLETED	0	2026-04-15 14:12:27.661	293ms	30ms	88.4%	3.3 MB	4.4 MB	99.7 KB	187.1 KB
2282	06/7bed6f	4126993	UNPACK_HHR (unpack_ECOD_37dfcb54)	COMPLETED	0	2026-04-15 14:12:27.689	287ms	29ms	68.3%	3.3 MB	4.4 MB	99.7 KB	1.3 MB
2283	ba/d15b8c	4127093	UNPACK_HHR (unpack_PFAM_80aac221)	COMPLETED	0	2026-04-15 14:12:27.702	319ms	27ms	45.7%	3.3 MB	4.4 MB	99.7 KB	161.9 KB
2284	32/2c2c47	4127609	UNPACK_HHR (unpack_PFAM_fad81ff5)	COMPLETED	0	2026-04-15 14:12:27.760	285ms	27ms	46.3%	3.3 MB	4.4 MB	99.7 KB	354.2 KB
2408	e2/754d17	4127635	UNPACK_HHR (unpack_PFAM_355392e5)	COMPLETED	0	2026-04-15 14:12:27.762	301ms	29ms	64.2%	3.4 MB	4.4 MB	99.7 KB	287.2 KB
2285	95/f3223e	4127729	UNPACK_HHR (unpack_ECOD_411cd603)	COMPLETED	0	2026-04-15 14:12:27.779	288ms	25ms	74.1%	3.3 MB	4.4 MB	99.7 KB	331.2 KB
2286	81/ac51ee	4127755	UNPACK_HHR (unpack_PHROGS_80aac221)	COMPLETED	0	2026-04-15 14:12:27.782	299ms	27ms	69.6%	3.4 MB	4.4 MB	99.7 KB	245.3 KB
2287	f5/be2361	4127915	UNPACK_HHR (unpack_PHROGS_fad81ff5)	COMPLETED	0	2026-04-15 14:12:27.810	292ms	29ms	64.9%	3.2 MB	4.4 MB	99.7 KB	438.4 KB
2288	c1/305ed5	4128014	UNPACK_HHR (unpack_PFAM_25fb0b65)	COMPLETED	0	2026-04-15 14:12:27.827	297ms	26ms	94.5%	3.4 MB	4.4 MB	99.7 KB	170.9 KB
2291	ff/8b7b5a	4128775	UNPACK_HHR (unpack_PHROGS_53db99e4)	COMPLETED	0	2026-04-15 14:12:27.919	293ms	28ms	66.9%	3.4 MB	4.4 MB	99.7 KB	103.1 KB
2290	f1/fb6c6f	4128740	UNPACK_HHR (unpack_PFAM_d98a01e5)	COMPLETED	0	2026-04-15 14:12:27.913	300ms	27ms	46.3%	3.4 MB	4.4 MB	99.7 KB	172.9 KB
2293	2b/091821	4129025	UNPACK_HHR (unpack_PFAM_53db99e4)	COMPLETED	0	2026-04-15 14:12:27.956	288ms	29ms	93.5%	3.4 MB	4.4 MB	99.7 KB	120.8 KB
2292	7b/7870dc	4128942	UNPACK_HHR (unpack_PHROGS_d98a01e5)	COMPLETED	0	2026-04-15 14:12:27.944	302ms	27ms	65.7%	3.3 MB	4.4 MB	99.7 KB	193 KB
2294	51/be485e	4129047	UNPACK_HHR (unpack_ECOD_d98a01e5)	COMPLETED	0	2026-04-15 14:12:27.959	309ms	26ms	90.7%	3.3 MB	4.4 MB	99.7 KB	183.7 KB
2295	a4/1f2c56	4129180	UNPACK_HHR (unpack_ECOD_fad81ff5)	COMPLETED	0	2026-04-15 14:12:27.979	313ms	29ms	85.9%	3.3 MB	4.4 MB	99.7 KB	832.1 KB
2296	b2/508b5e	4129595	UNPACK_HHR (unpack_ECOD_25fb0b65)	COMPLETED	0	2026-04-15 14:12:28.024	295ms	29ms	64.3%	3.2 MB	4.4 MB	99.7 KB	763.3 KB
2297	61/4e1da1	4129793	UNPACK_HHR (unpack_PHROGS_dcc77c50)	COMPLETED	0	2026-04-15 14:12:28.048	285ms	25ms	46.8%	3.3 MB	4.4 MB	99.7 KB	296.3 KB
2298	68/ddd14a	4129914	UNPACK_HHR (unpack_ECOD_dcc77c50)	COMPLETED	0	2026-04-15 14:12:28.066	278ms	26ms	75.0%	3.3 MB	4.4 MB	99.7 KB	274.4 KB
2437	48/39fc91	4129938	UNPACK_HHR (unpack_ECOD_65421a35)	COMPLETED	0	2026-04-15 14:12:28.070	288ms	27ms	95.9%	3.3 MB	4.4 MB	99.7 KB	588.7 KB
2299	44/f4ff59	4130027	UNPACK_HHR (unpack_PFAM_dcc77c50)	COMPLETED	0	2026-04-15 14:12:28.084	289ms	26ms	70.7%	3.4 MB	4.4 MB	99.7 KB	91.1 KB
2300	90/86de1b	4130158	UNPACK_HHR (unpack_PFAM_babe1533)	COMPLETED	0	2026-04-15 14:12:28.105	286ms	28ms	46.2%	3.4 MB	4.4 MB	99.7 KB	88 KB
2301	d5/4d16df	4130300	UNPACK_HHR (unpack_PHROGS_7765d535)	COMPLETED	0	2026-04-15 14:12:28.127	287ms	27ms	45.4%	3.2 MB	4.4 MB	99.7 KB	840.3 KB
2302	25/72a50d	4131026	UNPACK_HHR (unpack_PHROGS_babe1533)	COMPLETED	0	2026-04-15 14:12:28.215	283ms	27ms	49.2%	3.3 MB	4.4 MB	99.7 KB	149.2 KB
2303	b5/b3df31	4131039	UNPACK_HHR (unpack_PFAM_ddb6d356)	COMPLETED	0	2026-04-15 14:12:28.218	287ms	25ms	100.3%	3.3 MB	4.4 MB	99.7 KB	224.5 KB
2304	3d/c41dee	4131220	UNPACK_HHR (unpack_PFAM_7765d535)	COMPLETED	0	2026-04-15 14:12:28.248	289ms	29ms	67.7%	3.3 MB	4.4 MB	99.7 KB	487.4 KB
2305	c9/f04503	4131242	UNPACK_HHR (unpack_PHROGS_3b6e36c2)	COMPLETED	0	2026-04-15 14:12:28.250	295ms	26ms	49.0%	3.2 MB	4.4 MB	99.7 KB	367.6 KB
2306	49/92baa9	4131403	UNPACK_HHR (unpack_ECOD_babe1533)	COMPLETED	0	2026-04-15 14:12:28.271	289ms	26ms	70.9%	3.4 MB	4.4 MB	99.7 KB	118.1 KB
2307	fd/4646c4	4131609	UNPACK_HHR (unpack_ECOD_7765d535)	COMPLETED	0	2026-04-15 14:12:28.296	293ms	29ms	86.0%	3.3 MB	4.4 MB	99.7 KB	883.8 KB
2308	99/1495ea	4131849	UNPACK_HHR (unpack_ECOD_d29c587c)	COMPLETED	0	2026-04-15 14:12:28.322	304ms	28ms	45.4%	3.3 MB	4.4 MB	99.7 KB	440.2 KB
2309	04/fb8e58	4131961	UNPACK_HHR (unpack_ECOD_ddb6d356)	COMPLETED	0	2026-04-15 14:12:28.335	296ms	27ms	70.7%	3.4 MB	4.4 MB	99.7 KB	460.2 KB
2310	e1/45599d	4132057	UNPACK_HHR (unpack_PHROGS_ddb6d356)	COMPLETED	0	2026-04-15 14:12:28.347	293ms	29ms	65.9%	3.3 MB	4.4 MB	99.7 KB	436.6 KB
2311	a5/5114cc	4132160	UNPACK_HHR (unpack_PFAM_d29c587c)	COMPLETED	0	2026-04-15 14:12:28.362	296ms	26ms	74.4%	3.3 MB	4.4 MB	99.7 KB	259.6 KB
2312	a0/dfb370	4132255	UNPACK_HHR (unpack_PFAM_3b6e36c2)	COMPLETED	0	2026-04-15 14:12:28.377	294ms	28ms	88.9%	3.3 MB	4.4 MB	99.7 KB	182 KB
2313	97/3da46c	4132370	UNPACK_HHR (unpack_PHROGS_d29c587c)	COMPLETED	0	2026-04-15 14:12:28.394	280ms	30ms	67.1%	3.4 MB	4.4 MB	99.7 KB	316.4 KB
2314	ae/7b585c	4132528	UNPACK_HHR (unpack_ECOD_3b6e36c2)	COMPLETED	0	2026-04-15 14:12:28.417	298ms	28ms	62.3%	3.3 MB	4.4 MB	99.7 KB	196 KB
2315	a3/e80b9e	4133191	UNPACK_HHR (unpack_ECOD_53db99e4)	COMPLETED	0	2026-04-15 14:12:28.501	287ms	29ms	92.6%	3.3 MB	4.4 MB	99.7 KB	487.1 KB
2316	59/bc6485	4133242	UNPACK_HHR (unpack_PFAM_8d3bda5d)	COMPLETED	0	2026-04-15 14:12:28.508	292ms	29ms	43.6%	3.4 MB	4.4 MB	99.7 KB	85.3 KB
2317	cd/e59cc8	4133463	UNPACK_HHR (unpack_ECOD_6b7b447e)	COMPLETED	0	2026-04-15 14:12:28.541	283ms	27ms	47.5%	3.3 MB	4.4 MB	99.7 KB	578.4 KB
2318	7a/efd36b	4133504	UNPACK_HHR (unpack_ECOD_8d3bda5d)	COMPLETED	0	2026-04-15 14:12:28.548	287ms	27ms	67.4%	3.4 MB	4.4 MB	99.7 KB	72.9 KB
2319	bd/3b2e4d	4133639	UNPACK_HHR (unpack_PFAM_a1cc7fcd)	COMPLETED	0	2026-04-15 14:12:28.563	281ms	27ms	96.2%	3.3 MB	4.4 MB	99.7 KB	89 KB
2320	51/b6b4ff	4133911	UNPACK_HHR (unpack_PHROGS_8d3bda5d)	COMPLETED	0	2026-04-15 14:12:28.593	284ms	26ms	93.4%	3.4 MB	4.4 MB	99.7 KB	193 KB
2322	6d/c7b7c2	4134277	UNPACK_HHR (unpack_PHROGS_2a8c3f7e)	COMPLETED	0	2026-04-15 14:12:28.635	274ms	26ms	75.5%	3.4 MB	4.4 MB	99.7 KB	202.6 KB
2321	1d/7935db	4134236	UNPACK_HHR (unpack_PFAM_2a8c3f7e)	COMPLETED	0	2026-04-15 14:12:28.630	290ms	26ms	48.9%	3.4 MB	4.4 MB	99.7 KB	124.1 KB
2323	5f/53644b	4134330	UNPACK_HHR (unpack_PHROGS_a1cc7fcd)	COMPLETED	0	2026-04-15 14:12:28.643	284ms	24ms	96.7%	3.3 MB	4.4 MB	99.7 KB	126.8 KB
2325	0d/ca8144	4134440	UNPACK_HHR (unpack_PHROGS_04b73a65)	COMPLETED	0	2026-04-15 14:12:28.661	286ms	27ms	99.6%	3.3 MB	4.4 MB	99.7 KB	371 KB
2327	8d/e0def8	4134553	UNPACK_HHR (unpack_PFAM_53c63711)	COMPLETED	0	2026-04-15 14:12:28.677	280ms	27ms	91.5%	3.2 MB	4.4 MB	99.7 KB	253.6 KB
2326	4b/f4cd99	4134529	UNPACK_HHR (unpack_ECOD_2a8c3f7e)	COMPLETED	0	2026-04-15 14:12:28.674	300ms	29ms	89.7%	3.4 MB	4.4 MB	99.7 KB	231.5 KB
2328	81/13fa6e	4134847	UNPACK_HHR (unpack_PHROGS_263f4818)	COMPLETED	0	2026-04-15 14:12:28.719	282ms	28ms	64.6%	3.4 MB	4.4 MB	99.7 KB	259.3 KB
2330	2d/d31ab0	4135534	UNPACK_HHR (unpack_PFAM_263f4818)	COMPLETED	0	2026-04-15 14:12:28.804	280ms	28ms	66.1%	3.3 MB	4.4 MB	99.7 KB	177.4 KB
2332	ba/e2f3f2	4135756	UNPACK_HHR (unpack_ECOD_263f4818)	COMPLETED	0	2026-04-15 14:12:28.838	282ms	27ms	69.2%	3.3 MB	4.4 MB	99.7 KB	177.8 KB
2331	3f/177a0b	4135696	UNPACK_HHR (unpack_PHROGS_65421a35)	COMPLETED	0	2026-04-15 14:12:28.828	296ms	27ms	90.8%	3.3 MB	4.4 MB	99.7 KB	274 KB
2333	a6/ecabaa	4135811	UNPACK_HHR (unpack_PHROGS_03580551)	COMPLETED	0	2026-04-15 14:12:28.847	285ms	25ms	47.3%	3.3 MB	4.4 MB	99.7 KB	140.4 KB
2329	67/973f08	4135442	UNPACK_HHR (unpack_PHROGS_53c63711)	COMPLETED	0	2026-04-15 14:12:28.792	344ms	26ms	97.1%	3.3 MB	4.4 MB	99.7 KB	441 KB
2334	06/a523d8	4136115	UNPACK_HHR (unpack_PHROGS_12fe4c56)	COMPLETED	0	2026-04-15 14:12:28.881	289ms	27ms	47.1%	3.4 MB	4.4 MB	99.7 KB	243 KB
2335	7b/065cbf	4136400	UNPACK_HHR (unpack_PFAM_03580551)	COMPLETED	0	2026-04-15 14:12:28.914	294ms	28ms	89.7%	3.4 MB	4.4 MB	99.7 KB	83.5 KB
2337	8b/2c86dd	4136547	UNPACK_HHR (unpack_PFAM_5490e437)	COMPLETED	0	2026-04-15 14:12:28.930	289ms	24ms	74.2%	3.3 MB	4.4 MB	99.7 KB	135.3 KB
2336	3f/8f0648	4136515	UNPACK_HHR (unpack_ECOD_80aac221)	COMPLETED	0	2026-04-15 14:12:28.924	297ms	26ms	70.6%	3.3 MB	4.4 MB	99.7 KB	692.1 KB
2338	3d/25931d	4136689	UNPACK_HHR (unpack_ECOD_03580551)	COMPLETED	0	2026-04-15 14:12:28.951	295ms	27ms	95.9%	3.2 MB	4.4 MB	99.7 KB	362.2 KB
2339	83/447bff	4136749	UNPACK_HHR (unpack_ECOD_5490e437)	COMPLETED	0	2026-04-15 14:12:28.960	287ms	25ms	73.8%	3.4 MB	4.4 MB	99.7 KB	203.8 KB
2341	f8/d2e42e	4136867	UNPACK_HHR (unpack_ECOD_53c63711)	COMPLETED	0	2026-04-15 14:12:28.978	288ms	30ms	62.5%	3.3 MB	4.4 MB	99.7 KB	878.5 KB
2342	6c/b312f6	4137038	UNPACK_HHR (unpack_ECOD_a1cc7fcd)	COMPLETED	0	2026-04-15 14:12:29.005	292ms	31ms	63.4%	3.3 MB	4.4 MB	99.7 KB	511.1 KB
2343	a9/41cef5	4137716	UNPACK_HHR (unpack_PFAM_8ecb1f9e)	COMPLETED	0	2026-04-15 14:12:29.088	304ms	27ms	69.6%	3.4 MB	4.4 MB	99.7 KB	82.3 KB
2347	c6/d9b592	4138067	UNPACK_HHR (unpack_PFAM_c1e869fd)	COMPLETED	0	2026-04-15 14:12:29.138	284ms	50ms	77.8%	5 MB	7 MB	99.7 KB	156.7 KB
2346	d1/7b1085	4138047	UNPACK_HHR (unpack_PFAM_6315a9b6)	COMPLETED	0	2026-04-15 14:12:29.135	288ms	52ms	56.2%	4.8 MB	7.1 MB	99.7 KB	179.9 KB
2345	a6/dc7073	4137989	UNPACK_HHR (unpack_PHROGS_8ecb1f9e)	COMPLETED	0	2026-04-15 14:12:29.127	299ms	69ms	47.2%	3.4 MB	4.4 MB	99.7 KB	136.4 KB
2344	3e/3c40bb	4137962	UNPACK_HHR (unpack_ECOD_8ecb1f9e)	COMPLETED	0	2026-04-15 14:12:29.123	306ms	62ms	76.7%	4.8 MB	7 MB	99.7 KB	150.9 KB
2348	75/b40bdd	4138380	UNPACK_HHR (unpack_PHROGS_c1e869fd)	COMPLETED	0	2026-04-15 14:12:29.173	301ms	28ms	43.8%	3.3 MB	4.4 MB	99.7 KB	356.7 KB
2350	f5/30b0fb	4138806	UNPACK_HHR (unpack_ECOD_6315a9b6)	COMPLETED	0	2026-04-15 14:12:29.221	286ms	27ms	65.4%	3.4 MB	4.4 MB	99.7 KB	447.2 KB
2351	82/2b4dbe	4138833	UNPACK_HHR (unpack_ECOD_c1e869fd)	COMPLETED	0	2026-04-15 14:12:29.224	284ms	24ms	45.6%	3.2 MB	4.4 MB	99.7 KB	139.8 KB
2349	68/6fddbb	4138723	UNPACK_HHR (unpack_PHROGS_6315a9b6)	COMPLETED	0	2026-04-15 14:12:29.211	312ms	26ms	66.9%	3.4 MB	4.4 MB	99.7 KB	97.4 KB
2353	f7/54a063	4139011	UNPACK_HHR (unpack_PFAM_65421a35)	COMPLETED	0	2026-04-15 14:12:29.252	306ms	26ms	49.0%	3.4 MB	4.4 MB	99.7 KB	218.4 KB
2352	12/0ac67c	4138994	UNPACK_HHR (unpack_PFAM_12fe4c56)	COMPLETED	0	2026-04-15 14:12:29.249	309ms	26ms	91.2%	3.3 MB	4.4 MB	99.7 KB	262.2 KB
2354	4b/07307c	4139129	UNPACK_HHR (unpack_PFAM_916bedb1)	COMPLETED	0	2026-04-15 14:12:29.269	312ms	27ms	70.2%	3.4 MB	4.4 MB	99.7 KB	327.6 KB
2355	49/b35daa	4139327	UNPACK_HHR (unpack_PHROGS_916bedb1)	COMPLETED	0	2026-04-15 14:12:29.301	325ms	28ms	46.8%	3.4 MB	4.4 MB	99.7 KB	248.3 KB
2356	36/302923	4140023	UNPACK_HHR (unpack_PHROGS_2c22cc74)	COMPLETED	0	2026-04-15 14:12:29.396	292ms	28ms	68.2%	3.3 MB	4.4 MB	99.7 KB	260.6 KB
2357	7a/4b691f	4140215	UNPACK_HHR (unpack_PHROGS_c4a7e1d8)	COMPLETED	0	2026-04-15 14:12:29.426	279ms	25ms	74.1%	3.2 MB	4.4 MB	99.7 KB	260 KB
2359	2b/a4fb8e	4140263	UNPACK_HHR (unpack_PFAM_c4a7e1d8)	COMPLETED	0	2026-04-15 14:12:29.435	283ms	26ms	71.9%	3.3 MB	4.4 MB	99.7 KB	257.6 KB
2360	56/bebd51	4140285	UNPACK_HHR (unpack_PFAM_11eb9ca8)	COMPLETED	0	2026-04-15 14:12:29.438	289ms	26ms	71.5%	3.3 MB	4.4 MB	99.7 KB	203.4 KB
2361	fd/90d4e5	4140303	UNPACK_HHR (unpack_PHROGS_11eb9ca8)	COMPLETED	0	2026-04-15 14:12:29.440	287ms	27ms	70.2%	3.3 MB	4.4 MB	99.7 KB	313.6 KB
2362	8a/8289ca	4140660	UNPACK_HHR (unpack_ECOD_11eb9ca8)	COMPLETED	0	2026-04-15 14:12:29.478	283ms	25ms	77.0%	3.4 MB	4.4 MB	99.7 KB	222.1 KB
2364	37/fe24fb	4140924	UNPACK_HHR (unpack_PFAM_81acd045)	COMPLETED	0	2026-04-15 14:12:29.513	283ms	29ms	89.6%	3.3 MB	4.4 MB	99.7 KB	163.1 KB
2365	48/ffb1be	4141061	UNPACK_HHR (unpack_PHROGS_6a77eff0)	COMPLETED	0	2026-04-15 14:12:29.526	288ms	28ms	45.8%	3.3 MB	4.4 MB	99.8 KB	536.2 KB
2363	90/806cc5	4140909	UNPACK_HHR (unpack_PHROGS_81acd045)	COMPLETED	0	2026-04-15 14:12:29.511	302ms	29ms	45.1%	3.3 MB	4.4 MB	99.7 KB	310.4 KB
2366	86/41f193	4141283	UNPACK_HHR (unpack_PFAM_6a77eff0)	COMPLETED	0	2026-04-15 14:12:29.561	287ms	25ms	72.1%	3.3 MB	4.4 MB	99.7 KB	321.5 KB
2367	08/8d5aa1	4141296	UNPACK_HHR (unpack_ECOD_81acd045)	COMPLETED	0	2026-04-15 14:12:29.564	291ms	26ms	47.6%	3.4 MB	4.4 MB	99.7 KB	151 KB
2368	b5/d2d36a	4141429	UNPACK_HHR (unpack_PHROGS_2e387344)	COMPLETED	0	2026-04-15 14:12:29.584	286ms	25ms	74.1%	3.3 MB	4.4 MB	99.7 KB	255.4 KB
2369	1d/5f8f7d	4141762	UNPACK_HHR (unpack_PFAM_2e387344)	COMPLETED	0	2026-04-15 14:12:29.630	278ms	27ms	45.2%	3.4 MB	4.4 MB	99.7 KB	135.1 KB
2370	7a/4b8ec8	4142293	UNPACK_HHR (unpack_PFAM_801a3ddb)	COMPLETED	0	2026-04-15 14:12:29.692	309ms	28ms	70.0%	3.2 MB	4.4 MB	99.7 KB	274.9 KB
2372	1a/145e04	4142489	UNPACK_HHR (unpack_PHROGS_801a3ddb)	COMPLETED	0	2026-04-15 14:12:29.721	282ms	27ms	68.6%	3.3 MB	4.4 MB	99.7 KB	286.5 KB
2371	a8/d562fb	4142442	UNPACK_HHR (unpack_ECOD_916bedb1)	COMPLETED	0	2026-04-15 14:12:29.713	293ms	25ms	73.7%	3.4 MB	4.4 MB	99.7 KB	746.6 KB
2373	a8/4bb37c	4142561	UNPACK_HHR (unpack_ECOD_801a3ddb)	COMPLETED	0	2026-04-15 14:12:29.730	280ms	25ms	51.1%	3.3 MB	4.4 MB	99.7 KB	201.6 KB
2374	64/68f6b2	4142624	UNPACK_HHR (unpack_ECOD_2e387344)	COMPLETED	0	2026-04-15 14:12:29.739	293ms	26ms	69.8%	3.4 MB	4.4 MB	99.7 KB	195.1 KB
2375	43/fd2608	4142879	UNPACK_HHR (unpack_PHROGS_75d06ec3)	COMPLETED	0	2026-04-15 14:12:29.765	282ms	26ms	95.0%	3.3 MB	4.4 MB	99.7 KB	279.6 KB
2376	39/61dfd2	4143189	UNPACK_HHR (unpack_PHROGS_31886b79)	COMPLETED	0	2026-04-15 14:12:29.800	280ms	26ms	71.6%	3.2 MB	4.4 MB	99.7 KB	63.5 KB
2377	60/5c247a	4143318	UNPACK_HHR (unpack_PFAM_75d06ec3)	COMPLETED	0	2026-04-15 14:12:29.817	277ms	25ms	77.2%	3.3 MB	4.4 MB	99.7 KB	194.2 KB
2379	aa/83873e	4143538	UNPACK_HHR (unpack_ECOD_6a77eff0)	COMPLETED	0	2026-04-15 14:12:29.851	280ms	30ms	66.0%	3.3 MB	4.4 MB	99.7 KB	1.3 MB
2378	d1/ab4d6f	4143419	UNPACK_HHR (unpack_PFAM_31886b79)	COMPLETED	0	2026-04-15 14:12:29.831	305ms	26ms	76.9%	3.4 MB	4.4 MB	99.7 KB	104.5 KB
2380	ba/24999a	4143576	UNPACK_HHR (unpack_ECOD_75d06ec3)	COMPLETED	0	2026-04-15 14:12:29.857	283ms	30ms	45.1%	3.3 MB	4.4 MB	99.7 KB	723 KB
2381	f8/17513f	4143667	UNPACK_HHR (unpack_PFAM_010b7439)	COMPLETED	0	2026-04-15 14:12:29.872	279ms	26ms	99.9%	3.2 MB	4.4 MB	99.7 KB	44.6 KB
2382	07/c4452e	4143950	UNPACK_HHR (unpack_PHROGS_010b7439)	COMPLETED	0	2026-04-15 14:12:29.911	284ms	27ms	73.7%	3.3 MB	4.4 MB	99.7 KB	118.1 KB
2384	85/0afcc5	4144716	UNPACK_HHR (unpack_PHROGS_e8d9511f)	COMPLETED	0	2026-04-15 14:12:30.008	288ms	25ms	48.9%	3.3 MB	4.4 MB	99.7 KB	160.6 KB
2383	4b/2873dd	4144704	UNPACK_HHR (unpack_PFAM_e8d9511f)	COMPLETED	0	2026-04-15 14:12:30.005	292ms	25ms	94.1%	3.3 MB	4.4 MB	99.7 KB	68.3 KB
2386	cc/bb17b1	4144732	UNPACK_HHR (unpack_ECOD_e8d9511f)	COMPLETED	0	2026-04-15 14:12:30.011	291ms	28ms	69.7%	3.4 MB	4.4 MB	99.7 KB	90 KB
2388	c9/e01b60	4144747	UNPACK_HHR (unpack_ECOD_ac55d66d)	COMPLETED	0	2026-04-15 14:12:30.014	289ms	24ms	71.9%	3.3 MB	4.4 MB	99.7 KB	86.5 KB
2389	a8/2bf491	4144893	UNPACK_HHR (unpack_PFAM_120e8f45)	COMPLETED	0	2026-04-15 14:12:30.035	287ms	25ms	75.8%	3.2 MB	4.4 MB	99.7 KB	69.2 KB
2390	fd/a11579	4145040	UNPACK_HHR (unpack_PFAM_ac55d66d)	COMPLETED	0	2026-04-15 14:12:30.050	285ms	26ms	46.3%	3.4 MB	4.4 MB	99.7 KB	110.4 KB
2391	53/695e2d	4145309	UNPACK_HHR (unpack_ECOD_120e8f45)	COMPLETED	0	2026-04-15 14:12:30.083	289ms	28ms	46.7%	3.4 MB	4.4 MB	99.7 KB	44.9 KB
2392	3e/7c79df	4145516	UNPACK_HHR (unpack_PHROGS_120e8f45)	COMPLETED	0	2026-04-15 14:12:30.098	288ms	27ms	48.6%	3.3 MB	4.4 MB	99.7 KB	120.6 KB
2561	40/055987	4145813	UNPACK_HHR (unpack_PHROGS_b36168ac)	COMPLETED	0	2026-04-15 14:12:30.138	288ms	26ms	46.5%	3.4 MB	4.4 MB	99.7 KB	335.4 KB
2393	52/6b2609	4145801	UNPACK_HHR (unpack_ECOD_ccff02eb)	COMPLETED	0	2026-04-15 14:12:30.135	301ms	26ms	73.4%	3.3 MB	4.4 MB	99.7 KB	26.2 KB
2395	31/d0525c	4145887	UNPACK_HHR (unpack_PHROGS_ccff02eb)	COMPLETED	0	2026-04-15 14:12:30.154	282ms	25ms	74.8%	3.2 MB	4.4 MB	99.7 KB	70.6 KB
2394	86/7670dc	4145835	UNPACK_HHR (unpack_PHROGS_d5a2939c)	COMPLETED	0	2026-04-15 14:12:30.142	302ms	26ms	71.5%	3.3 MB	4.4 MB	99.7 KB	392.9 KB
2396	9d/bfb3a5	4146186	UNPACK_HHR (unpack_ECOD_c4a7e1d8)	COMPLETED	0	2026-04-15 14:12:30.198	284ms	27ms	70.2%	3.3 MB	4.4 MB	99.7 KB	923.8 KB
2397	73/253953	4146992	UNPACK_HHR (unpack_PFAM_ccff02eb)	COMPLETED	0	2026-04-15 14:12:30.300	279ms	25ms	100.7%	3.3 MB	4.4 MB	99.7 KB	38.1 KB
2398	05/f401a6	4147002	UNPACK_HHR (unpack_PFAM_d5a2939c)	COMPLETED	0	2026-04-15 14:12:30.303	279ms	27ms	70.8%	3.3 MB	4.4 MB	99.7 KB	333.5 KB
2399	91/a52bc8	4147024	UNPACK_HHR (unpack_PHROGS_61685ebf)	COMPLETED	0	2026-04-15 14:12:30.308	279ms	23ms	53.2%	3.3 MB	4.4 MB	99.7 KB	42.9 KB
2400	06/3cd997	4147059	UNPACK_HHR (unpack_PFAM_61685ebf)	COMPLETED	0	2026-04-15 14:12:30.311	285ms	28ms	67.6%	3.3 MB	4.4 MB	99.7 KB	59.9 KB
2402	01/afbab8	4147277	UNPACK_HHR (unpack_ECOD_61685ebf)	COMPLETED	0	2026-04-15 14:12:30.338	277ms	28ms	69.8%	3.4 MB	4.4 MB	99.7 KB	87.5 KB
2401	62/6ef55f	4147162	UNPACK_HHR (unpack_ECOD_2c22cc74)	COMPLETED	0	2026-04-15 14:12:30.324	296ms	28ms	92.0%	3.3 MB	4.4 MB	99.7 KB	512.3 KB
2403	68/c271ba	4147599	UNPACK_HHR (unpack_PHROGS_355392e5)	COMPLETED	0	2026-04-15 14:12:30.375	284ms	28ms	67.1%	3.3 MB	4.4 MB	99.7 KB	452.8 KB
2404	74/922a32	4147760	UNPACK_HHR (unpack_PHROGS_05a63c84)	COMPLETED	0	2026-04-15 14:12:30.389	283ms	24ms	48.9%	3.3 MB	4.4 MB	99.7 KB	278.6 KB
2405	f6/8a0e79	4148077	UNPACK_HHR (unpack_ECOD_31886b79)	COMPLETED	0	2026-04-15 14:12:30.429	278ms	26ms	71.9%	3.4 MB	4.4 MB	99.7 KB	639.2 KB
2406	7f/e73c9c	4148119	UNPACK_HHR (unpack_PFAM_05a63c84)	COMPLETED	0	2026-04-15 14:12:30.439	280ms	25ms	73.2%	3.4 MB	4.4 MB	99.7 KB	177.6 KB
2407	8d/67eb61	4148151	UNPACK_HHR (unpack_PFAM_06421cb9)	COMPLETED	0	2026-04-15 14:12:30.445	281ms	25ms	100.0%	3.3 MB	4.4 MB	99.7 KB	141.2 KB
2410	17/9fcceb	4148418	UNPACK_HHR (unpack_ECOD_12fe4c56)	COMPLETED	0	2026-04-15 14:12:30.486	281ms	28ms	73.1%	3.3 MB	4.4 MB	99.7 KB	877.7 KB
2411	87/9df4fe	4149217	UNPACK_HHR (unpack_ECOD_355392e5)	COMPLETED	0	2026-04-15 14:12:30.582	285ms	26ms	50.1%	3.3 MB	4.4 MB	99.7 KB	226.4 KB
2412	8d/34ef9b	4149235	UNPACK_HHR (unpack_ECOD_06421cb9)	COMPLETED	0	2026-04-15 14:12:30.585	281ms	28ms	44.9%	3.3 MB	4.4 MB	99.7 KB	143.6 KB
2413	8c/abcb30	4149253	UNPACK_HHR (unpack_PHROGS_06421cb9)	COMPLETED	0	2026-04-15 14:12:30.589	289ms	28ms	70.8%	3.3 MB	4.4 MB	99.7 KB	244.1 KB
2414	3d/ddc6d4	4149308	UNPACK_HHR (unpack_PFAM_2a851a2d)	COMPLETED	0	2026-04-15 14:12:30.599	284ms	27ms	67.9%	3.3 MB	4.4 MB	99.7 KB	129.3 KB
2409	b8/b3ff20	4148165	UNPACK_HHR (unpack_ECOD_05a63c84)	COMPLETED	0	2026-04-15 14:12:30.447	444ms	25ms	73.5%	3.4 MB	4.4 MB	99.7 KB	199.7 KB
2415	55/25e61a	4149460	UNPACK_HHR (unpack_PHROGS_2a851a2d)	COMPLETED	0	2026-04-15 14:12:30.617	282ms	29ms	45.0%	3.2 MB	4.4 MB	99.7 KB	232.6 KB
2416	1d/1cdad6	4149518	UNPACK_HHR (unpack_ECOD_2a851a2d)	COMPLETED	0	2026-04-15 14:12:30.623	283ms	27ms	68.9%	3.4 MB	4.4 MB	99.7 KB	212.8 KB
2417	24/de51ad	4149859	UNPACK_HHR (unpack_PFAM_1de5c614)	COMPLETED	0	2026-04-15 14:12:30.663	275ms	27ms	69.8%	3.3 MB	4.4 MB	99.7 KB	230.8 KB
2418	3b/4e06ea	4150007	UNPACK_HHR (unpack_PHROGS_1de5c614)	COMPLETED	0	2026-04-15 14:12:30.675	277ms	28ms	68.8%	3.2 MB	4.4 MB	99.7 KB	128.6 KB
2419	a4/444789	4150295	UNPACK_HHR (unpack_PFAM_bd0846a3)	COMPLETED	0	2026-04-15 14:12:30.710	286ms	26ms	70.2%	3.3 MB	4.4 MB	99.7 KB	75.4 KB
2420	96/cf5e25	4150361	UNPACK_HHR (unpack_PHROGS_fe34fc4e)	COMPLETED	0	2026-04-15 14:12:30.722	276ms	26ms	49.8%	3.3 MB	4.4 MB	99.7 KB	372.4 KB
2421	2c/a6bdf3	4150386	UNPACK_HHR (unpack_ECOD_d5a2939c)	COMPLETED	0	2026-04-15 14:12:30.729	295ms	30ms	45.5%	3.3 MB	4.4 MB	99.7 KB	595.8 KB
2422	98/9f6add	4150643	UNPACK_HHR (unpack_PHROGS_bd0846a3)	COMPLETED	0	2026-04-15 14:12:30.770	277ms	28ms	65.8%	3.3 MB	4.4 MB	99.7 KB	160.3 KB
2427	d9/270ebd	4151443	UNPACK_HHR (unpack_ECOD_ea03ef62)	COMPLETED	0	2026-04-15 14:12:30.873	278ms	26ms	73.2%	3.4 MB	4.4 MB	99.7 KB	168.1 KB
2428	4a/390143	4151498	UNPACK_HHR (unpack_PFAM_ea03ef62)	COMPLETED	0	2026-04-15 14:12:30.881	278ms	24ms	76.4%	3.3 MB	4.4 MB	99.7 KB	150.7 KB
2429	b0/ebaef6	4151517	UNPACK_HHR (unpack_ECOD_1de5c614)	COMPLETED	0	2026-04-15 14:12:30.886	287ms	29ms	71.9%	3.3 MB	4.4 MB	99.7 KB	564.7 KB
2423	dd/c48ba3	4151428	UNPACK_HHR (unpack_ECOD_fe34fc4e)	COMPLETED	0	2026-04-15 14:12:30.869	306ms	26ms	99.0%	3.2 MB	4.4 MB	99.7 KB	431.6 KB
2432	ef/336f64	4151710	UNPACK_HHR (unpack_PHROGS_85ea87bb)	COMPLETED	0	2026-04-15 14:12:30.909	278ms	27ms	92.3%	3.3 MB	4.4 MB	99.7 KB	505.3 KB
2430	8b/55050b	4151591	UNPACK_HHR (unpack_ECOD_740695b2)	COMPLETED	0	2026-04-15 14:12:30.895	298ms	26ms	47.9%	3.3 MB	4.4 MB	99.7 KB	114.3 KB
2431	15/955f71	4151648	UNPACK_HHR (unpack_PFAM_85ea87bb)	COMPLETED	0	2026-04-15 14:12:30.902	301ms	28ms	45.3%	3.3 MB	4.4 MB	99.7 KB	342 KB
2433	14/69fa8f	4151977	UNPACK_HHR (unpack_PFAM_740695b2)	COMPLETED	0	2026-04-15 14:12:30.941	275ms	26ms	94.5%	3.3 MB	4.4 MB	99.7 KB	100.2 KB
2434	21/3dfbf4	4152129	UNPACK_HHR (unpack_PHROGS_740695b2)	COMPLETED	0	2026-04-15 14:12:30.955	285ms	29ms	63.9%	3.4 MB	4.4 MB	99.7 KB	121.4 KB
2435	ff/2dc52d	4152511	UNPACK_HHR (unpack_ECOD_85ea87bb)	COMPLETED	0	2026-04-15 14:12:30.999	323ms	27ms	73.6%	3.2 MB	4.4 MB	99.7 KB	571.5 KB
2438	b1/a2fdae	4152669	UNPACK_HHR (unpack_PFAM_4a8355fc)	COMPLETED	0	2026-04-15 14:12:31.027	297ms	26ms	47.9%	3.3 MB	4.4 MB	99.7 KB	205.6 KB
2436	2a/ee2186	4152527	UNPACK_HHR (unpack_PHROGS_4a8355fc)	COMPLETED	0	2026-04-15 14:12:31.002	323ms	27ms	70.5%	3.3 MB	4.4 MB	99.7 KB	253.8 KB
2439	68/c4dd9e	4152796	UNPACK_HHR (unpack_PHROGS_893672d6)	COMPLETED	0	2026-04-15 14:12:31.050	286ms	27ms	71.9%	3.4 MB	4.4 MB	99.8 KB	393.8 KB
2440	43/925441	4153701	UNPACK_HHR (unpack_PFAM_893672d6)	COMPLETED	0	2026-04-15 14:12:31.155	270ms	25ms	50.1%	3.3 MB	4.4 MB	99.7 KB	201.9 KB
2441	8f/d76038	4153744	UNPACK_HHR (unpack_PHROGS_483bc5ff)	COMPLETED	0	2026-04-15 14:12:31.162	286ms	26ms	97.7%	3.3 MB	4.4 MB	99.7 KB	627.4 KB
2443	c4/daf8ad	4153839	UNPACK_HHR (unpack_PHROGS_d20ab7aa)	COMPLETED	0	2026-04-15 14:12:31.178	281ms	25ms	75.9%	3.2 MB	4.4 MB	99.7 KB	196.3 KB
2442	cc/f5714c	4153830	UNPACK_HHR (unpack_PFAM_483bc5ff)	COMPLETED	0	2026-04-15 14:12:31.176	284ms	25ms	48.5%	3.4 MB	4.4 MB	99.7 KB	482.9 KB
2445	8e/152739	4153959	UNPACK_HHR (unpack_ECOD_5c271522)	COMPLETED	0	2026-04-15 14:12:31.195	284ms	30ms	67.8%	3.3 MB	4.4 MB	99.7 KB	484.8 KB
2446	92/048cad	4154027	UNPACK_HHR (unpack_PFAM_5c271522)	COMPLETED	0	2026-04-15 14:12:31.206	279ms	28ms	68.6%	3.3 MB	4.4 MB	99.7 KB	176.3 KB
2444	a7/bc0388	4153922	UNPACK_HHR (unpack_PHROGS_5c271522)	COMPLETED	0	2026-04-15 14:12:31.189	298ms	27ms	70.8%	3.3 MB	4.4 MB	99.7 KB	252.9 KB
2447	4e/9c9feb	4154129	UNPACK_HHR (unpack_ECOD_893672d6)	COMPLETED	0	2026-04-15 14:12:31.218	277ms	27ms	70.0%	3.3 MB	4.4 MB	99.7 KB	264.3 KB
2448	8b/ec804d	4154354	UNPACK_HHR (unpack_PHROGS_e31f7703)	COMPLETED	0	2026-04-15 14:12:31.243	282ms	28ms	67.2%	3.3 MB	4.4 MB	99.8 KB	193.4 KB
2451	1e/2881f3	4154962	UNPACK_HHR (unpack_ECOD_4a8355fc)	COMPLETED	0	2026-04-15 14:12:31.331	277ms	26ms	75.3%	3.3 MB	4.4 MB	99.7 KB	679.8 KB
2450	16/cc9024	4154941	UNPACK_HHR (unpack_PFAM_e31f7703)	COMPLETED	0	2026-04-15 14:12:31.329	281ms	23ms	53.0%	3.3 MB	4.4 MB	99.7 KB	73.3 KB
2449	32/f66413	4154927	UNPACK_HHR (unpack_ECOD_e31f7703)	COMPLETED	0	2026-04-15 14:12:31.325	290ms	26ms	70.2%	3.3 MB	4.4 MB	99.7 KB	133.4 KB
2452	af/24ebfd	4154998	UNPACK_HHR (unpack_PHROGS_3511eb62)	COMPLETED	0	2026-04-15 14:12:31.338	293ms	27ms	67.4%	3.4 MB	4.4 MB	99.7 KB	292.6 KB
2453	7b/509c8f	4155810	UNPACK_HHR (unpack_PFAM_3511eb62)	COMPLETED	0	2026-04-15 14:12:31.428	287ms	27ms	70.2%	3.4 MB	4.4 MB	99.7 KB	176.2 KB
2454	d9/4dba66	4155982	UNPACK_HHR (unpack_PFAM_d20ab7aa)	COMPLETED	0	2026-04-15 14:12:31.451	294ms	26ms	46.3%	3.3 MB	4.4 MB	99.7 KB	188.9 KB
2456	b9/c09aaa	4156075	UNPACK_HHR (unpack_PFAM_db779a96)	COMPLETED	0	2026-04-15 14:12:31.465	285ms	28ms	46.9%	3.3 MB	4.4 MB	99.7 KB	190.8 KB
2455	1b/e8cc32	4156063	UNPACK_HHR (unpack_PHROGS_db779a96)	COMPLETED	0	2026-04-15 14:12:31.462	288ms	27ms	72.4%	3.3 MB	4.4 MB	99.7 KB	273.8 KB
2457	cc/e5a6ef	4156169	UNPACK_HHR (unpack_PFAM_b4b14472)	COMPLETED	0	2026-04-15 14:12:31.482	279ms	26ms	70.9%	3.2 MB	4.4 MB	99.7 KB	53.5 KB
2458	87/929fdd	4156208	UNPACK_HHR (unpack_ECOD_b4b14472)	COMPLETED	0	2026-04-15 14:12:31.487	287ms	29ms	88.7%	3.3 MB	4.4 MB	99.7 KB	116.9 KB
2459	29/81595e	4156282	UNPACK_HHR (unpack_PHROGS_5af846cc)	COMPLETED	0	2026-04-15 14:12:31.498	280ms	29ms	67.2%	3.3 MB	4.4 MB	99.7 KB	261.6 KB
2585	86/9f2a6f	4156217	UNPACK_HHR (unpack_PFAM_3978afa7)	COMPLETED	0	2026-04-15 14:12:31.490	288ms	26ms	67.8%	3.3 MB	4.4 MB	99.7 KB	92.9 KB
2460	ae/5b899d	4156532	UNPACK_HHR (unpack_PHROGS_b4b14472)	COMPLETED	0	2026-04-15 14:12:31.529	281ms	26ms	68.2%	3.3 MB	4.4 MB	99.7 KB	105.6 KB
2461	da/371f55	4157183	UNPACK_HHR (unpack_PFAM_5af846cc)	COMPLETED	0	2026-04-15 14:12:31.611	276ms	28ms	47.3%	3.4 MB	4.4 MB	99.7 KB	179.6 KB
2463	46/5077a2	4157214	UNPACK_HHR (unpack_ECOD_483bc5ff)	COMPLETED	0	2026-04-15 14:12:31.617	278ms	29ms	46.7%	3.2 MB	4.4 MB	99.7 KB	1.1 MB
2462	83/32104e	4157198	UNPACK_HHR (unpack_ECOD_db779a96)	COMPLETED	0	2026-04-15 14:12:31.614	304ms	26ms	46.9%	3.3 MB	4.4 MB	99.7 KB	216.8 KB
2464	2f/b36460	4157289	UNPACK_HHR (unpack_PFAM_fd8524cc)	COMPLETED	0	2026-04-15 14:12:31.634	286ms	27ms	48.0%	3.4 MB	4.4 MB	99.7 KB	262.8 KB
2465	03/206c84	4158065	UNPACK_HHR (unpack_PHROGS_fd8524cc)	COMPLETED	0	2026-04-15 14:12:31.719	279ms	26ms	68.7%	3.3 MB	4.4 MB	99.7 KB	299.3 KB
2468	d9/054b5c	4158342	UNPACK_HHR (unpack_ECOD_9a82b0c0)	COMPLETED	0	2026-04-15 14:12:31.755	272ms	26ms	76.2%	3.3 MB	4.4 MB	99.7 KB	130.9 KB
2467	25/19f0be	4158322	UNPACK_HHR (unpack_PFAM_9a82b0c0)	COMPLETED	0	2026-04-15 14:12:31.753	274ms	25ms	52.3%	3.3 MB	4.4 MB	99.7 KB	69.7 KB
2466	a9/74af0c	4158285	UNPACK_HHR (unpack_PHROGS_9a82b0c0)	COMPLETED	0	2026-04-15 14:12:31.748	289ms	26ms	70.1%	3.3 MB	4.4 MB	99.7 KB	190.5 KB
2469	0a/28ad6e	4158384	UNPACK_HHR (unpack_ECOD_fd8524cc)	COMPLETED	0	2026-04-15 14:12:31.763	277ms	25ms	72.2%	3.4 MB	4.4 MB	99.7 KB	789.4 KB
2470	b2/d1b598	4158470	UNPACK_HHR (unpack_PHROGS_82626e0b)	COMPLETED	0	2026-04-15 14:12:31.777	283ms	26ms	91.9%	3.4 MB	4.4 MB	99.7 KB	175.4 KB
2472	e0/c25220	4158500	UNPACK_HHR (unpack_PFAM_63f3af45)	COMPLETED	0	2026-04-15 14:12:31.782	294ms	26ms	74.5%	3.2 MB	4.4 MB	99.7 KB	31.8 KB
2471	c8/9a63f2	4158484	UNPACK_HHR (unpack_PFAM_82626e0b)	COMPLETED	0	2026-04-15 14:12:31.780	308ms	29ms	65.8%	3.3 MB	4.4 MB	99.7 KB	104.3 KB
2473	8c/c75250	4158747	UNPACK_HHR (unpack_PHROGS_63f3af45)	COMPLETED	0	2026-04-15 14:12:31.813	282ms	29ms	63.0%	3.3 MB	4.4 MB	99.7 KB	56.7 KB
2474	5e/bca485	4159390	UNPACK_HHR (unpack_ECOD_63f3af45)	COMPLETED	0	2026-04-15 14:12:31.890	284ms	26ms	71.3%	3.4 MB	4.4 MB	99.7 KB	229.9 KB
2475	35/9ea03d	4159434	UNPACK_HHR (unpack_ECOD_5af846cc)	COMPLETED	0	2026-04-15 14:12:31.898	282ms	25ms	99.5%	3.3 MB	4.4 MB	99.7 KB	709.4 KB
2477	a8/a3e200	4159556	UNPACK_HHR (unpack_PFAM_741bb78e)	COMPLETED	0	2026-04-15 14:12:31.923	287ms	25ms	98.0%	3.4 MB	4.4 MB	99.7 KB	63.6 KB
2476	63/e9c9d6	4159544	UNPACK_HHR (unpack_ECOD_82626e0b)	COMPLETED	0	2026-04-15 14:12:31.920	304ms	25ms	78.9%	3.3 MB	4.4 MB	99.7 KB	298.3 KB
2478	7a/51deed	4160293	UNPACK_HHR (unpack_ECOD_3511eb62)	COMPLETED	0	2026-04-15 14:12:32.001	282ms	27ms	70.0%	3.3 MB	4.4 MB	99.7 KB	685.5 KB
2480	b8/cf18b0	4160581	UNPACK_HHR (unpack_PHROGS_6df0cdaa)	COMPLETED	0	2026-04-15 14:12:32.033	276ms	26ms	74.1%	3.3 MB	4.4 MB	99.7 KB	170.8 KB
2479	0b/16465d	4160555	UNPACK_HHR (unpack_PHROGS_741bb78e)	COMPLETED	0	2026-04-15 14:12:32.030	285ms	26ms	48.2%	3.3 MB	4.4 MB	99.7 KB	161.2 KB
2481	20/4bc6f8	4160659	UNPACK_HHR (unpack_PHROGS_766ae50d)	COMPLETED	0	2026-04-15 14:12:32.040	275ms	25ms	51.2%	3.3 MB	4.4 MB	99.7 KB	460.9 KB
2482	3b/9ea9dd	4160696	UNPACK_HHR (unpack_PFAM_6df0cdaa)	COMPLETED	0	2026-04-15 14:12:32.043	275ms	27ms	92.4%	3.4 MB	4.4 MB	99.7 KB	112.3 KB
2483	ad/e0290f	4160841	UNPACK_HHR (unpack_PHROGS_af6bc758)	COMPLETED	0	2026-04-15 14:12:32.063	285ms	26ms	92.2%	3.3 MB	4.4 MB	99.7 KB	73.5 KB
2484	b2/902a91	4160962	UNPACK_HHR (unpack_PFAM_af6bc758)	COMPLETED	0	2026-04-15 14:12:32.080	278ms	28ms	67.6%	3.3 MB	4.4 MB	99.7 KB	52 KB
2485	7f/1ec9c9	4161065	UNPACK_HHR (unpack_PFAM_f3815ca4)	COMPLETED	0	2026-04-15 14:12:32.091	274ms	29ms	46.3%	3.4 MB	4.4 MB	99.7 KB	129.3 KB
2486	a1/71dfa7	4161102	UNPACK_HHR (unpack_PFAM_766ae50d)	COMPLETED	0	2026-04-15 14:12:32.097	288ms	26ms	68.2%	3.3 MB	4.4 MB	99.7 KB	282.5 KB
2488	b5/76c300	4161819	UNPACK_HHR (unpack_ECOD_6df0cdaa)	COMPLETED	0	2026-04-15 14:12:32.183	282ms	26ms	94.8%	3.4 MB	4.4 MB	99.7 KB	221.1 KB
2487	38/6b9ccf	4161786	UNPACK_HHR (unpack_PHROGS_f3815ca4)	COMPLETED	0	2026-04-15 14:12:32.177	310ms	26ms	93.8%	3.4 MB	4.4 MB	99.7 KB	199.6 KB
2490	a9/7e2efd	4162087	UNPACK_HHR (unpack_PFAM_0bded042)	COMPLETED	0	2026-04-15 14:12:32.227	288ms	26ms	89.5%	3.3 MB	4.4 MB	99.7 KB	34.6 KB
2489	09/abdf59	4161986	UNPACK_HHR (unpack_ECOD_af6bc758)	COMPLETED	0	2026-04-15 14:12:32.213	312ms	25ms	50.2%	3.3 MB	4.4 MB	99.7 KB	94.9 KB
2491	1b/a21f1e	4162662	UNPACK_HHR (unpack_PHROGS_0bded042)	COMPLETED	0	2026-04-15 14:12:32.287	277ms	26ms	47.2%	3.4 MB	4.4 MB	99.7 KB	69.2 KB
2492	fa/1b2af8	4162871	UNPACK_HHR (unpack_ECOD_f3815ca4)	COMPLETED	0	2026-04-15 14:12:32.313	281ms	27ms	96.6%	3.3 MB	4.4 MB	99.7 KB	160.2 KB
2494	9c/282f66	4162941	UNPACK_HHR (unpack_ECOD_741bb78e)	COMPLETED	0	2026-04-15 14:12:32.320	284ms	28ms	47.6%	3.2 MB	4.4 MB	99.7 KB	239.2 KB
2495	93/cdf8d7	4162966	UNPACK_HHR (unpack_PFAM_f4e7b31f)	COMPLETED	0	2026-04-15 14:12:32.323	286ms	27ms	46.9%	3.4 MB	4.4 MB	99.7 KB	50.7 KB
2493	76/bf95c6	4162913	UNPACK_HHR (unpack_ECOD_766ae50d)	COMPLETED	0	2026-04-15 14:12:32.318	292ms	28ms	45.2%	3.4 MB	4.4 MB	99.7 KB	617.9 KB
2496	c7/37e3a9	4163145	UNPACK_HHR (unpack_ECOD_0bded042)	COMPLETED	0	2026-04-15 14:12:32.352	281ms	25ms	100.0%	3.3 MB	4.4 MB	99.7 KB	94.1 KB
2497	ea/2bae56	4163210	UNPACK_HHR (unpack_PHROGS_f4e7b31f)	COMPLETED	0	2026-04-15 14:12:32.361	291ms	27ms	70.4%	3.3 MB	4.4 MB	99.7 KB	94.6 KB
2498	22/acfb53	4163257	UNPACK_HHR (unpack_ECOD_f4e7b31f)	COMPLETED	0	2026-04-15 14:12:32.368	292ms	27ms	98.1%	3.4 MB	4.4 MB	99.7 KB	47.4 KB
2499	11/b2035b	4163392	UNPACK_HHR (unpack_PFAM_a7c51c6d)	COMPLETED	0	2026-04-15 14:12:32.388	273ms	28ms	72.5%	3.3 MB	4.4 MB	99.7 KB	268 KB
2500	93/577a6a	4164053	UNPACK_HHR (unpack_ECOD_d20ab7aa)	COMPLETED	0	2026-04-15 14:12:32.469	284ms	26ms	46.1%	3.4 MB	4.4 MB	99.7 KB	326.1 KB
2501	bd/3d67e1	4164191	UNPACK_HHR (unpack_PHROGS_a7c51c6d)	COMPLETED	0	2026-04-15 14:12:32.491	294ms	27ms	67.4%	3.3 MB	4.4 MB	99.7 KB	375.1 KB
2502	89/161ac0	4164364	UNPACK_HHR (unpack_ECOD_a7c51c6d)	COMPLETED	0	2026-04-15 14:12:32.519	292ms	26ms	69.8%	3.4 MB	4.4 MB	99.7 KB	418.3 KB
2503	db/8f7164	4164436	UNPACK_HHR (unpack_PHROGS_bbb0845f)	COMPLETED	0	2026-04-15 14:12:32.528	290ms	27ms	66.3%	3.3 MB	4.4 MB	99.7 KB	279.5 KB
2504	a1/807890	4164824	UNPACK_HHR (unpack_PHROGS_e393697f)	COMPLETED	0	2026-04-15 14:12:32.568	290ms	27ms	68.4%	3.2 MB	4.4 MB	99.7 KB	205.5 KB
2505	11/055fc7	4165079	UNPACK_HHR (unpack_PHROGS_16cabf2e)	COMPLETED	0	2026-04-15 14:12:32.597	292ms	27ms	71.0%	3.4 MB	4.4 MB	99.7 KB	181.6 KB
2506	4d/c40e4b	4165185	UNPACK_HHR (unpack_PFAM_e393697f)	COMPLETED	0	2026-04-15 14:12:32.608	281ms	27ms	96.0%	3.4 MB	4.4 MB	99.7 KB	121.3 KB
2507	53/722f4c	4165218	UNPACK_HHR (unpack_ECOD_16cabf2e)	COMPLETED	0	2026-04-15 14:12:32.612	287ms	26ms	72.2%	3.3 MB	4.4 MB	99.7 KB	258.3 KB
2508	8c/5e4c09	4165251	UNPACK_HHR (unpack_PFAM_16cabf2e)	COMPLETED	0	2026-04-15 14:12:32.615	309ms	26ms	70.8%	3.3 MB	4.4 MB	99.7 KB	120.8 KB
2509	29/1f927a	4165383	UNPACK_HHR (unpack_PFAM_bbb0845f)	COMPLETED	0	2026-04-15 14:12:32.637	291ms	27ms	71.9%	3.3 MB	4.4 MB	99.7 KB	275.6 KB
2512	b7/4f5070	4165563	UNPACK_HHR (unpack_PHROGS_0765b8b7)	COMPLETED	0	2026-04-15 14:12:32.666	282ms	26ms	100.0%	3.3 MB	4.4 MB	99.7 KB	117.8 KB
2510	cc/2e7db6	4165505	UNPACK_HHR (unpack_PFAM_0765b8b7)	COMPLETED	0	2026-04-15 14:12:32.656	297ms	27ms	49.4%	3.3 MB	4.4 MB	99.7 KB	45.7 KB
2511	e8/8d64cb	4165550	UNPACK_HHR (unpack_ECOD_0765b8b7)	COMPLETED	0	2026-04-15 14:12:32.664	291ms	28ms	88.6%	3.4 MB	4.4 MB	99.7 KB	55 KB
2513	96/9d2999	4166279	UNPACK_HHR (unpack_PFAM_b5c58d37)	COMPLETED	0	2026-04-15 14:12:32.757	279ms	26ms	98.6%	3.3 MB	4.4 MB	99.7 KB	40.1 KB
2514	9e/0a7775	4166460	UNPACK_HHR (unpack_ECOD_e393697f)	COMPLETED	0	2026-04-15 14:12:32.788	289ms	28ms	45.3%	3.3 MB	4.4 MB	99.7 KB	689.9 KB
2515	8a/e0d918	4166634	UNPACK_HHR (unpack_ECOD_b5c58d37)	COMPLETED	0	2026-04-15 14:12:32.815	291ms	27ms	68.7%	3.4 MB	4.4 MB	99.7 KB	40 KB
2516	bc/a944ad	4166689	UNPACK_HHR (unpack_PFAM_608b42dc)	COMPLETED	0	2026-04-15 14:12:32.822	286ms	26ms	68.9%	3.4 MB	4.4 MB	99.7 KB	211.5 KB
2517	07/edf0b4	4167091	UNPACK_HHR (unpack_PHROGS_608b42dc)	COMPLETED	0	2026-04-15 14:12:32.861	289ms	27ms	68.5%	3.3 MB	4.4 MB	99.7 KB	356.6 KB
2518	16/b5f668	4167362	UNPACK_HHR (unpack_PHROGS_b5c58d37)	COMPLETED	0	2026-04-15 14:12:32.893	280ms	26ms	75.0%	3.2 MB	4.4 MB	99.7 KB	110.4 KB
2520	24/d852aa	4167449	UNPACK_HHR (unpack_PHROGS_e32fc4f0)	COMPLETED	0	2026-04-15 14:12:32.901	281ms	25ms	76.7%	3.3 MB	4.4 MB	99.7 KB	322.7 KB
2519	21/46c753	4167390	UNPACK_HHR (unpack_PFAM_945bf038)	COMPLETED	0	2026-04-15 14:12:32.896	294ms	28ms	45.9%	3.4 MB	4.4 MB	99.7 KB	33.5 KB
2521	3a/8d3502	4167629	UNPACK_HHR (unpack_ECOD_608b42dc)	COMPLETED	0	2026-04-15 14:12:32.928	281ms	27ms	95.6%	3.3 MB	4.4 MB	99.7 KB	261.2 KB
2523	d9/01aea2	4167641	UNPACK_HHR (unpack_ECOD_945bf038)	COMPLETED	0	2026-04-15 14:12:32.931	282ms	25ms	77.8%	3.3 MB	4.4 MB	99.7 KB	32 KB
2524	0f/0aac69	4167762	UNPACK_HHR (unpack_PHROGS_945bf038)	COMPLETED	0	2026-04-15 14:12:32.951	282ms	24ms	76.7%	3.3 MB	4.4 MB	99.7 KB	119.7 KB
2525	14/b59985	4167797	UNPACK_HHR (unpack_PFAM_875af1f2)	COMPLETED	0	2026-04-15 14:12:32.956	287ms	25ms	50.4%	3.4 MB	4.4 MB	99.7 KB	48.5 KB
2526	17/b2c3e2	4167812	UNPACK_HHR (unpack_PHROGS_875af1f2)	COMPLETED	0	2026-04-15 14:12:32.959	284ms	27ms	71.7%	3.4 MB	4.4 MB	99.7 KB	121.6 KB
2527	63/9824bd	4168486	UNPACK_HHR (unpack_ECOD_bbb0845f)	COMPLETED	0	2026-04-15 14:12:33.039	290ms	28ms	67.2%	3.3 MB	4.4 MB	99.7 KB	509.1 KB
2528	54/cc447f	4168720	UNPACK_HHR (unpack_ECOD_82e91159)	COMPLETED	0	2026-04-15 14:12:33.081	282ms	25ms	97.7%	3.4 MB	4.4 MB	99.7 KB	59.3 KB
2529	47/544d04	4168908	UNPACK_HHR (unpack_ECOD_875af1f2)	COMPLETED	0	2026-04-15 14:12:33.109	282ms	27ms	70.8%	3.3 MB	4.4 MB	99.7 KB	82.7 KB
2530	c5/4307d5	4168944	UNPACK_HHR (unpack_PFAM_82e91159)	COMPLETED	0	2026-04-15 14:12:33.113	286ms	26ms	46.0%	3.4 MB	4.4 MB	99.7 KB	53.9 KB
2531	33/806ebd	4169350	UNPACK_HHR (unpack_PFAM_9e8601f8)	COMPLETED	0	2026-04-15 14:12:33.154	274ms	26ms	72.3%	3.4 MB	4.4 MB	99.7 KB	42 KB
2532	ed/f6e1f9	4169557	UNPACK_HHR (unpack_ECOD_9e8601f8)	COMPLETED	0	2026-04-15 14:12:33.177	286ms	24ms	49.7%	3.3 MB	4.4 MB	99.7 KB	25.8 KB
2533	83/5b2c8a	4169636	UNPACK_HHR (unpack_PHROGS_82e91159)	COMPLETED	0	2026-04-15 14:12:33.185	283ms	25ms	49.2%	3.3 MB	4.4 MB	99.7 KB	69.8 KB
2535	3b/b8729f	4169865	UNPACK_HHR (unpack_PFAM_ede41350)	COMPLETED	0	2026-04-15 14:12:33.212	273ms	25ms	52.0%	3.3 MB	4.4 MB	99.7 KB	84.1 KB
2534	b7/504809	4169717	UNPACK_HHR (unpack_ECOD_e32fc4f0)	COMPLETED	0	2026-04-15 14:12:33.193	303ms	27ms	101.9%	3.3 MB	4.4 MB	99.7 KB	472.5 KB
2536	35/985bcb	4169885	UNPACK_HHR (unpack_PHROGS_ede41350)	COMPLETED	0	2026-04-15 14:12:33.217	289ms	25ms	77.5%	3.3 MB	4.4 MB	99.7 KB	182.1 KB
2537	1a/0c8c82	4170005	UNPACK_HHR (unpack_ECOD_ec131200)	COMPLETED	0	2026-04-15 14:12:33.237	275ms	25ms	72.2%	3.4 MB	4.4 MB	99.7 KB	32.4 KB
2538	4b/87df39	4170075	UNPACK_HHR (unpack_PHROGS_9e8601f8)	COMPLETED	0	2026-04-15 14:12:33.246	295ms	28ms	87.4%	3.4 MB	4.4 MB	99.7 KB	91.9 KB
2539	8d/4c77c0	4170096	UNPACK_HHR (unpack_PHROGS_ec131200)	COMPLETED	0	2026-04-15 14:12:33.250	299ms	26ms	69.3%	3.3 MB	4.4 MB	99.7 KB	68.3 KB
2540	47/67aaf8	4170738	UNPACK_HHR (unpack_ECOD_ede41350)	COMPLETED	0	2026-04-15 14:12:33.332	269ms	25ms	52.2%	3.4 MB	4.4 MB	99.7 KB	72.3 KB
2541	75/29983a	4170968	UNPACK_HHR (unpack_PFAM_ec131200)	COMPLETED	0	2026-04-15 14:12:33.367	268ms	27ms	74.7%	3.2 MB	4.4 MB	99.7 KB	28.6 KB
2544	1c/929458	4171221	UNPACK_HHR (unpack_PFAM_3970f1db)	COMPLETED	0	2026-04-15 14:12:33.401	276ms	24ms	74.6%	3.3 MB	4.4 MB	99.7 KB	98.6 KB
2542	b9/63653b	4171165	UNPACK_HHR (unpack_PHROGS_3970f1db)	COMPLETED	0	2026-04-15 14:12:33.395	283ms	27ms	66.9%	3.4 MB	4.4 MB	99.7 KB	195.1 KB
2543	5d/f68338	4171531	UNPACK_HHR (unpack_ECOD_4cde6338)	COMPLETED	0	2026-04-15 14:12:33.431	291ms	27ms	46.7%	3.4 MB	4.4 MB	99.7 KB	98.3 KB
2545	30/1f33e9	4171838	UNPACK_HHR (unpack_PFAM_606afcbb)	COMPLETED	0	2026-04-15 14:12:33.466	275ms	25ms	75.5%	3.4 MB	4.4 MB	99.7 KB	119.6 KB
2546	f9/b19009	4171867	UNPACK_HHR (unpack_PFAM_4cde6338)	COMPLETED	0	2026-04-15 14:12:33.471	289ms	26ms	48.2%	3.3 MB	4.4 MB	99.7 KB	65.4 KB
2547	b7/0f42f3	4172027	UNPACK_HHR (unpack_PFAM_7e3b052d)	COMPLETED	0	2026-04-15 14:12:33.489	281ms	25ms	48.5%	3.4 MB	4.4 MB	99.7 KB	21.3 KB
2550	3e/9c296e	4172197	UNPACK_HHR (unpack_ECOD_7e3b052d)	COMPLETED	0	2026-04-15 14:12:33.515	277ms	26ms	98.6%	3.3 MB	4.4 MB	99.7 KB	43.8 KB
2548	b2/aa6432	4172098	UNPACK_HHR (unpack_PHROGS_4cde6338)	COMPLETED	0	2026-04-15 14:12:33.500	294ms	27ms	47.1%	3.3 MB	4.4 MB	99.7 KB	78.7 KB
2549	f3/6f67b0	4172160	UNPACK_HHR (unpack_PHROGS_7e3b052d)	COMPLETED	0	2026-04-15 14:12:33.509	293ms	27ms	70.6%	3.3 MB	4.4 MB	99.7 KB	65.9 KB
2551	54/4acd68	4172402	UNPACK_HHR (unpack_PHROGS_606afcbb)	COMPLETED	0	2026-04-15 14:12:33.545	287ms	27ms	93.1%	3.3 MB	4.4 MB	99.7 KB	71.5 KB
2553	f2/702b0b	4172902	UNPACK_HHR (unpack_PFAM_19ca2663)	COMPLETED	0	2026-04-15 14:12:33.605	287ms	27ms	91.8%	3.3 MB	4.4 MB	99.7 KB	166.5 KB
2554	9a/0e0c48	4173145	UNPACK_HHR (unpack_PHROGS_be52c9ea)	COMPLETED	0	2026-04-15 14:12:33.638	282ms	27ms	91.4%	3.3 MB	4.4 MB	99.7 KB	249.9 KB
2552	5a/ace9d5	4172464	UNPACK_HHR (unpack_PFAM_be52c9ea)	COMPLETED	0	2026-04-15 14:12:33.552	402ms	27ms	95.4%	3.3 MB	4.4 MB	99.7 KB	191 KB
2555	bf/12f673	4173422	UNPACK_HHR (unpack_PHROGS_f06e2a26)	COMPLETED	0	2026-04-15 14:12:33.680	274ms	27ms	48.5%	3.4 MB	4.4 MB	99.7 KB	112.3 KB
2556	94/aa87a8	4173437	UNPACK_HHR (unpack_PHROGS_19ca2663)	COMPLETED	0	2026-04-15 14:12:33.683	291ms	30ms	43.4%	3.4 MB	4.4 MB	99.7 KB	267.6 KB
2557	95/bc3411	4173831	UNPACK_HHR (unpack_PFAM_6172c7c9)	COMPLETED	0	2026-04-15 14:12:33.725	280ms	24ms	74.6%	3.3 MB	4.4 MB	99.7 KB	66.8 KB
2558	ac/9e412d	4174028	UNPACK_HHR (unpack_PFAM_f06e2a26)	COMPLETED	0	2026-04-15 14:12:33.745	287ms	25ms	76.5%	3.4 MB	4.4 MB	99.7 KB	69 KB
2560	32/c5cb6a	4174275	UNPACK_HHR (unpack_ECOD_19ca2663)	COMPLETED	0	2026-04-15 14:12:33.773	286ms	27ms	44.9%	3.4 MB	4.4 MB	99.7 KB	208.6 KB
2562	2a/2b2155	4174412	UNPACK_HHR (unpack_ECOD_6172c7c9)	COMPLETED	0	2026-04-15 14:12:33.795	272ms	26ms	49.0%	3.3 MB	4.4 MB	99.7 KB	99.1 KB
2559	60/970993	4174157	UNPACK_HHR (unpack_ECOD_3970f1db)	COMPLETED	0	2026-04-15 14:12:33.763	310ms	29ms	67.3%	3.3 MB	4.4 MB	99.7 KB	519.4 KB
2563	b7/065901	4174441	UNPACK_HHR (unpack_PFAM_b36168ac)	COMPLETED	0	2026-04-15 14:12:33.798	279ms	27ms	70.2%	3.4 MB	4.4 MB	99.7 KB	267.6 KB
2564	ed/5ab40f	4174491	UNPACK_HHR (unpack_PHROGS_6172c7c9)	COMPLETED	0	2026-04-15 14:12:33.804	287ms	27ms	70.0%	3.3 MB	4.4 MB	99.7 KB	170 KB
2565	ff/d0dd3f	4174699	UNPACK_HHR (unpack_PFAM_3a77b893)	COMPLETED	0	2026-04-15 14:12:33.835	275ms	25ms	49.1%	3.3 MB	4.4 MB	99.7 KB	108.3 KB
2566	b8/853e23	4175158	UNPACK_HHR (unpack_ECOD_be52c9ea)	COMPLETED	0	2026-04-15 14:12:33.895	273ms	28ms	67.1%	3.3 MB	4.4 MB	99.7 KB	505.4 KB
2567	53/c07192	4175336	UNPACK_HHR (unpack_ECOD_b36168ac)	COMPLETED	0	2026-04-15 14:12:33.923	296ms	26ms	94.2%	3.3 MB	4.4 MB	99.7 KB	377.5 KB
2569	b5/c8960e	4175583	UNPACK_HHR (unpack_PFAM_98b27959)	COMPLETED	0	2026-04-15 14:12:33.960	279ms	26ms	93.7%	3.3 MB	4.4 MB	99.7 KB	142.5 KB
2568	11/e25e35	4175572	UNPACK_HHR (unpack_PHROGS_98b27959)	COMPLETED	0	2026-04-15 14:12:33.957	302ms	27ms	96.8%	3.4 MB	4.4 MB	99.7 KB	239.5 KB
2570	b3/61dd65	4175714	UNPACK_HHR (unpack_PHROGS_3a77b893)	COMPLETED	0	2026-04-15 14:12:33.977	283ms	28ms	67.5%	3.3 MB	4.4 MB	99.7 KB	52.2 KB
2571	12/d2af70	4176034	UNPACK_HHR (unpack_ECOD_98b27959)	COMPLETED	0	2026-04-15 14:12:34.009	274ms	25ms	75.0%	3.4 MB	4.4 MB	99.7 KB	169.5 KB
2572	54/5e32e1	4176279	UNPACK_HHR (unpack_ECOD_3a77b893)	COMPLETED	0	2026-04-15 14:12:34.036	307ms	26ms	48.4%	3.2 MB	4.4 MB	99.7 KB	369.2 KB
2574	01/2453e6	4176530	UNPACK_HHR (unpack_PHROGS_c668e4e3)	COMPLETED	0	2026-04-15 14:12:34.069	300ms	26ms	74.0%	3.3 MB	4.4 MB	99.7 KB	74.5 KB
2573	82/41d525	4176479	UNPACK_HHR (unpack_PFAM_c668e4e3)	COMPLETED	0	2026-04-15 14:12:34.062	321ms	25ms	52.9%	3.3 MB	4.4 MB	99.7 KB	72 KB
2806	1f/0f80d7	4176579	UNPACK_HHR (unpack_ECOD_72555f3c)	COMPLETED	0	2026-04-15 14:12:34.079	305ms	27ms	69.2%	3.3 MB	4.4 MB	99.7 KB	84.2 KB
2576	82/cba5f7	4176671	UNPACK_HHR (unpack_PHROGS_f0801b15)	COMPLETED	0	2026-04-15 14:12:34.094	292ms	27ms	93.4%	3.3 MB	4.4 MB	99.7 KB	82.2 KB
2575	8d/d37fb3	4176565	UNPACK_HHR (unpack_ECOD_c668e4e3)	COMPLETED	0	2026-04-15 14:12:34.076	317ms	58ms	40.8%	5 MB	7 MB	99.7 KB	108.3 KB
2577	f2/27d8f9	4176794	UNPACK_HHR (unpack_PFAM_f0801b15)	COMPLETED	0	2026-04-15 14:12:34.113	306ms	78ms	65.3%	3.3 MB	4.4 MB	99.7 KB	136.2 KB
2578	45/929eaf	4177274	UNPACK_HHR (unpack_PHROGS_1520f161)	COMPLETED	0	2026-04-15 14:12:34.171	278ms	30ms	67.9%	3.4 MB	4.4 MB	99.7 KB	463.6 KB
2580	b6/71a126	4177655	UNPACK_HHR (unpack_ECOD_606afcbb)	COMPLETED	0	2026-04-15 14:12:34.222	280ms	26ms	70.3%	3.3 MB	4.4 MB	99.7 KB	581.8 KB
2583	17/f9b527	4177968	UNPACK_HHR (unpack_PHROGS_b8ccb182)	COMPLETED	0	2026-04-15 14:12:34.265	279ms	27ms	71.7%	3.3 MB	4.4 MB	99.7 KB	336.7 KB
2582	4b/ee9066	4177955	UNPACK_HHR (unpack_PHROGS_3978afa7)	COMPLETED	0	2026-04-15 14:12:34.262	295ms	27ms	69.9%	3.4 MB	4.4 MB	99.7 KB	64.5 KB
2581	cd/1fda08	4177800	UNPACK_HHR (unpack_ECOD_f06e2a26)	COMPLETED	0	2026-04-15 14:12:34.242	331ms	28ms	66.8%	3.3 MB	4.4 MB	99.7 KB	410.2 KB
2584	e1/370446	4178144	UNPACK_HHR (unpack_ECOD_b8ccb182)	COMPLETED	0	2026-04-15 14:12:34.286	288ms	25ms	47.6%	3.3 MB	4.4 MB	99.7 KB	236.4 KB
2588	77/c84a1b	4178844	UNPACK_HHR (unpack_PFAM_534695ae)	COMPLETED	0	2026-04-15 14:12:34.386	270ms	26ms	73.3%	3.4 MB	4.4 MB	99.7 KB	53.9 KB
2586	29/a38563	4178683	UNPACK_HHR (unpack_PFAM_b8ccb182)	COMPLETED	0	2026-04-15 14:12:34.346	317ms	28ms	91.4%	3.3 MB	4.4 MB	99.7 KB	181.1 KB
2590	35/806ea0	4178860	UNPACK_HHR (unpack_PHROGS_534695ae)	COMPLETED	0	2026-04-15 14:12:34.389	279ms	25ms	75.1%	3.3 MB	4.4 MB	99.7 KB	70.7 KB
2587	b1/15af76	4178767	UNPACK_HHR (unpack_ECOD_1520f161)	COMPLETED	0	2026-04-15 14:12:34.372	295ms	25ms	78.6%	3.4 MB	4.4 MB	99.7 KB	367.9 KB
2591	56/6f6efd	4178874	UNPACK_HHR (unpack_ECOD_534695ae)	COMPLETED	0	2026-04-15 14:12:34.391	282ms	26ms	71.3%	3.2 MB	4.4 MB	99.7 KB	104.6 KB
2592	78/f076f7	4178903	UNPACK_HHR (unpack_PHROGS_5a79f44f)	COMPLETED	0	2026-04-15 14:12:34.395	280ms	25ms	97.5%	3.2 MB	4.4 MB	99.7 KB	319.9 KB
2593	a9/d071b0	4179099	UNPACK_HHR (unpack_PHROGS_9056f1ae)	COMPLETED	0	2026-04-15 14:12:34.423	277ms	26ms	69.5%	3.4 MB	4.4 MB	99.7 KB	101.1 KB
2594	3e/ca986d	4179314	UNPACK_HHR (unpack_ECOD_5a79f44f)	COMPLETED	0	2026-04-15 14:12:34.452	292ms	28ms	45.1%	3.4 MB	4.4 MB	99.7 KB	278.7 KB
2595	72/b490da	4179772	UNPACK_HHR (unpack_PFAM_af447058)	COMPLETED	0	2026-04-15 14:12:34.505	311ms	27ms	69.3%	3.4 MB	4.4 MB	99.7 KB	55.8 KB
2596	89/66f314	4180060	UNPACK_HHR (unpack_PFAM_9056f1ae)	COMPLETED	0	2026-04-15 14:12:34.547	285ms	28ms	45.5%	3.3 MB	4.4 MB	99.7 KB	191.8 KB
2597	75/4625c6	4180129	UNPACK_HHR (unpack_PFAM_3cf0e83b)	COMPLETED	0	2026-04-15 14:12:34.560	273ms	27ms	95.9%	3.3 MB	4.4 MB	99.7 KB	148.8 KB
2599	cf/c17288	4180258	UNPACK_HHR (unpack_PHROGS_3cf0e83b)	COMPLETED	0	2026-04-15 14:12:34.579	274ms	29ms	94.5%	3.4 MB	4.4 MB	99.7 KB	266 KB
2598	95/b2c6b0	4180244	UNPACK_HHR (unpack_ECOD_f0801b15)	COMPLETED	0	2026-04-15 14:12:34.576	283ms	28ms	67.1%	3.3 MB	4.4 MB	99.7 KB	895.1 KB
2602	2d/8683c9	4181106	UNPACK_HHR (unpack_PHROGS_af447058)	COMPLETED	0	2026-04-15 14:12:34.670	273ms	24ms	97.7%	3.4 MB	4.4 MB	99.7 KB	40.2 KB
2600	d8/f77121	4181017	UNPACK_HHR (unpack_ECOD_af447058)	COMPLETED	0	2026-04-15 14:12:34.659	284ms	27ms	73.7%	3.3 MB	4.4 MB	99.7 KB	51.3 KB
2603	54/26e458	4181121	UNPACK_HHR (unpack_PHROGS_e59e6e22)	COMPLETED	0	2026-04-15 14:12:34.673	276ms	26ms	98.5%	3.3 MB	4.4 MB	99.7 KB	50.9 KB
2601	db/2946ea	4181071	UNPACK_HHR (unpack_ECOD_3cf0e83b)	COMPLETED	0	2026-04-15 14:12:34.666	285ms	24ms	73.8%	3.3 MB	4.4 MB	99.7 KB	163 KB
2605	3f/0b3ce6	4181154	UNPACK_HHR (unpack_ECOD_e59e6e22)	COMPLETED	0	2026-04-15 14:12:34.678	274ms	28ms	96.7%	3.4 MB	4.4 MB	99.7 KB	83.8 KB
2604	3f/db0ad9	4181140	UNPACK_HHR (unpack_PFAM_e59e6e22)	COMPLETED	0	2026-04-15 14:12:34.676	283ms	27ms	47.9%	3.3 MB	4.4 MB	99.7 KB	49.7 KB
2606	b9/991b12	4181322	UNPACK_HHR (unpack_PHROGS_daa350eb)	COMPLETED	0	2026-04-15 14:12:34.703	299ms	25ms	91.3%	3.2 MB	4.4 MB	99.7 KB	111.4 KB
2607	ab/522313	4181683	UNPACK_HHR (unpack_PFAM_daa350eb)	COMPLETED	0	2026-04-15 14:12:34.748	277ms	29ms	64.4%	3.4 MB	4.4 MB	99.7 KB	114.9 KB
2608	c2/d8f1e3	4182209	UNPACK_HHR (unpack_ECOD_daa350eb)	COMPLETED	0	2026-04-15 14:12:34.819	290ms	26ms	47.9%	3.3 MB	4.4 MB	99.7 KB	211.6 KB
2609	9f/b269fc	4182316	UNPACK_HHR (unpack_PHROGS_59c4c587)	COMPLETED	0	2026-04-15 14:12:34.835	278ms	28ms	45.9%	3.3 MB	4.4 MB	99.7 KB	70.2 KB
2610	66/034fc9	4182326	UNPACK_HHR (unpack_PFAM_59c4c587)	COMPLETED	0	2026-04-15 14:12:34.838	284ms	28ms	88.5%	3.4 MB	4.4 MB	99.7 KB	140.3 KB
2611	85/9901c3	4182459	UNPACK_HHR (unpack_PFAM_ebd56412)	COMPLETED	0	2026-04-15 14:12:34.856	280ms	30ms	69.1%	3.3 MB	4.4 MB	99.7 KB	41.8 KB
2612	4b/3c044e	4182489	UNPACK_HHR (unpack_ECOD_59c4c587)	COMPLETED	0	2026-04-15 14:12:34.861	283ms	28ms	67.6%	3.3 MB	4.4 MB	99.7 KB	161.3 KB
2615	ba/dfcb94	4183323	UNPACK_HHR (unpack_PHROGS_1a569b36)	COMPLETED	0	2026-04-15 14:12:34.952	265ms	27ms	50.0%	3.3 MB	4.4 MB	99.7 KB	307.2 KB
2614	49/ce481a	4183308	UNPACK_HHR (unpack_ECOD_9056f1ae)	COMPLETED	0	2026-04-15 14:12:34.949	281ms	29ms	89.1%	3.4 MB	4.4 MB	99.7 KB	878.7 KB
2616	f8/2da8e4	4183355	UNPACK_HHR (unpack_ECOD_3978afa7)	COMPLETED	0	2026-04-15 14:12:34.959	276ms	24ms	49.2%	3.4 MB	4.4 MB	99.7 KB	612.5 KB
2613	09/f0a916	4183285	UNPACK_HHR (unpack_PHROGS_ebd56412)	COMPLETED	0	2026-04-15 14:12:34.946	291ms	28ms	45.9%	3.3 MB	4.4 MB	99.7 KB	59 KB
2618	96/138eaa	4183373	UNPACK_HHR (unpack_PHROGS_5e3281de)	COMPLETED	0	2026-04-15 14:12:34.964	276ms	27ms	93.9%	3.3 MB	4.4 MB	99.7 KB	121.7 KB
2617	4d/1ce129	4183363	UNPACK_HHR (unpack_ECOD_ebd56412)	COMPLETED	0	2026-04-15 14:12:34.962	278ms	25ms	97.0%	3.3 MB	4.4 MB	99.7 KB	60.3 KB
2619	3d/5106aa	4183672	UNPACK_HHR (unpack_PFAM_1a569b36)	COMPLETED	0	2026-04-15 14:12:35.006	270ms	30ms	91.2%	3.3 MB	4.4 MB	99.7 KB	192.6 KB
2620	89/820d96	4183867	UNPACK_HHR (unpack_ECOD_5e3281de)	COMPLETED	0	2026-04-15 14:12:35.029	279ms	28ms	91.5%	3.3 MB	4.4 MB	99.7 KB	251 KB
2812	51/15a6a6	4184550	UNPACK_HHR (unpack_ECOD_5d7d953a)	COMPLETED	0	2026-04-15 14:12:35.116	273ms	26ms	95.9%	3.3 MB	4.4 MB	99.7 KB	82.2 KB
2621	c4/04b8da	4184514	UNPACK_HHR (unpack_PFAM_5e3281de)	COMPLETED	0	2026-04-15 14:12:35.113	289ms	29ms	65.8%	3.2 MB	4.4 MB	99.7 KB	250.1 KB
2622	e2/614aa2	4184593	UNPACK_HHR (unpack_PFAM_192bf588)	COMPLETED	0	2026-04-15 14:12:35.124	285ms	32ms	61.7%	3.3 MB	4.4 MB	99.7 KB	142.4 KB
2623	69/6dc8ef	4184679	UNPACK_HHR (unpack_ECOD_1a569b36)	COMPLETED	0	2026-04-15 14:12:35.139	285ms	26ms	99.0%	3.3 MB	4.4 MB	99.7 KB	243.3 KB
2624	74/a7ae1f	4184739	UNPACK_HHR (unpack_PHROGS_192bf588)	COMPLETED	0	2026-04-15 14:12:35.147	300ms	28ms	94.8%	3.4 MB	4.4 MB	99.7 KB	220.7 KB
2626	3e/d0f672	4185559	UNPACK_HHR (unpack_PFAM_cab5d416)	COMPLETED	0	2026-04-15 14:12:35.233	280ms	25ms	75.8%	3.4 MB	4.4 MB	99.7 KB	307.9 KB
2630	ed/705bdc	4185631	UNPACK_HHR (unpack_PHROGS_cab5d416)	COMPLETED	0	2026-04-15 14:12:35.244	276ms	26ms	71.7%	3.3 MB	4.4 MB	99.7 KB	510.4 KB
2627	42/732bcd	4185593	UNPACK_HHR (unpack_PFAM_1f0efa8f)	COMPLETED	0	2026-04-15 14:12:35.238	284ms	24ms	50.1%	3.3 MB	4.4 MB	99.7 KB	231 KB
2631	25/a7fdfa	4185639	UNPACK_HHR (unpack_ECOD_1f0efa8f)	COMPLETED	0	2026-04-15 14:12:35.246	277ms	26ms	73.9%	3.3 MB	4.4 MB	99.7 KB	322.8 KB
2628	8d/40e3ba	4185606	UNPACK_HHR (unpack_PHROGS_1f0efa8f)	COMPLETED	0	2026-04-15 14:12:35.240	291ms	28ms	44.2%	3.4 MB	4.4 MB	99.7 KB	132.8 KB
2625	d6/18ca64	4185463	UNPACK_HHR (unpack_ECOD_192bf588)	COMPLETED	0	2026-04-15 14:12:35.221	317ms	29ms	70.0%	3.3 MB	4.4 MB	99.7 KB	266 KB
2632	4e/3b9f5d	4185882	UNPACK_HHR (unpack_PHROGS_544dec45)	COMPLETED	0	2026-04-15 14:12:35.280	297ms	30ms	66.3%	3.4 MB	4.4 MB	99.7 KB	409.1 KB
2633	86/93de52	4186114	UNPACK_HHR (unpack_PFAM_55fe9e85)	COMPLETED	0	2026-04-15 14:12:35.312	287ms	28ms	89.9%	3.4 MB	4.4 MB	99.7 KB	235.9 KB
2634	89/b5f4c8	4186764	UNPACK_HHR (unpack_PFAM_2512128e)	COMPLETED	0	2026-04-15 14:12:35.393	285ms	27ms	45.8%	3.3 MB	4.4 MB	99.7 KB	46.3 KB
2635	51/590bf4	4186850	UNPACK_HHR (unpack_PFAM_544dec45)	COMPLETED	0	2026-04-15 14:12:35.405	290ms	36ms	37.8%	3.3 MB	4.4 MB	99.7 KB	332.9 KB
2636	8d/39e702	4186882	UNPACK_HHR (unpack_PHROGS_55fe9e85)	COMPLETED	0	2026-04-15 14:12:35.412	287ms	28ms	68.5%	3.3 MB	4.4 MB	99.7 KB	302.7 KB
2637	ef/09e1f8	4186978	UNPACK_HHR (unpack_ECOD_2512128e)	COMPLETED	0	2026-04-15 14:12:35.428	301ms	29ms	69.0%	3.4 MB	4.4 MB	99.7 KB	32.9 KB
2638	b0/d112eb	4187158	UNPACK_HHR (unpack_PHROGS_2512128e)	COMPLETED	0	2026-04-15 14:12:35.450	292ms	26ms	69.3%	3.3 MB	4.4 MB	99.7 KB	56.8 KB
2639	48/a56d85	4187774	UNPACK_HHR (unpack_PHROGS_8dee3941)	COMPLETED	0	2026-04-15 14:12:35.516	300ms	29ms	89.8%	3.4 MB	4.4 MB	99.7 KB	181.3 KB
2643	10/e5a2c0	4187845	UNPACK_HHR (unpack_PHROGS_2caac865)	COMPLETED	0	2026-04-15 14:12:35.528	298ms	27ms	95.9%	3.4 MB	4.4 MB	99.7 KB	600.7 KB
2644	51/ef1ad6	4187886	UNPACK_HHR (unpack_ECOD_2caac865)	COMPLETED	0	2026-04-15 14:12:35.534	298ms	26ms	72.5%	3.3 MB	4.4 MB	99.7 KB	535.4 KB
2642	6a/1266f5	4187828	UNPACK_HHR (unpack_PFAM_2caac865)	COMPLETED	0	2026-04-15 14:12:35.526	313ms	25ms	49.0%	3.3 MB	4.4 MB	99.7 KB	310.5 KB
2640	8c/03af05	4187817	UNPACK_HHR (unpack_ECOD_8dee3941)	COMPLETED	0	2026-04-15 14:12:35.523	315ms	27ms	66.8%	3.3 MB	4.4 MB	99.7 KB	177.4 KB
2645	f5/dba5b7	4187938	UNPACK_HHR (unpack_PFAM_708b899c)	COMPLETED	0	2026-04-15 14:12:35.541	301ms	29ms	67.1%	3.3 MB	4.4 MB	99.7 KB	304.8 KB
2646	fa/27f483	4188209	UNPACK_HHR (unpack_PHROGS_708b899c)	COMPLETED	0	2026-04-15 14:12:35.581	297ms	31ms	65.6%	3.3 MB	4.4 MB	99.7 KB	527.6 KB
2647	ec/7c63f3	4188379	UNPACK_HHR (unpack_PFAM_68c47e8a)	COMPLETED	0	2026-04-15 14:12:35.602	288ms	29ms	68.9%	3.4 MB	4.4 MB	99.7 KB	269.3 KB
2648	b2/079bae	4188975	UNPACK_HHR (unpack_PHROGS_68c47e8a)	COMPLETED	0	2026-04-15 14:12:35.681	284ms	28ms	68.6%	3.3 MB	4.4 MB	99.7 KB	552.4 KB
2649	ae/2cb107	4189058	UNPACK_HHR (unpack_ECOD_708b899c)	COMPLETED	0	2026-04-15 14:12:35.698	286ms	28ms	45.6%	3.2 MB	4.4 MB	99.7 KB	488.3 KB
2650	a3/2e70b8	4189083	UNPACK_HHR (unpack_PFAM_63643cf0)	COMPLETED	0	2026-04-15 14:12:35.701	297ms	27ms	45.8%	3.3 MB	4.4 MB	99.7 KB	95.5 KB
2651	f3/4765db	4189267	UNPACK_HHR (unpack_PHROGS_63643cf0)	COMPLETED	0	2026-04-15 14:12:35.732	280ms	27ms	68.5%	3.4 MB	4.4 MB	99.7 KB	56.4 KB
2652	65/89c764	4189360	UNPACK_HHR (unpack_ECOD_63643cf0)	COMPLETED	0	2026-04-15 14:12:35.745	289ms	29ms	65.4%	3.4 MB	4.4 MB	99.7 KB	214.7 KB
2653	a2/bfcb37	4190048	UNPACK_HHR (unpack_ECOD_68c47e8a)	COMPLETED	0	2026-04-15 14:12:35.820	268ms	25ms	52.4%	3.3 MB	4.4 MB	99.7 KB	303.9 KB
2655	c6/6fe476	4190139	UNPACK_HHR (unpack_PFAM_e2b01b1d)	COMPLETED	0	2026-04-15 14:12:35.834	278ms	24ms	50.6%	3.3 MB	4.4 MB	99.7 KB	73.5 KB
2657	36/d9174a	4190192	UNPACK_HHR (unpack_PFAM_877a4412)	COMPLETED	0	2026-04-15 14:12:35.844	279ms	26ms	71.9%	3.4 MB	4.4 MB	99.7 KB	37.7 KB
2658	ba/bc4955	4190210	UNPACK_HHR (unpack_PHROGS_877a4412)	COMPLETED	0	2026-04-15 14:12:35.847	278ms	26ms	96.7%	3.3 MB	4.4 MB	99.7 KB	44.1 KB
2656	3e/7ac88e	4190178	UNPACK_HHR (unpack_ECOD_544dec45)	COMPLETED	0	2026-04-15 14:12:35.841	288ms	27ms	47.5%	3.4 MB	4.4 MB	99.7 KB	878 KB
2654	7e/16aff4	4190103	UNPACK_HHR (unpack_PHROGS_e2b01b1d)	COMPLETED	0	2026-04-15 14:12:35.829	300ms	25ms	74.7%	3.4 MB	4.4 MB	99.7 KB	39.6 KB
2659	1d/67977d	4190445	UNPACK_HHR (unpack_PFAM_49a57211)	COMPLETED	0	2026-04-15 14:12:35.881	275ms	26ms	71.6%	3.3 MB	4.4 MB	99.7 KB	145 KB
2660	ee/0f5ffd	4190538	UNPACK_HHR (unpack_PHROGS_49a57211)	COMPLETED	0	2026-04-15 14:12:35.895	289ms	27ms	96.1%	3.4 MB	4.4 MB	99.7 KB	58 KB
2661	5c/8a14c0	4191158	UNPACK_HHR (unpack_ECOD_fbe00574)	COMPLETED	0	2026-04-15 14:12:35.968	295ms	28ms	67.6%	3.4 MB	4.4 MB	99.7 KB	178.5 KB
2662	ff/cc7d38	4191286	UNPACK_HHR (unpack_PFAM_fbe00574)	COMPLETED	0	2026-04-15 14:12:35.988	281ms	27ms	71.1%	3.3 MB	4.4 MB	99.7 KB	151.2 KB
2664	21/f9ef2b	4191458	UNPACK_HHR (unpack_ECOD_49a57211)	COMPLETED	0	2026-04-15 14:12:36.015	276ms	27ms	100.7%	3.3 MB	4.4 MB	99.7 KB	97.5 KB
2663	12/d2ae44	4191374	UNPACK_HHR (unpack_ECOD_877a4412)	COMPLETED	0	2026-04-15 14:12:36.001	291ms	28ms	43.3%	3.4 MB	4.4 MB	99.7 KB	55.4 KB
2665	27/404760	4191626	UNPACK_HHR (unpack_PHROGS_fbe00574)	COMPLETED	0	2026-04-15 14:12:36.037	277ms	25ms	48.1%	3.3 MB	4.4 MB	99.7 KB	279.2 KB
2667	fc/9e9c19	4192347	UNPACK_HHR (unpack_PFAM_629722e0)	COMPLETED	0	2026-04-15 14:12:36.115	285ms	26ms	46.4%	3.4 MB	4.4 MB	99.7 KB	146.4 KB
2666	ee/5409ac	4192201	UNPACK_HHR (unpack_ECOD_55fe9e85)	COMPLETED	0	2026-04-15 14:12:36.092	309ms	27ms	46.8%	3.4 MB	4.4 MB	99.7 KB	1 MB
2668	d1/fe3b97	4192445	UNPACK_HHR (unpack_ECOD_629722e0)	COMPLETED	0	2026-04-15 14:12:36.127	282ms	25ms	48.5%	3.3 MB	4.4 MB	99.7 KB	196.2 KB
2670	17/eeffb3	4192474	UNPACK_HHR (unpack_PHROGS_41ea1674)	COMPLETED	0	2026-04-15 14:12:36.132	282ms	24ms	48.1%	3.3 MB	4.4 MB	99.7 KB	32.5 KB
2669	2c/6cad5c	4192460	UNPACK_HHR (unpack_PHROGS_629722e0)	COMPLETED	0	2026-04-15 14:12:36.130	289ms	26ms	73.3%	3.4 MB	4.4 MB	99.7 KB	303.3 KB
2671	1a/669c9c	4192488	UNPACK_HHR (unpack_PFAM_41ea1674)	COMPLETED	0	2026-04-15 14:12:36.135	295ms	25ms	47.6%	3.3 MB	4.4 MB	99.7 KB	24.3 KB
2672	87/ed2503	4192644	UNPACK_HHR (unpack_PHROGS_e22cebcb)	COMPLETED	0	2026-04-15 14:12:36.159	280ms	31ms	65.4%	3.4 MB	4.4 MB	99.7 KB	846 KB
2673	f9/e28122	4192853	UNPACK_HHR (unpack_PHROGS_0dca1132)	COMPLETED	0	2026-04-15 14:12:36.187	288ms	29ms	68.8%	3.3 MB	4.4 MB	99.7 KB	170.8 KB
2674	f1/cc886b	4193526	UNPACK_HHR (unpack_PFAM_a6fe776e)	COMPLETED	0	2026-04-15 14:12:36.266	280ms	29ms	46.1%	3.4 MB	4.4 MB	99.7 KB	155.9 KB
2675	eb/91430a	4193550	UNPACK_HHR (unpack_PHROGS_a6fe776e)	COMPLETED	0	2026-04-15 14:12:36.272	300ms	28ms	44.9%	3.3 MB	4.4 MB	99.7 KB	201.1 KB
2676	92/33e0aa	4193672	UNPACK_HHR (unpack_ECOD_a6fe776e)	COMPLETED	0	2026-04-15 14:12:36.294	296ms	28ms	45.9%	3.3 MB	4.4 MB	99.7 KB	276.6 KB
2677	4a/d3b7ee	4193681	UNPACK_HHR (unpack_PFAM_e22cebcb)	COMPLETED	0	2026-04-15 14:12:36.296	305ms	30ms	66.4%	3.3 MB	4.4 MB	99.7 KB	519.1 KB
2678	ae/b41af2	4193829	UNPACK_HHR (unpack_PFAM_0dca1132)	COMPLETED	0	2026-04-15 14:12:36.317	295ms	27ms	46.5%	3.3 MB	4.4 MB	99.7 KB	118.4 KB
2679	e7/f115b7	1194	UNPACK_HHR (unpack_ECOD_0dca1132)	COMPLETED	0	2026-04-15 14:12:36.404	289ms	28ms	45.8%	3.4 MB	4.4 MB	99.7 KB	122.6 KB
2680	19/e66248	1208	UNPACK_HHR (unpack_ECOD_e2b01b1d)	COMPLETED	0	2026-04-15 14:12:36.407	286ms	28ms	47.7%	3.3 MB	4.4 MB	99.7 KB	469.1 KB
2682	cc/377112	1281	UNPACK_HHR (unpack_PHROGS_481a388c)	COMPLETED	0	2026-04-15 14:12:36.417	290ms	25ms	71.1%	3.3 MB	4.4 MB	99.7 KB	63.6 KB
2681	5c/c57c8b	1242	UNPACK_HHR (unpack_PFAM_481a388c)	COMPLETED	0	2026-04-15 14:12:36.412	296ms	27ms	47.2%	3.3 MB	4.4 MB	99.7 KB	68.9 KB
2684	18/1eda76	1390	UNPACK_HHR (unpack_ECOD_481a388c)	COMPLETED	0	2026-04-15 14:12:36.437	286ms	26ms	46.7%	3.3 MB	4.4 MB	99.7 KB	151.8 KB
2685	00/348ead	1489	UNPACK_HHR (unpack_PFAM_2625b826)	COMPLETED	0	2026-04-15 14:12:36.442	295ms	31ms	65.4%	3.3 MB	4.4 MB	99.7 KB	46.8 KB
2686	7b/8cdb98	1754	UNPACK_HHR (unpack_PFAM_24f0e80e)	COMPLETED	0	2026-04-15 14:12:36.479	289ms	29ms	44.0%	3.3 MB	4.4 MB	99.7 KB	139 KB
2687	21/cb6da3	2375	UNPACK_HHR (unpack_PHROGS_78663951)	COMPLETED	0	2026-04-15 14:12:36.549	292ms	28ms	68.4%	3.4 MB	4.4 MB	99.7 KB	326.9 KB
2683	b7/a6a990	1300	UNPACK_HHR (unpack_PHROGS_24f0e80e)	COMPLETED	0	2026-04-15 14:12:36.421	423ms	25ms	72.4%	3.3 MB	4.4 MB	99.7 KB	332.2 KB
2688	06/cb9235	2525	UNPACK_HHR (unpack_PFAM_0a030e9e)	COMPLETED	0	2026-04-15 14:12:36.575	287ms	26ms	93.0%	3.4 MB	4.4 MB	99.7 KB	30.6 KB
2690	85/e74bae	2725	UNPACK_HHR (unpack_PHROGS_2625b826)	COMPLETED	0	2026-04-15 14:12:36.604	293ms	28ms	68.5%	3.4 MB	4.4 MB	99.7 KB	64.6 KB
2689	f2/1b7d32	2613	UNPACK_HHR (unpack_ECOD_2625b826)	COMPLETED	0	2026-04-15 14:12:36.593	309ms	27ms	94.0%	3.3 MB	4.4 MB	99.7 KB	43.9 KB
2691	f4/fdf0d0	2789	UNPACK_HHR (unpack_ECOD_e22cebcb)	COMPLETED	0	2026-04-15 14:12:36.615	299ms	29ms	65.7%	3.3 MB	4.4 MB	99.7 KB	898.9 KB
2692	8d/422d22	3546	UNPACK_HHR (unpack_PHROGS_0a030e9e)	COMPLETED	0	2026-04-15 14:12:36.696	284ms	25ms	71.6%	3.3 MB	4.4 MB	99.7 KB	46.7 KB
2693	f8/9bea7d	3564	UNPACK_HHR (unpack_PFAM_78663951)	COMPLETED	0	2026-04-15 14:12:36.699	297ms	28ms	89.9%	3.3 MB	4.4 MB	99.7 KB	152.7 KB
2695	9a/df6bb0	3649	UNPACK_HHR (unpack_ECOD_24f0e80e)	COMPLETED	0	2026-04-15 14:12:36.712	285ms	28ms	90.4%	3.3 MB	4.4 MB	99.7 KB	155.2 KB
2694	92/256489	3641	UNPACK_HHR (unpack_ECOD_0a030e9e)	COMPLETED	0	2026-04-15 14:12:36.710	288ms	28ms	64.8%	3.4 MB	4.4 MB	99.7 KB	21.6 KB
2696	5d/9fb28b	3719	UNPACK_HHR (unpack_ECOD_78663951)	COMPLETED	0	2026-04-15 14:12:36.726	288ms	26ms	90.6%	3.3 MB	4.4 MB	99.7 KB	166.2 KB
2697	4b/1b8270	3806	UNPACK_HHR (unpack_ECOD_65314502)	COMPLETED	0	2026-04-15 14:12:36.739	286ms	25ms	49.1%	3.3 MB	4.4 MB	99.7 KB	68.6 KB
2699	a8/27b986	3998	UNPACK_HHR (unpack_PHROGS_add2937c)	COMPLETED	0	2026-04-15 14:12:36.771	290ms	26ms	68.7%	3.2 MB	4.4 MB	99.7 KB	300.3 KB
2700	36/5d42c4	4560	UNPACK_HHR (unpack_PFAM_65314502)	COMPLETED	0	2026-04-15 14:12:36.844	294ms	25ms	46.4%	3.4 MB	4.4 MB	99.7 KB	57.4 KB
2701	a5/0b433c	4570	UNPACK_HHR (unpack_PHROGS_65314502)	COMPLETED	0	2026-04-15 14:12:36.847	293ms	28ms	69.6%	3.3 MB	4.4 MB	99.7 KB	44.8 KB
2702	fd/478ab2	4725	UNPACK_HHR (unpack_PFAM_add2937c)	COMPLETED	0	2026-04-15 14:12:36.866	300ms	27ms	46.8%	3.3 MB	4.4 MB	99.7 KB	166.2 KB
2704	4f/31f07c	4961	UNPACK_HHR (unpack_PHROGS_f5d8ceab)	COMPLETED	0	2026-04-15 14:12:36.904	287ms	31ms	40.8%	3.3 MB	4.4 MB	99.7 KB	34.6 KB
2703	d3/6c5425	4945	UNPACK_HHR (unpack_ECOD_add2937c)	COMPLETED	0	2026-04-15 14:12:36.900	294ms	33ms	40.7%	3.3 MB	4.4 MB	99.7 KB	354.6 KB
2705	56/816a6e	5049	UNPACK_HHR (unpack_ECOD_f5d8ceab)	COMPLETED	0	2026-04-15 14:12:36.917	283ms	27ms	44.4%	3.4 MB	4.4 MB	99.7 KB	93 KB
2706	be/e392da	5717	UNPACK_HHR (unpack_PFAM_8db4f8a3)	COMPLETED	0	2026-04-15 14:12:36.984	289ms	28ms	49.4%	3.4 MB	4.4 MB	99.7 KB	65 KB
2707	8c/1c1a8a	5838	UNPACK_HHR (unpack_ECOD_8db4f8a3)	COMPLETED	0	2026-04-15 14:12:36.999	286ms	25ms	72.2%	3.4 MB	4.4 MB	99.7 KB	72.9 KB
2708	55/5bbd84	5846	UNPACK_HHR (unpack_PHROGS_8db4f8a3)	COMPLETED	0	2026-04-15 14:12:37.001	296ms	25ms	76.1%	3.3 MB	4.4 MB	99.7 KB	53 KB
2711	e3/6cf428	6012	UNPACK_HHR (unpack_ECOD_dede2ba7)	COMPLETED	0	2026-04-15 14:12:37.027	285ms	27ms	93.9%	3.4 MB	4.4 MB	99.7 KB	44.7 KB
2709	eb/e91965	5865	UNPACK_HHR (unpack_PFAM_dede2ba7)	COMPLETED	0	2026-04-15 14:12:37.004	308ms	24ms	52.0%	3.2 MB	4.4 MB	99.7 KB	80.6 KB
2710	16/190b45	5938	UNPACK_HHR (unpack_PHROGS_dede2ba7)	COMPLETED	0	2026-04-15 14:12:37.016	301ms	27ms	95.8%	3.4 MB	4.4 MB	99.7 KB	43.4 KB
2712	3e/d39361	6706	UNPACK_HHR (unpack_ECOD_41ea1674)	COMPLETED	0	2026-04-15 14:12:37.064	288ms	26ms	94.6%	3.2 MB	4.4 MB	99.7 KB	159.9 KB
2713	29/74b3eb	7423	UNPACK_HHR (unpack_PFAM_1894de69)	COMPLETED	0	2026-04-15 14:12:37.141	277ms	24ms	76.0%	3.2 MB	4.4 MB	99.7 KB	123 KB
2714	f0/f6bf36	7464	UNPACK_HHR (unpack_PHROGS_1894de69)	COMPLETED	0	2026-04-15 14:12:37.144	290ms	24ms	48.0%	3.4 MB	4.4 MB	99.7 KB	134.7 KB
2715	c1/e3de10	7664	UNPACK_HHR (unpack_PFAM_51580ee9)	COMPLETED	0	2026-04-15 14:12:37.169	294ms	31ms	62.0%	3.4 MB	4.4 MB	99.7 KB	99.5 KB
2717	fc/4af6e9	7829	UNPACK_HHR (unpack_ECOD_51580ee9)	COMPLETED	0	2026-04-15 14:12:37.198	281ms	28ms	67.7%	3.3 MB	4.4 MB	99.7 KB	106.2 KB
2716	f6/94065e	7807	UNPACK_HHR (unpack_ECOD_1894de69)	COMPLETED	0	2026-04-15 14:12:37.194	288ms	26ms	88.3%	3.3 MB	4.4 MB	99.7 KB	145.3 KB
2718	9f/59ebb2	7860	UNPACK_HHR (unpack_PHROGS_51580ee9)	COMPLETED	0	2026-04-15 14:12:37.203	289ms	26ms	94.0%	3.3 MB	4.4 MB	99.7 KB	62.5 KB
2720	24/d52ac2	8574	UNPACK_HHR (unpack_PHROGS_6f6cd3ef)	COMPLETED	0	2026-04-15 14:12:37.277	292ms	25ms	73.7%	3.3 MB	4.4 MB	99.7 KB	281.9 KB
2719	83/972d87	8670	UNPACK_HHR (unpack_PFAM_6f6cd3ef)	COMPLETED	0	2026-04-15 14:12:37.288	288ms	26ms	96.1%	3.3 MB	4.4 MB	99.7 KB	245.5 KB
2721	d3/8b36ba	8736	UNPACK_HHR (unpack_PHROGS_0f512103)	COMPLETED	0	2026-04-15 14:12:37.300	296ms	25ms	96.4%	3.4 MB	4.4 MB	99.7 KB	65 KB
2724	18/24aae6	8851	UNPACK_HHR (unpack_PFAM_0f512103)	COMPLETED	0	2026-04-15 14:12:37.321	280ms	27ms	48.7%	3.4 MB	4.4 MB	99.7 KB	111.1 KB
2722	94/36c07f	8822	UNPACK_HHR (unpack_ECOD_0f512103)	COMPLETED	0	2026-04-15 14:12:37.315	287ms	28ms	66.5%	3.3 MB	4.4 MB	99.7 KB	351.5 KB
2723	59/6eaba1	8838	UNPACK_HHR (unpack_ECOD_6f6cd3ef)	COMPLETED	0	2026-04-15 14:12:37.318	286ms	29ms	68.2%	3.4 MB	4.4 MB	99.7 KB	445.9 KB
2725	2f/beed6b	9086	UNPACK_HHR (unpack_PFAM_e4c59fc6)	COMPLETED	0	2026-04-15 14:12:37.355	274ms	24ms	75.9%	3.4 MB	4.4 MB	99.7 KB	17.7 KB
2726	50/be756d	9645	UNPACK_HHR (unpack_PFAM_3384762c)	COMPLETED	0	2026-04-15 14:12:37.422	287ms	24ms	51.5%	3.3 MB	4.4 MB	99.7 KB	41.2 KB
2727	20/0aa39e	9785	UNPACK_HHR (unpack_ECOD_3384762c)	COMPLETED	0	2026-04-15 14:12:37.438	292ms	25ms	74.0%	3.2 MB	4.4 MB	99.7 KB	38.2 KB
2728	cb/cf40fa	9967	UNPACK_HHR (unpack_PHROGS_e4c59fc6)	COMPLETED	0	2026-04-15 14:12:37.467	286ms	28ms	45.7%	3.4 MB	4.4 MB	99.7 KB	33.3 KB
2730	a8/0389b3	10071	UNPACK_HHR (unpack_PHROGS_3384762c)	COMPLETED	0	2026-04-15 14:12:37.486	272ms	26ms	97.8%	3.3 MB	4.4 MB	99.7 KB	37.6 KB
2729	04/e71b62	10058	UNPACK_HHR (unpack_PHROGS_1169c81c)	COMPLETED	0	2026-04-15 14:12:37.483	278ms	26ms	74.4%	3.3 MB	4.4 MB	99.7 KB	927.1 KB
2731	19/f757a3	10135	UNPACK_HHR (unpack_PFAM_1169c81c)	COMPLETED	0	2026-04-15 14:12:37.495	284ms	27ms	46.8%	3.3 MB	4.4 MB	99.7 KB	442.8 KB
2732	93/e61aac	10900	UNPACK_HHR (unpack_ECOD_1169c81c)	COMPLETED	0	2026-04-15 14:12:37.572	280ms	26ms	79.3%	3.3 MB	4.4 MB	99.7 KB	863.7 KB
2733	5f/0b1840	10955	UNPACK_HHR (unpack_ECOD_e4c59fc6)	COMPLETED	0	2026-04-15 14:12:37.579	284ms	27ms	49.7%	3.4 MB	4.4 MB	99.7 KB	53.4 KB
2736	be/c463eb	11086	UNPACK_HHR (unpack_PFAM_bffd8c59)	COMPLETED	0	2026-04-15 14:12:37.607	279ms	29ms	67.1%	3.3 MB	4.4 MB	99.7 KB	42.3 KB
2737	48/e563ad	11110	UNPACK_HHR (unpack_ECOD_318e97f8)	COMPLETED	0	2026-04-15 14:12:37.610	280ms	24ms	105.1%	3.4 MB	4.4 MB	99.7 KB	40.9 KB
2734	24/753859	11055	UNPACK_HHR (unpack_PHROGS_bffd8c59)	COMPLETED	0	2026-04-15 14:12:37.600	290ms	27ms	93.0%	3.3 MB	4.4 MB	99.7 KB	29 KB
2735	76/f91b76	11073	UNPACK_HHR (unpack_ECOD_bffd8c59)	COMPLETED	0	2026-04-15 14:12:37.604	301ms	30ms	89.9%	3.4 MB	4.4 MB	99.7 KB	26.1 KB
2738	3f/b7e248	11226	UNPACK_HHR (unpack_PHROGS_318e97f8)	COMPLETED	0	2026-04-15 14:12:37.631	280ms	27ms	43.4%	3.3 MB	4.4 MB	99.7 KB	56.1 KB
2739	f9/744b40	11969	UNPACK_HHR (unpack_PFAM_318e97f8)	COMPLETED	0	2026-04-15 14:12:37.713	284ms	24ms	51.1%	3.3 MB	4.4 MB	99.7 KB	31.4 KB
2740	58/d24b12	12105	UNPACK_HHR (unpack_PHROGS_2f510cc4)	COMPLETED	0	2026-04-15 14:12:37.733	287ms	27ms	68.2%	3.3 MB	4.4 MB	99.7 KB	898.3 KB
2741	ab/52bd62	12239	UNPACK_HHR (unpack_PFAM_7949573f)	COMPLETED	0	2026-04-15 14:12:37.756	292ms	28ms	90.5%	3.3 MB	4.4 MB	99.7 KB	96.6 KB
2742	36/400543	12258	UNPACK_HHR (unpack_PHROGS_7949573f)	COMPLETED	0	2026-04-15 14:12:37.761	291ms	33ms	60.0%	3.3 MB	4.4 MB	99.7 KB	49.6 KB
2743	de/9480eb	12274	UNPACK_HHR (unpack_ECOD_7949573f)	COMPLETED	0	2026-04-15 14:12:37.764	307ms	28ms	70.2%	3.3 MB	4.4 MB	99.7 KB	166.9 KB
2744	92/2d4b98	12382	UNPACK_HHR (unpack_PFAM_2f510cc4)	COMPLETED	0	2026-04-15 14:12:37.782	308ms	28ms	69.2%	3.3 MB	4.4 MB	99.7 KB	540.5 KB
2745	b3/d3d359	13140	UNPACK_HHR (unpack_PFAM_7aee2772)	COMPLETED	0	2026-04-15 14:12:37.855	271ms	25ms	76.4%	3.4 MB	4.4 MB	99.7 KB	152.1 KB
2746	8c/d9e3dc	13220	UNPACK_HHR (unpack_PFAM_0349c071)	COMPLETED	0	2026-04-15 14:12:37.866	288ms	26ms	94.0%	3.3 MB	4.4 MB	99.7 KB	85 KB
2759	13/a1671a	13385	UNPACK_HHR (unpack_ECOD_51298432)	COMPLETED	0	2026-04-15 14:12:37.899	277ms	27ms	71.3%	3.4 MB	4.4 MB	99.7 KB	209.9 KB
2758	44/610ead	13359	UNPACK_HHR (unpack_PFAM_51298432)	COMPLETED	0	2026-04-15 14:12:37.893	288ms	25ms	50.2%	3.3 MB	4.4 MB	99.7 KB	169.7 KB
2747	04/955ce0	13349	UNPACK_HHR (unpack_ECOD_2f510cc4)	COMPLETED	0	2026-04-15 14:12:37.890	302ms	26ms	95.3%	3.4 MB	4.4 MB	99.7 KB	928.3 KB
2748	e0/7cdd81	13468	UNPACK_HHR (unpack_PHROGS_5cba683e)	COMPLETED	0	2026-04-15 14:12:37.913	283ms	27ms	69.8%	3.4 MB	4.4 MB	99.7 KB	596.8 KB
2749	0a/79e1cc	13427	UNPACK_HHR (unpack_PHROGS_0349c071)	COMPLETED	0	2026-04-15 14:12:37.907	293ms	27ms	46.2%	3.3 MB	4.4 MB	99.7 KB	75.6 KB
2750	b3/c454a2	14236	UNPACK_HHR (unpack_ECOD_0349c071)	COMPLETED	0	2026-04-15 14:12:38.001	283ms	25ms	48.7%	3.2 MB	4.4 MB	99.7 KB	209.4 KB
2751	36/155163	14378	UNPACK_HHR (unpack_PFAM_5cba683e)	COMPLETED	0	2026-04-15 14:12:38.023	286ms	27ms	69.0%	3.4 MB	4.4 MB	99.7 KB	274 KB
2752	0c/f14462	14514	UNPACK_HHR (unpack_PHROGS_51298432)	COMPLETED	0	2026-04-15 14:12:38.051	274ms	25ms	76.0%	3.3 MB	4.4 MB	99.7 KB	125.5 KB
2753	ec/056297	14534	UNPACK_HHR (unpack_ECOD_5cba683e)	COMPLETED	0	2026-04-15 14:12:38.055	292ms	27ms	69.1%	3.4 MB	4.4 MB	99.7 KB	660.7 KB
2754	68/be8ae8	14655	UNPACK_HHR (unpack_PFAM_e76d5252)	COMPLETED	0	2026-04-15 14:12:38.074	287ms	27ms	70.4%	3.4 MB	4.4 MB	99.7 KB	38.5 KB
2755	21/d42372	14834	UNPACK_HHR (unpack_PHROGS_e76d5252)	COMPLETED	0	2026-04-15 14:12:38.093	279ms	27ms	45.9%	3.4 MB	4.4 MB	99.7 KB	31.9 KB
2756	bf/ef6b21	15177	UNPACK_HHR (unpack_PFAM_c9554a47)	COMPLETED	0	2026-04-15 14:12:38.130	283ms	25ms	49.5%	3.3 MB	4.4 MB	99.7 KB	117.3 KB
2757	a9/083696	15463	UNPACK_HHR (unpack_ECOD_e76d5252)	COMPLETED	0	2026-04-15 14:12:38.158	268ms	27ms	50.2%	3.3 MB	4.4 MB	99.7 KB	108 KB
2761	fc/0276e8	15608	UNPACK_HHR (unpack_PHROGS_7aee2772)	COMPLETED	0	2026-04-15 14:12:38.184	281ms	27ms	93.8%	3.4 MB	4.4 MB	99.7 KB	315.1 KB
2760	5b/610eb5	15592	UNPACK_HHR (unpack_PHROGS_c9554a47)	COMPLETED	0	2026-04-15 14:12:38.179	287ms	26ms	94.7%	3.4 MB	4.4 MB	99.7 KB	73.7 KB
2764	b3/9da1f5	15711	UNPACK_HHR (unpack_PHROGS_fc97b6cf)	COMPLETED	0	2026-04-15 14:12:38.202	281ms	27ms	45.6%	3.4 MB	4.4 MB	99.7 KB	36.7 KB
2762	b3/a14951	15675	UNPACK_HHR (unpack_ECOD_7aee2772)	COMPLETED	0	2026-04-15 14:12:38.196	291ms	28ms	67.1%	3.3 MB	4.4 MB	99.7 KB	309.1 KB
2763	c4/f3a875	15681	UNPACK_HHR (unpack_PFAM_fc97b6cf)	COMPLETED	0	2026-04-15 14:12:38.198	301ms	28ms	66.6%	3.3 MB	4.4 MB	99.7 KB	61.2 KB
2765	77/6f1382	16434	UNPACK_HHR (unpack_ECOD_c9554a47)	COMPLETED	0	2026-04-15 14:12:38.288	284ms	24ms	72.8%	3.4 MB	4.4 MB	99.7 KB	126.5 KB
2766	40/67ee2d	16600	UNPACK_HHR (unpack_ECOD_fc97b6cf)	COMPLETED	0	2026-04-15 14:12:38.312	282ms	25ms	74.1%	3.3 MB	4.4 MB	99.7 KB	30.2 KB
2767	54/bed96f	16721	UNPACK_HHR (unpack_PFAM_0fdac63b)	COMPLETED	0	2026-04-15 14:12:38.329	278ms	26ms	49.8%	3.3 MB	4.4 MB	99.7 KB	47.2 KB
2769	b3/dfb5f5	16946	UNPACK_HHR (unpack_PFAM_b2459def)	COMPLETED	0	2026-04-15 14:12:38.364	286ms	30ms	88.9%	3.3 MB	4.4 MB	99.7 KB	196.7 KB
2768	d5/5d77f9	16847	UNPACK_HHR (unpack_PHROGS_0fdac63b)	COMPLETED	0	2026-04-15 14:12:38.350	304ms	28ms	45.7%	3.3 MB	4.4 MB	99.7 KB	38.6 KB
2770	5d/c8061c	17050	UNPACK_HHR (unpack_PFAM_0fd2ad36)	COMPLETED	0	2026-04-15 14:12:38.375	281ms	27ms	92.0%	3.3 MB	4.4 MB	99.7 KB	80.9 KB
2771	08/0d2e32	17428	UNPACK_HHR (unpack_ECOD_9f0bc8a1)	COMPLETED	0	2026-04-15 14:12:38.417	276ms	15ms	65.0%	0	0	99.4 KB	6.8 KB
2772	e7/ec27e6	17554	UNPACK_HHR (unpack_ECOD_0fdac63b)	COMPLETED	0	2026-04-15 14:12:38.429	277ms	27ms	98.0%	3.4 MB	4.4 MB	99.7 KB	98.3 KB
2773	c8/29ce40	17864	UNPACK_HHR (unpack_PHROGS_0fd2ad36)	COMPLETED	0	2026-04-15 14:12:38.468	274ms	33ms	84.1%	3.3 MB	4.4 MB	99.7 KB	48.9 KB
2776	50/ba5f61	17970	UNPACK_HHR (unpack_PHROGS_9f0bc8a1)	COMPLETED	0	2026-04-15 14:12:38.489	262ms	17ms	88.3%	0	0	99.4 KB	10.3 KB
2774	b3/37e0e3	17880	UNPACK_HHR (unpack_PFAM_bbe00f74)	COMPLETED	0	2026-04-15 14:12:38.471	294ms	28ms	48.2%	3.3 MB	4.4 MB	99.7 KB	60.9 KB
2775	72/036a97	17942	UNPACK_HHR (unpack_PHROGS_b2459def)	COMPLETED	0	2026-04-15 14:12:38.486	278ms	25ms	75.6%	3.3 MB	4.4 MB	99.7 KB	121.2 KB
2777	e5/217d92	18051	UNPACK_HHR (unpack_PFAM_13986d56)	COMPLETED	0	2026-04-15 14:12:38.501	303ms	29ms	68.6%	3.3 MB	4.4 MB	99.7 KB	24.4 KB
2778	f0/6e54b2	18670	UNPACK_HHR (unpack_PHROGS_bbe00f74)	COMPLETED	0	2026-04-15 14:12:38.575	281ms	25ms	71.6%	3.3 MB	4.4 MB	99.7 KB	52.9 KB
2780	6d/bb2abf	18932	UNPACK_HHR (unpack_ECOD_13986d56)	COMPLETED	0	2026-04-15 14:12:38.609	281ms	28ms	67.4%	3.3 MB	4.4 MB	99.7 KB	38.3 KB
2779	49/8fbb89	18829	UNPACK_HHR (unpack_ECOD_0fd2ad36)	COMPLETED	0	2026-04-15 14:12:38.597	304ms	28ms	46.6%	3.3 MB	4.4 MB	99.7 KB	136 KB
2781	f2/5ff570	19256	UNPACK_HHR (unpack_PFAM_9f0bc8a1)	COMPLETED	0	2026-04-15 14:12:38.653	286ms	18ms	85.6%	0	0	99.4 KB	10.4 KB
2782	9f/c78ff4	19280	UNPACK_HHR (unpack_ECOD_bbe00f74)	COMPLETED	0	2026-04-15 14:12:38.656	283ms	27ms	47.0%	3.3 MB	4.4 MB	99.7 KB	130.9 KB
2783	e1/1e956e	19307	UNPACK_HHR (unpack_PHROGS_13986d56)	COMPLETED	0	2026-04-15 14:12:38.659	290ms	25ms	95.8%	3.4 MB	4.4 MB	99.7 KB	35.4 KB
2784	cb/961dd3	19643	UNPACK_HHR (unpack_ECOD_b2459def)	COMPLETED	0	2026-04-15 14:12:38.696	283ms	28ms	67.4%	3.3 MB	4.4 MB	99.7 KB	325.4 KB
2785	50/fc9d5b	19774	UNPACK_HHR (unpack_PFAM_fb419ddf)	COMPLETED	0	2026-04-15 14:12:38.709	288ms	31ms	89.5%	3.4 MB	4.4 MB	99.7 KB	19.9 KB
2786	b8/9c74a3	20049	UNPACK_HHR (unpack_PFAM_3bc2b8f8)	COMPLETED	0	2026-04-15 14:12:38.745	288ms	27ms	68.8%	3.2 MB	4.4 MB	99.7 KB	89 KB
2788	59/415912	20174	UNPACK_HHR (unpack_PHROGS_fb419ddf)	COMPLETED	0	2026-04-15 14:12:38.768	288ms	26ms	72.8%	3.4 MB	4.4 MB	99.7 KB	31.5 KB
2789	28/c42bf6	20185	UNPACK_HHR (unpack_ECOD_fb419ddf)	COMPLETED	0	2026-04-15 14:12:38.770	288ms	26ms	68.9%	3.3 MB	4.4 MB	99.7 KB	17.3 KB
2787	cb/714044	20090	UNPACK_HHR (unpack_ECOD_3bc2b8f8)	COMPLETED	0	2026-04-15 14:12:38.754	329ms	33ms	40.6%	3.4 MB	4.4 MB	99.7 KB	207.2 KB
2790	00/f13837	20467	UNPACK_HHR (unpack_PHROGS_05b61a87)	COMPLETED	0	2026-04-15 14:12:38.808	288ms	27ms	45.2%	3.3 MB	4.4 MB	99.7 KB	109.1 KB
2791	a1/99feeb	20886	UNPACK_HHR (unpack_PFAM_05b61a87)	COMPLETED	0	2026-04-15 14:12:38.859	286ms	26ms	71.4%	3.4 MB	4.4 MB	99.7 KB	136.1 KB
2792	06/3e28b0	21138	UNPACK_HHR (unpack_PFAM_9d264ee3)	COMPLETED	0	2026-04-15 14:12:38.893	291ms	26ms	47.2%	3.3 MB	4.4 MB	99.7 KB	123.6 KB
2793	55/51d58f	21224	UNPACK_HHR (unpack_PHROGS_3bc2b8f8)	COMPLETED	0	2026-04-15 14:12:38.904	283ms	26ms	94.9%	3.3 MB	4.4 MB	99.7 KB	68.8 KB
2795	b5/d1ff65	21528	UNPACK_HHR (unpack_PFAM_aba70eb7)	COMPLETED	0	2026-04-15 14:12:38.945	284ms	28ms	45.1%	3.4 MB	4.4 MB	99.7 KB	61.6 KB
2794	f6/2388f0	21497	UNPACK_HHR (unpack_PHROGS_9d264ee3)	COMPLETED	0	2026-04-15 14:12:38.942	298ms	26ms	47.6%	3.3 MB	4.4 MB	99.7 KB	137.6 KB
2796	95/1549cf	21584	UNPACK_HHR (unpack_ECOD_aba70eb7)	COMPLETED	0	2026-04-15 14:12:38.952	289ms	28ms	46.0%	3.2 MB	4.4 MB	99.7 KB	107 KB
2797	bc/9cfe5e	21815	UNPACK_HHR (unpack_ECOD_05b61a87)	COMPLETED	0	2026-04-15 14:12:38.983	291ms	32ms	61.4%	3.4 MB	4.4 MB	99.7 KB	267.9 KB
2798	7b/9d4e75	21992	UNPACK_HHR (unpack_PHROGS_aba70eb7)	COMPLETED	0	2026-04-15 14:12:39.000	288ms	27ms	46.7%	3.3 MB	4.4 MB	99.7 KB	52.6 KB
2799	ba/493282	22286	UNPACK_HHR (unpack_ECOD_1c061d7b)	COMPLETED	0	2026-04-15 14:12:39.036	333ms	26ms	44.3%	3.3 MB	4.4 MB	99.7 KB	97.1 KB
2801	3d/773dad	22430	UNPACK_HHR (unpack_ECOD_9d264ee3)	COMPLETED	0	2026-04-15 14:12:39.061	317ms	26ms	48.2%	3.4 MB	4.4 MB	99.7 KB	227.7 KB
2802	14/1d27ba	22599	UNPACK_HHR (unpack_PHROGS_1c061d7b)	COMPLETED	0	2026-04-15 14:12:39.088	297ms	24ms	51.9%	3.4 MB	4.4 MB	99.7 KB	28.3 KB
2800	be/3c4fb4	22424	UNPACK_HHR (unpack_PFAM_1c061d7b)	COMPLETED	0	2026-04-15 14:12:39.059	359ms	26ms	70.8%	3.4 MB	4.4 MB	99.7 KB	37.7 KB
2803	e8/d33153	22696	UNPACK_HHR (unpack_PHROGS_5b4c74ed)	COMPLETED	0	2026-04-15 14:12:39.099	319ms	80ms	52.4%	4.8 MB	6.9 MB	99.7 KB	45.5 KB
2804	0d/f25dfb	23090	UNPACK_HHR (unpack_PFAM_72555f3c)	COMPLETED	0	2026-04-15 14:12:39.148	298ms	50ms	77.7%	3.2 MB	4.4 MB	99.7 KB	52.1 KB
2807	84/27618b	23421	UNPACK_HHR (unpack_ECOD_5b4c74ed)	COMPLETED	0	2026-04-15 14:12:39.190	272ms	26ms	75.0%	3.3 MB	4.4 MB	99.7 KB	83.2 KB
2805	82/c14efc	23402	UNPACK_HHR (unpack_PFAM_5b4c74ed)	COMPLETED	0	2026-04-15 14:12:39.188	278ms	26ms	73.3%	3.4 MB	4.4 MB	99.7 KB	57.3 KB
2808	55/06db00	23714	UNPACK_HHR (unpack_PFAM_5d7d953a)	COMPLETED	0	2026-04-15 14:12:39.232	317ms	26ms	74.4%	3.3 MB	4.4 MB	99.7 KB	57.3 KB
2809	53/ad4807	23821	UNPACK_HHR (unpack_PHROGS_72555f3c)	COMPLETED	0	2026-04-15 14:12:39.244	310ms	27ms	93.0%	3.3 MB	4.4 MB	99.7 KB	48.5 KB
2810	a4/8dcf7c	23834	UNPACK_HHR (unpack_PHROGS_5d7d953a)	COMPLETED	0	2026-04-15 14:12:39.246	328ms	27ms	71.0%	3.3 MB	4.4 MB	99.7 KB	44.9 KB
2811	2e/088a39	24065	UNPACK_HHR (unpack_PFAM_88ccb14e)	COMPLETED	0	2026-04-15 14:12:39.277	346ms	28ms	68.5%	3.3 MB	4.4 MB	99.7 KB	31 KB
2813	d7/f3ea78	24181	UNPACK_HHR (unpack_ECOD_88ccb14e)	COMPLETED	0	2026-04-15 14:12:39.291	337ms	27ms	44.5%	3.2 MB	4.4 MB	99.7 KB	44.4 KB
2815	de/6185e0	24723	UNPACK_HHR (unpack_PFAM_3d4de337)	COMPLETED	0	2026-04-15 14:12:39.381	285ms	26ms	73.2%	3.4 MB	4.4 MB	99.7 KB	55.3 KB
2816	c2/02dc7f	24770	UNPACK_HHR (unpack_PHROGS_3d4de337)	COMPLETED	0	2026-04-15 14:12:39.387	282ms	28ms	65.6%	3.3 MB	4.4 MB	99.7 KB	50 KB
2814	a3/10e847	24666	UNPACK_HHR (unpack_PHROGS_88ccb14e)	COMPLETED	0	2026-04-15 14:12:39.373	304ms	34ms	40.5%	3.4 MB	4.4 MB	99.7 KB	30.1 KB
2817	64/9e6091	25015	UNPACK_HHR (unpack_PFAM_d5cad08a)	COMPLETED	0	2026-04-15 14:12:39.421	292ms	27ms	91.0%	3.3 MB	4.4 MB	99.7 KB	80.9 KB
2818	84/6a98c5	25031	UNPACK_HHR (unpack_PHROGS_d5cad08a)	COMPLETED	0	2026-04-15 14:12:39.423	296ms	29ms	88.8%	3.4 MB	4.4 MB	99.7 KB	49.8 KB
2819	3c/db2f2c	25177	UNPACK_HHR (unpack_ECOD_3d4de337)	COMPLETED	0	2026-04-15 14:12:39.448	282ms	25ms	47.1%	3.4 MB	4.4 MB	99.7 KB	222.3 KB
2821	ff/37a573	25339	UNPACK_HHR (unpack_PFAM_ddcf339c)	COMPLETED	0	2026-04-15 14:12:39.468	278ms	26ms	69.2%	3.3 MB	4.4 MB	99.7 KB	158.3 KB
2820	40/6d83dc	25320	UNPACK_HHR (unpack_ECOD_d5cad08a)	COMPLETED	0	2026-04-15 14:12:39.466	286ms	24ms	48.2%	3.2 MB	4.4 MB	99.7 KB	105.7 KB
2823	75/13be6a	25984	UNPACK_HHR (unpack_ECOD_fb551474)	COMPLETED	0	2026-04-15 14:12:39.556	285ms	31ms	62.0%	3.3 MB	4.4 MB	99.7 KB	78.9 KB
2822	47/5dc22a	25965	UNPACK_HHR (unpack_PHROGS_fb551474)	COMPLETED	0	2026-04-15 14:12:39.552	301ms	25ms	50.6%	3.4 MB	4.4 MB	99.7 KB	40.8 KB
2824	d8/19fb9d	26148	UNPACK_HHR (unpack_PFAM_fb551474)	COMPLETED	0	2026-04-15 14:12:39.577	297ms	28ms	44.7%	3.4 MB	4.4 MB	99.7 KB	52.8 KB
2826	37/4268b5	26575	UNPACK_HHR (unpack_PHROGS_ddcf339c)	COMPLETED	0	2026-04-15 14:12:39.631	279ms	36ms	58.4%	3.3 MB	4.4 MB	99.7 KB	65.8 KB
2827	79/9f97aa	26913	UNPACK_HHR (unpack_PHROGS_d3cd7be4)	COMPLETED	0	2026-04-15 14:12:39.669	289ms	26ms	70.5%	3.4 MB	4.4 MB	99.7 KB	39.1 KB
2825	2e/9505ad	26544	UNPACK_HHR (unpack_PFAM_1b855916)	COMPLETED	0	2026-04-15 14:12:39.626	332ms	28ms	70.4%	3.4 MB	4.4 MB	99.7 KB	112.6 KB
2828	32/06aff2	26936	UNPACK_HHR (unpack_ECOD_ddcf339c)	COMPLETED	0	2026-04-15 14:12:39.672	292ms	25ms	96.7%	3.3 MB	4.4 MB	99.7 KB	188.9 KB
2829	42/8d5c5a	26997	UNPACK_HHR (unpack_PHROGS_1b855916)	COMPLETED	0	2026-04-15 14:12:39.679	303ms	29ms	90.1%	3.4 MB	4.4 MB	99.7 KB	46.5 KB
2831	32/4b3f88	27331	UNPACK_HHR (unpack_PFAM_d3cd7be4)	COMPLETED	0	2026-04-15 14:12:39.721	287ms	26ms	93.8%	3.3 MB	4.4 MB	99.7 KB	88.1 KB
2830	2d/1ed3b2	27292	UNPACK_HHR (unpack_ECOD_1b855916)	COMPLETED	0	2026-04-15 14:12:39.716	295ms	28ms	67.7%	3.3 MB	4.4 MB	99.7 KB	125.1 KB
2832	8c/63c891	27387	UNPACK_HHR (unpack_ECOD_d3cd7be4)	COMPLETED	0	2026-04-15 14:12:39.733	282ms	29ms	45.3%	3.4 MB	4.4 MB	99.7 KB	98.3 KB
2834	9f/f0b43b	27529	UNPACK_HHR (unpack_PHROGS_589c495c)	COMPLETED	0	2026-04-15 14:12:39.754	278ms	27ms	68.5%	3.3 MB	4.4 MB	99.7 KB	34.7 KB
2833	8d/c87f35	27477	UNPACK_HHR (unpack_PFAM_589c495c)	COMPLETED	0	2026-04-15 14:12:39.748	294ms	25ms	71.5%	3.3 MB	4.4 MB	99.7 KB	43.9 KB
2835	73/2832ba	28222	UNPACK_HHR (unpack_PFAM_e6279fc8)	COMPLETED	0	2026-04-15 14:12:39.844	289ms	26ms	43.0%	3.4 MB	4.4 MB	99.7 KB	113.7 KB
2836	07/ea688a	28300	UNPACK_HHR (unpack_PHROGS_e6279fc8)	COMPLETED	0	2026-04-15 14:12:39.856	284ms	26ms	68.7%	3.2 MB	4.4 MB	99.7 KB	82.2 KB
2837	f0/22059b	28467	UNPACK_HHR (unpack_PFAM_29f339e4)	COMPLETED	0	2026-04-15 14:12:39.877	282ms	28ms	44.5%	3.4 MB	4.4 MB	99.7 KB	103.9 KB
2838	db/9ca327	28722	UNPACK_HHR (unpack_PHROGS_02eb0542)	COMPLETED	0	2026-04-15 14:12:39.913	291ms	26ms	71.3%	3.3 MB	4.4 MB	99.7 KB	66.5 KB
2840	47/5d351e	29165	UNPACK_HHR (unpack_ECOD_b254dd5c)	COMPLETED	0	2026-04-15 14:12:39.964	275ms	26ms	46.9%	3.3 MB	4.4 MB	99.7 KB	20.8 KB
2841	79/db5e46	29177	UNPACK_HHR (unpack_ECOD_e6279fc8)	COMPLETED	0	2026-04-15 14:12:39.967	275ms	26ms	71.1%	3.3 MB	4.4 MB	99.7 KB	151.5 KB
2839	7e/b3d692	29139	UNPACK_HHR (unpack_PHROGS_29f339e4)	COMPLETED	0	2026-04-15 14:12:39.962	293ms	26ms	48.4%	3.3 MB	4.4 MB	99.7 KB	140.7 KB
2842	e4/73e710	29332	UNPACK_HHR (unpack_ECOD_29f339e4)	COMPLETED	0	2026-04-15 14:12:39.985	278ms	27ms	71.7%	3.3 MB	4.4 MB	99.7 KB	105.4 KB
2844	84/4f1547	29561	UNPACK_HHR (unpack_PFAM_b254dd5c)	COMPLETED	0	2026-04-15 14:12:40.014	269ms	25ms	70.5%	3.4 MB	4.4 MB	99.7 KB	24.6 KB
2843	80/d58552	29552	UNPACK_HHR (unpack_PHROGS_b254dd5c)	COMPLETED	0	2026-04-15 14:12:40.012	283ms	25ms	73.5%	3.4 MB	4.4 MB	99.7 KB	33.3 KB
2845	fe/370591	29584	UNPACK_HHR (unpack_PHROGS_10204744)	COMPLETED	0	2026-04-15 14:12:40.017	285ms	28ms	68.4%	3.3 MB	4.4 MB	99.7 KB	31.9 KB
2847	bf/d09b46	29799	UNPACK_HHR (unpack_ECOD_10204744)	COMPLETED	0	2026-04-15 14:12:40.049	284ms	25ms	73.5%	3.4 MB	4.4 MB	99.7 KB	18.7 KB
2846	96/17bfdb	29682	UNPACK_HHR (unpack_PFAM_10204744)	COMPLETED	0	2026-04-15 14:12:40.035	308ms	26ms	48.8%	3.3 MB	4.4 MB	99.7 KB	30.1 KB
2849	c6/e7c9b8	30506	UNPACK_HHR (unpack_PFAM_02eb0542)	COMPLETED	0	2026-04-15 14:12:40.143	252ms	23ms	56.2%	3.3 MB	4.4 MB	99.7 KB	128.5 KB
2848	b5/fd3265	30467	UNPACK_HHR (unpack_ECOD_589c495c)	COMPLETED	0	2026-04-15 14:12:40.136	260ms	23ms	55.7%	3.4 MB	4.4 MB	99.7 KB	155.2 KB
2850	6d/37a9ca	30624	UNPACK_HHR (unpack_ECOD_02eb0542)	COMPLETED	0	2026-04-15 14:12:40.163	308ms	26ms	78.4%	3.3 MB	4.4 MB	99.7 KB	283.6 KB
1830	24/7e1767	4045466	HHSUITE_SEARCH_BATCH (ECOD_247e1767)	COMPLETED	0	2026-04-15 14:12:16.143	2m 5s	2m 5s	322.4%	3.6 GB	34.7 GB	8 MB	1.8 MB
2851	1d/3bef65	35047	UNPACK_HHR (unpack_ECOD_969d9e0e)	COMPLETED	0	2026-04-15 14:14:21.404	224ms	26ms	78.6%	3.3 MB	4.4 MB	99.8 KB	1.8 MB
1829	01/f7900a	4045001	HHSUITE_SEARCH_BATCH (PFAM_01f7900a)	COMPLETED	0	2026-04-15 14:12:16.092	2m 7s	2m 7s	266.0%	1.6 GB	6.1 GB	1.4 MB	450 KB
2852	93/fad203	35346	UNPACK_HHR (unpack_PFAM_969d9e0e)	COMPLETED	0	2026-04-15 14:14:23.466	221ms	25ms	54.6%	3.4 MB	4.4 MB	99.7 KB	448.9 KB
1828	f9/f238bd	4045112	HHSUITE_SEARCH_BATCH (PHROGS_f9f238bd)	COMPLETED	0	2026-04-15 14:12:16.102	2m 57s	2m 56s	307.6%	1.9 GB	2.7 GB	3.4 MB	2.8 MB
2853	d0/a1c8d5	36025	UNPACK_HHR (unpack_PHROGS_969d9e0e)	COMPLETED	0	2026-04-15 14:15:12.789	225ms	27ms	75.6%	3.4 MB	4.4 MB	99.8 KB	2.8 MB
2856	6f/5ce192	36207	GATHER_HHR (gather_PFAM)	COMPLETED	0	2026-04-15 14:15:13.087	10.2s	9.5s	51.5%	8 MB	13.8 MB	91.4 MB	86.2 MB
2855	8c/aeeb4e	36213	GATHER_HHR (gather_ECOD)	COMPLETED	0	2026-04-15 14:15:13.095	10.4s	9.7s	53.2%	7.9 MB	13.8 MB	310.2 MB	305.1 MB
2854	bd/ac490d	36203	GATHER_HHR (gather_PHROGS)	COMPLETED	0	2026-04-15 14:15:13.079	10.6s	9.9s	50.0%	10.1 MB	17.9 MB	144.6 MB	139.5 MB
2857	12/10c912	42498	COLLECT_HITS	COMPLETED	0	2026-04-15 14:15:23.720	25.1s	24.8s	571.8%	8.5 GB	1.3 TB	667.1 MB	223.3 MB
2858	c0/4773c9	63465	FILTER_HITS	COMPLETED	0	2026-04-15 14:15:48.782	3.4s	3.2s	235.0%	303.4 MB	8.5 GB	120 MB	69.8 MB
2859	1c/3a7d0c	63858	BUILD_ANNOTATION	COMPLETED	0	2026-04-15 14:15:52.209	1m 16s	1m 15s	128.2%	35 GB	1.3 TB	156.8 MB	76.6 MB
2860	39/9dd93e	117265	GENBANK	COMPLETED	0	2026-04-15 14:17:07.756	2.4s	2.2s	293.0%	109.5 MB	8.3 GB	31 MB	29.2 MB
